OuterFold,HeldOutGroup,Model,NumberFeaturesSelected,SelectedFeatures,SelectedHyperparameters,OuterTestAccuracy,OuterTestAccuracyPercent
1,Subject_1_Session1,Random Forest,32,LL37_30; MgCl_510; Caffeine_300; Pep28_60; MgCl_780; Lysozyme_420; Caffeine_450; BSA_30; CaCl_900; Caffeine_270; MgCl_30; CaCl_1140; MgCl_1080; CaCl_420; CaCl_30; MgCl_450; CaCl_90; Lysozyme_450; Caffeine_210; Lysozyme_1110; Pep28_300; MgCl_120; Pep28_810; Pep28_1350; MgCl_360; Pep28_840; LL37_840; BSA_90; CaCl_1020; Pep28_240; Caffeine_480; LL37_180,class_weight=balanced; max_depth=None; max_features=sqrt; min_samples_leaf=1; min_samples_split=5; n_estimators=800,0.5416666666666666,54.166666666666664
2,Subject_1_Session10,Random Forest,12,LL37_30; Pep28_60; CaCl_900; MgCl_510; MgCl_780; Caffeine_450; BSA_30; MgCl_30; Caffeine_270; Pep28_300; CaCl_210; Lysozyme_420,class_weight=None; max_depth=20; max_features=sqrt; min_samples_leaf=1; min_samples_split=2; n_estimators=800,0.5138888888888888,51.388888888888886
3,Subject_1_Session2,Random Forest,10,LL37_30; MgCl_510; Caffeine_300; MgCl_780; Lysozyme_420; Lysozyme_60; BSA_30; MgCl_30; Caffeine_450; CaCl_1020,class_weight=balanced; max_depth=10; max_features=sqrt; min_samples_leaf=1; min_samples_split=2; n_estimators=200,0.3194444444444444,31.944444444444443
4,Subject_1_Session3,Random Forest,12,LL37_30; Lysozyme_420; LL37_90; BSA_30; Caffeine_300; MgCl_780; MgCl_510; Pep28_300; Caffeine_270; Pep28_240; CaCl_90; Lysozyme_60,class_weight=balanced; max_depth=10; max_features=sqrt; min_samples_leaf=1; min_samples_split=5; n_estimators=200,0.3263888888888889,32.63888888888889
5,Subject_1_Session4,Random Forest,28,MgCl_780; Caffeine_300; LL37_30; MgCl_1080; MgCl_510; Lysozyme_420; BSA_30; Caffeine_270; Pep28_60; MgCl_30; Lysozyme_30; CaCl_900; Pep28_300; Pep28_240; Caffeine_450; MgCl_450; CaCl_90; MgCl_120; Lysine_210; CaCl_420; Lysozyme_60; LL37_180; CaCl_1140; Caffeine_210; LL37_840; LL37_750; LL37_1170; CaCl_1020,class_weight=None; max_depth=None; max_features=log2; min_samples_leaf=1; min_samples_split=5; n_estimators=800,0.3472222222222222,34.72222222222222
6,Subject_1_Session5,Random Forest,13,LL37_30; Pep28_60; Lysozyme_420; Caffeine_300; MgCl_510; BSA_30; Caffeine_450; Caffeine_270; MgCl_600; Pep28_240; Pep28_300; MgCl_780; CaCl_1020,class_weight=None; max_depth=None; max_features=sqrt; min_samples_leaf=2; min_samples_split=5; n_estimators=200,0.4166666666666667,41.66666666666667
7,Subject_1_Session6,Random Forest,22,LL37_30; Caffeine_300; CaCl_90; MgCl_510; MgCl_780; BSA_30; Caffeine_270; CaCl_900; Pep28_60; MgCl_120; CaCl_1020; Pep28_300; LL37_930; MgCl_1080; Lysozyme_60; MgCl_450; LL37_840; Lysozyme_420; Caffeine_210; MgCl_960; Caffeine_540; CaCl_1140,class_weight=balanced; max_depth=10; max_features=sqrt; min_samples_leaf=1; min_samples_split=2; n_estimators=400,0.2430555555555555,24.30555555555555
8,Subject_1_Session7,Random Forest,29,LL37_30; MgCl_510; MgCl_780; Pep28_60; Lysozyme_420; Caffeine_300; BSA_30; CaCl_90; CaCl_900; MgCl_30; Pep28_300; MgCl_120; MgCl_1080; CaCl_1140; Caffeine_450; Lysine_510; CaCl_30; Caffeine_270; Caffeine_210; Pep28_240; Pep28_1350; MgCl_960; MgCl_60; Lysozyme_30; LL37_840; MgCl_450; Lysine_450; LL37_630; CaCl_1020,class_weight=balanced; max_depth=20; max_features=log2; min_samples_leaf=1; min_samples_split=5; n_estimators=400,0.4722222222222222,47.22222222222222
9,Subject_1_Session8,Random Forest,32,MgCl_510; MgCl_780; LL37_30; Caffeine_300; Lysozyme_420; CaCl_900; Pep28_60; MgCl_30; Lysozyme_60; Pep28_240; Caffeine_210; BSA_30; Caffeine_270; Caffeine_480; MgCl_1080; BSA_270; CaCl_1020; MgCl_120; CaCl_30; LL37_840; Lysine_450; MgCl_270; LL37_1170; CaCl_1140; Lysozyme_1110; Pep28_30; Pep28_300; CaCl_420; Caffeine_450; CaCl_270; BSA_90; Caffeine_90,class_weight=None; max_depth=20; max_features=sqrt; min_samples_leaf=1; min_samples_split=2; n_estimators=400,0.4930555555555556,49.30555555555556
10,Subject_1_Session9,Random Forest,13,LL37_30; Lysozyme_420; MgCl_510; MgCl_780; Caffeine_300; Pep28_60; CaCl_900; Caffeine_210; Caffeine_450; Pep28_240; CaCl_90; BSA_30; Pep28_300,class_weight=None; max_depth=20; max_features=sqrt; min_samples_leaf=1; min_samples_split=10; n_estimators=400,0.5138888888888888,51.388888888888886
11,Subject_2_Session1,Random Forest,23,Lysozyme_420; LL37_30; MgCl_780; Caffeine_300; Pep28_60; Caffeine_270; Pep28_240; BSA_30; MgCl_510; MgCl_30; Lysozyme_450; CaCl_90; MgCl_120; LL37_840; MgCl_60; CaCl_900; Caffeine_210; MgCl_360; Pep28_300; MgCl_1080; Caffeine_450; Lysozyme_60; Pep28_210,class_weight=None; max_depth=20; max_features=sqrt; min_samples_leaf=1; min_samples_split=10; n_estimators=400,0.5763888888888888,57.638888888888886
12,Subject_2_Session10,Random Forest,18,LL37_30; Lysozyme_420; MgCl_510; Pep28_60; Caffeine_300; MgCl_30; Caffeine_270; Pep28_300; CaCl_900; MgCl_1080; MgCl_450; CaCl_90; Lysozyme_1110; Lysozyme_60; Pep28_240; MgCl_780; Caffeine_450; MgCl_120,class_weight=None; max_depth=20; max_features=sqrt; min_samples_leaf=2; min_samples_split=10; n_estimators=200,0.5972222222222222,59.72222222222222
13,Subject_2_Session2,Random Forest,16,MgCl_510; LL37_30; MgCl_780; Pep28_60; Lysozyme_420; CaCl_900; Caffeine_300; BSA_30; Pep28_300; Caffeine_210; Pep28_240; CaCl_1140; MgCl_1080; CaCl_90; MgCl_30; LL37_180,class_weight=balanced; max_depth=20; max_features=sqrt; min_samples_leaf=2; min_samples_split=10; n_estimators=400,0.5902777777777778,59.02777777777778
14,Subject_2_Session3,Random Forest,28,LL37_30; MgCl_510; Lysozyme_420; Caffeine_300; Pep28_60; BSA_30; MgCl_780; Pep28_300; Caffeine_270; Pep28_240; Pep28_210; MgCl_1080; Caffeine_210; Lysozyme_60; Lysozyme_30; MgCl_30; CaCl_90; MgCl_360; CaCl_1020; LL37_840; CaCl_1140; Lysozyme_450; Lysozyme_330; CaCl_900; BSA_270; LL37_180; MgCl_450; MgCl_600,class_weight=balanced; max_depth=None; max_features=log2; min_samples_leaf=1; min_samples_split=10; n_estimators=400,0.4791666666666667,47.91666666666667
15,Subject_2_Session4,Random Forest,24,LL37_30; MgCl_780; Pep28_60; Caffeine_300; Pep28_240; BSA_30; CaCl_90; Lysozyme_420; MgCl_450; CaCl_1140; MgCl_510; Lysozyme_60; Pep28_300; MgCl_30; MgCl_1080; Caffeine_270; Caffeine_210; CaCl_900; Lysine_450; CaCl_1020; BSA_270; LL37_180; MgCl_360; MgCl_120,class_weight=balanced; max_depth=None; max_features=sqrt; min_samples_leaf=1; min_samples_split=2; n_estimators=800,0.5486111111111112,54.861111111111114
16,Subject_2_Session5,Random Forest,8,LL37_30; MgCl_780; Pep28_60; Lysozyme_420; MgCl_510; Caffeine_300; CaCl_900; MgCl_30,class_weight=balanced; max_depth=10; max_features=sqrt; min_samples_leaf=1; min_samples_split=10; n_estimators=200,0.5625,56.25
17,Subject_2_Session6,Random Forest,15,LL37_30; MgCl_510; MgCl_780; Lysozyme_420; Caffeine_300; Caffeine_270; Caffeine_480; CaCl_1020; Lysozyme_450; MgCl_30; Lysozyme_60; Lysine_450; Caffeine_210; Pep28_300; CaCl_90,class_weight=balanced; max_depth=None; max_features=sqrt; min_samples_leaf=1; min_samples_split=5; n_estimators=800,0.5972222222222222,59.72222222222222
18,Subject_2_Session7,Random Forest,16,LL37_30; Pep28_60; Lysozyme_420; Lysine_450; Caffeine_300; MgCl_780; Caffeine_450; Lysozyme_60; CaCl_900; MgCl_510; CaCl_90; Pep28_300; Caffeine_210; MgCl_120; MgCl_360; MgCl_30,class_weight=balanced; max_depth=20; max_features=sqrt; min_samples_leaf=1; min_samples_split=10; n_estimators=200,0.2916666666666667,29.166666666666668
19,Subject_2_Session8,Random Forest,19,LL37_30; Pep28_60; MgCl_780; MgCl_510; Lysozyme_420; Lysozyme_60; Caffeine_300; CaCl_900; Caffeine_270; BSA_30; Pep28_240; MgCl_30; BSA_270; Caffeine_210; MgCl_360; Caffeine_450; Pep28_300; MgCl_450; Pep28_30,class_weight=None; max_depth=20; max_features=sqrt; min_samples_leaf=1; min_samples_split=10; n_estimators=400,0.5416666666666666,54.166666666666664
20,Subject_2_Session9,Random Forest,24,LL37_30; Pep28_60; MgCl_780; MgCl_30; Lysozyme_60; BSA_30; Caffeine_300; Pep28_240; Lysozyme_120; MgCl_510; Pep28_300; CaCl_900; MgCl_450; Lysozyme_420; Caffeine_480; Caffeine_270; Caffeine_450; Lysozyme_1110; MgCl_360; Caffeine_210; CaCl_90; BSA_90; MgCl_600; LL37_750,class_weight=None; max_depth=None; max_features=sqrt; min_samples_leaf=1; min_samples_split=10; n_estimators=800,0.0416666666666666,4.16666666666666
21,Subject_3_Session1,Random Forest,10,LL37_30; Caffeine_480; MgCl_510; Pep28_60; MgCl_780; Caffeine_300; Lysozyme_420; CaCl_900; MgCl_30; CaCl_1020,class_weight=balanced; max_depth=20; max_features=sqrt; min_samples_leaf=1; min_samples_split=2; n_estimators=800,0.2777777777777778,27.77777777777778
22,Subject_3_Session10,Random Forest,21,LL37_30; Pep28_60; MgCl_510; Lysozyme_420; MgCl_780; CaCl_900; Caffeine_270; BSA_30; Pep28_240; MgCl_30; Caffeine_300; Pep28_300; LL37_180; Lysine_450; LL37_840; MgCl_450; MgCl_60; LL37_630; Pep28_1350; MgCl_1080; CaCl_90,class_weight=None; max_depth=None; max_features=sqrt; min_samples_leaf=1; min_samples_split=5; n_estimators=400,0.5763888888888888,57.638888888888886
23,Subject_3_Session2,Random Forest,33,LL37_30; Lysozyme_420; MgCl_510; Pep28_60; MgCl_780; CaCl_900; Caffeine_270; Caffeine_300; BSA_30; MgCl_30; Pep28_240; Lysozyme_60; Pep28_300; BSA_270; MgCl_120; CaCl_90; MgCl_1080; LL37_840; Lysozyme_450; Caffeine_210; MgCl_450; MgCl_360; Lysozyme_1110; Lysozyme_30; CaCl_30; Caffeine_450; CaCl_1140; Caffeine_1230; MgCl_60; LL37_180; LL37_750; Pep28_1350; MgCl_420,class_weight=None; max_depth=None; max_features=sqrt; min_samples_leaf=1; min_samples_split=2; n_estimators=400,0.5208333333333334,52.083333333333336
24,Subject_3_Session3,Random Forest,34,LL37_30; MgCl_510; MgCl_30; Caffeine_270; BSA_30; MgCl_780; CaCl_90; Pep28_300; Lysozyme_420; MgCl_1080; CaCl_900; Pep28_60; Caffeine_450; MgCl_450; MgCl_120; MgCl_360; Pep28_240; Caffeine_210; Caffeine_30; Caffeine_300; Lysine_450; LL37_480; CaCl_690; Lysozyme_450; Lysozyme_60; BSA_270; CaCl_30; MgCl_60; CaCl_420; BSA_120; Pep28_1350; Pep28_30; MgCl_600; CaCl_1020,class_weight=balanced; max_depth=20; max_features=sqrt; min_samples_leaf=1; min_samples_split=5; n_estimators=400,0.2847222222222222,28.47222222222222
25,Subject_3_Session4,Random Forest,20,LL37_30; MgCl_510; MgCl_780; Lysozyme_420; CaCl_900; Pep28_60; MgCl_30; Pep28_240; Caffeine_270; MgCl_1080; BSA_30; Caffeine_300; Pep28_300; LL37_270; CaCl_1020; LL37_180; LL37_840; MgCl_120; MgCl_360; CaCl_1140,class_weight=balanced; max_depth=None; max_features=sqrt; min_samples_leaf=1; min_samples_split=5; n_estimators=200,0.6111111111111112,61.111111111111114
26,Subject_3_Session5,Random Forest,8,LL37_30; MgCl_510; Pep28_60; Lysozyme_420; MgCl_780; BSA_30; Pep28_240; Caffeine_300,class_weight=None; max_depth=20; max_features=sqrt; min_samples_leaf=4; min_samples_split=10; n_estimators=800,0.5138888888888888,51.388888888888886
27,Subject_3_Session6,Random Forest,13,LL37_30; BSA_30; Caffeine_300; MgCl_780; Pep28_60; Lysozyme_420; MgCl_360; LL37_150; MgCl_1080; MgCl_30; CaCl_900; Pep28_300; MgCl_120,class_weight=balanced; max_depth=10; max_features=sqrt; min_samples_leaf=2; min_samples_split=10; n_estimators=200,0.3333333333333333,33.33333333333333
28,Subject_3_Session7,Random Forest,19,Lysozyme_420; LL37_30; MgCl_510; Caffeine_300; Pep28_60; MgCl_780; Pep28_300; Pep28_240; BSA_30; MgCl_30; CaCl_900; Caffeine_270; Lysozyme_30; LL37_930; MgCl_360; MgCl_1080; MgCl_450; Lysine_450; LL37_750,class_weight=balanced; max_depth=None; max_features=sqrt; min_samples_leaf=1; min_samples_split=5; n_estimators=400,0.4166666666666667,41.66666666666667
29,Subject_3_Session8,Random Forest,31,Lysozyme_420; LL37_30; MgCl_780; Pep28_240; MgCl_510; Caffeine_300; CaCl_900; BSA_30; Pep28_60; Caffeine_270; Pep28_300; Lysozyme_60; Caffeine_450; Caffeine_480; CaCl_1140; CaCl_1020; MgCl_30; MgCl_1080; Caffeine_210; MgCl_450; CaCl_90; BSA_270; CaCl_30; Caffeine_540; Lysozyme_1110; LL37_840; Lysozyme_450; LL37_180; MgCl_360; MgCl_60; MgCl_120,class_weight=balanced; max_depth=None; max_features=log2; min_samples_leaf=1; min_samples_split=2; n_estimators=800,0.7083333333333334,70.83333333333334
30,Subject_3_Session9,Random Forest,15,LL37_30; MgCl_510; MgCl_780; Lysozyme_420; Caffeine_300; BSA_30; Caffeine_270; MgCl_1080; CaCl_900; LL37_840; Caffeine_480; Caffeine_30; Caffeine_450; Lysozyme_1110; Caffeine_210,class_weight=None; max_depth=None; max_features=sqrt; min_samples_leaf=1; min_samples_split=2; n_estimators=400,0.3125,31.25
1,Subject_1_Session1,SVM,133,CaCl_900; CaCl_840; CaCl_810; Lysozyme_990; CaCl_540; Pep28_540; CaCl_90; BSA_30; Lysozyme_1110; LL37_90; Lysozyme_420; MgCl_450; LL37_570; CaCl_420; Lysozyme_330; MgCl_30; MgCl_510; CaCl_630; Lysozyme_1350; MgCl_1260; MgCl_600; MgCl_360; CaCl_600; Pep28_450; Lysozyme_540; BSA_180; Lysine_900; Lysozyme_600; LL37_690; Lysine_420; BSA_270; Caffeine_300; Caffeine_750; Lysine_1260; Lysozyme_570; LL37_750; CaCl_330; Caffeine_360; Caffeine_450; Caffeine_540; Lysine_390; Caffeine_480; Lysine_210; Lysozyme_270; Pep28_300; Caffeine_330; CaCl_1170; CaCl_1020; BSA_120; Pep28_600; Pep28_210; CaCl_870; Caffeine_390; Caffeine_270; Pep28_1050; BSA_1260; BSA_90; Pep28_960; MgCl_960; CaCl_1260; CaCl_210; Pep28_420; MgCl_780; LL37_930; Lysozyme_120; CaCl_780; Caffeine_210; CaCl_750; LL37_900; LL37_270; Pep28_630; Lysozyme_750; Caffeine_60; Lysine_630; Pep28_360; LL37_1140; Pep28_840; LL37_840; Lysine_1350; MgCl_270; MgCl_630; BSA_900; BSA_690; Lysozyme_810; CaCl_1140; BSA_1170; MgCl_1170; Caffeine_1140; Pep28_1350; Caffeine_1200; Pep28_240; Caffeine_1290; Pep28_1320; LL37_510; LL37_630; Pep28_60; Lysine_1140; Pep28_30; Pep28_1200; BSA_1110; LL37_1020; LL37_480; Lysozyme_510; BSA_570; BSA_240; Lysine_450; Caffeine_660; CaCl_930; Pep28_900; LL37_1200; Caffeine_600; CaCl_300; Caffeine_90; Caffeine_1170; Lysozyme_1260; Caffeine_780; Lysozyme_300; CaCl_150; CaCl_390; Caffeine_420; Lysine_750; Caffeine_690; LL37_1290; Pep28_870; CaCl_570; LL37_60; CaCl_1290; Pep28_810; LL37_180; BSA_750; MgCl_1080; CaCl_1230; CaCl_960,C=1; class_weight=None; kernel=linear,0.5763888888888888,57.638888888888886
2,Subject_1_Session10,SVM,96,CaCl_900; CaCl_810; CaCl_840; Lysozyme_990; CaCl_540; Pep28_540; BSA_30; CaCl_90; LL37_90; Lysozyme_1110; MgCl_450; Lysozyme_540; LL37_570; Lysozyme_420; Lysozyme_1350; CaCl_600; MgCl_360; MgCl_30; CaCl_630; MgCl_510; Lysine_420; Lysine_1260; Caffeine_540; Caffeine_360; Lysine_900; LL37_690; Caffeine_450; Lysozyme_330; CaCl_420; BSA_270; LL37_750; CaCl_1020; Lysozyme_270; Lysine_390; Lysozyme_600; Caffeine_750; MgCl_1260; MgCl_600; Pep28_420; CaCl_210; MgCl_960; Pep28_900; CaCl_870; Caffeine_270; Pep28_240; LL37_900; BSA_90; Pep28_300; Caffeine_210; Pep28_450; Pep28_360; LL37_630; Lysozyme_120; Caffeine_300; BSA_180; Caffeine_330; Pep28_60; Lysozyme_510; Lysine_210; Lysozyme_630; CaCl_1170; Caffeine_390; BSA_1260; LL37_1260; LL37_930; BSA_1170; LL37_270; CaCl_930; CaCl_750; LL37_480; LL37_180; CaCl_780; Caffeine_600; Caffeine_780; LL37_1140; LL37_60; Lysozyme_570; LL37_840; BSA_690; MgCl_300; CaCl_1260; MgCl_1170; Caffeine_480; Lysine_630; MgCl_930; MgCl_780; Pep28_210; Lysine_90; BSA_120; CaCl_1140; CaCl_300; Caffeine_660; CaCl_150; BSA_1110; Caffeine_690; Pep28_1050,C=1; class_weight=None; kernel=linear,0.6666666666666666,66.66666666666666
3,Subject_1_Session2,SVM,114,CaCl_900; CaCl_810; CaCl_840; Pep28_540; Lysozyme_990; Lysozyme_540; BSA_30; CaCl_90; CaCl_540; LL37_90; Lysine_1260; Lysozyme_420; LL37_570; MgCl_510; Lysozyme_1110; MgCl_450; MgCl_1260; Caffeine_300; CaCl_870; CaCl_630; MgCl_30; CaCl_600; MgCl_360; Lysozyme_1350; Pep28_900; Lysozyme_600; CaCl_1020; Lysozyme_570; Lysine_390; BSA_180; Caffeine_360; Caffeine_750; Caffeine_270; MgCl_600; Caffeine_450; Caffeine_480; Lysozyme_270; LL37_690; Pep28_300; Caffeine_540; CaCl_420; BSA_270; Lysine_210; CaCl_360; Lysine_900; CaCl_210; Lysine_420; LL37_750; MgCl_780; LL37_930; LL37_1260; Lysozyme_330; Pep28_420; Lysozyme_120; Pep28_360; BSA_90; LL37_630; Lysine_630; Caffeine_210; Pep28_450; BSA_1260; BSA_120; CaCl_1170; CaCl_1260; LL37_270; BSA_1170; Pep28_1050; CaCl_780; CaCl_1140; LL37_480; Caffeine_390; CaCl_1290; LL37_1290; MgCl_960; Caffeine_1200; LL37_900; Caffeine_330; LL37_60; CaCl_510; CaCl_750; Lysozyme_300; Pep28_840; Lysine_480; MgCl_540; CaCl_720; MgCl_180; LL37_1200; Lysozyme_720; Pep28_210; Pep28_60; Lysozyme_390; Caffeine_60; Lysine_510; Pep28_240; BSA_690; Pep28_1020; Lysozyme_1260; Lysozyme_1050; Caffeine_1140; MgCl_270; MgCl_1170; LL37_840; Pep28_600; MgCl_750; Caffeine_690; Caffeine_1170; Pep28_1200; Lysine_1050; Pep28_1350; Lysozyme_750; Caffeine_1290; Caffeine_600; BSA_1110; Lysozyme_690,C=1; class_weight=balanced; kernel=linear,0.5625,56.25
4,Subject_1_Session3,SVM,112,CaCl_900; CaCl_840; CaCl_810; Lysozyme_990; Pep28_540; CaCl_540; BSA_30; LL37_90; CaCl_90; Lysozyme_420; Lysozyme_540; LL37_570; MgCl_30; MgCl_450; Lysozyme_1110; Lysozyme_1350; CaCl_870; Caffeine_300; MgCl_510; MgCl_1260; CaCl_630; CaCl_1020; MgCl_600; Caffeine_750; Lysine_1260; MgCl_360; Lysine_900; LL37_690; BSA_180; CaCl_600; Lysozyme_330; Caffeine_540; Caffeine_270; Lysozyme_570; Caffeine_450; BSA_270; Caffeine_360; Lysine_210; Lysozyme_120; Pep28_300; Lysine_390; Lysine_420; CaCl_420; Lysozyme_270; Lysine_630; Lysozyme_600; Pep28_240; LL37_750; MgCl_960; Pep28_420; Lysozyme_1260; CaCl_330; Pep28_210; Pep28_360; Caffeine_390; LL37_510; CaCl_360; BSA_1260; CaCl_1260; Caffeine_210; Caffeine_330; Lysine_1050; LL37_270; Pep28_450; Caffeine_60; CaCl_210; Pep28_600; LL37_630; LL37_1260; BSA_90; Caffeine_480; CaCl_750; MgCl_780; LL37_930; CaCl_1170; BSA_120; BSA_900; CaCl_1140; CaCl_780; BSA_1110; Lysine_450; Pep28_900; LL37_1290; Caffeine_1200; LL37_1140; BSA_300; Pep28_60; Pep28_1050; Lysozyme_720; Lysozyme_300; BSA_690; MgCl_930; MgCl_270; Pep28_630; CaCl_150; CaCl_570; LL37_840; BSA_570; Caffeine_420; MgCl_1170; Caffeine_780; Pep28_1350; Caffeine_690; Caffeine_1140; Caffeine_90; LL37_480; CaCl_300; Pep28_1020; BSA_1170; MgCl_540; Lysine_720; LL37_180,C=10; class_weight=None; kernel=linear,0.5138888888888888,51.388888888888886
5,Subject_1_Session4,SVM,147,CaCl_900; CaCl_840; Lysozyme_990; CaCl_810; CaCl_540; Pep28_540; BSA_30; Lysozyme_1110; MgCl_30; MgCl_450; CaCl_90; Lysozyme_1350; MgCl_600; Lysozyme_540; Lysozyme_420; LL37_690; MgCl_510; Caffeine_300; CaCl_330; MgCl_780; Pep28_300; Lysine_210; MgCl_1260; LL37_60; Caffeine_450; LL37_570; CaCl_1020; Caffeine_270; Lysine_1260; MgCl_360; Caffeine_750; Caffeine_330; BSA_270; Pep28_360; CaCl_600; Lysozyme_570; Lysozyme_330; Caffeine_210; Caffeine_360; Lysozyme_270; BSA_180; BSA_1260; Lysozyme_600; Lysozyme_120; Pep28_240; CaCl_420; MgCl_960; LL37_750; CaCl_630; Caffeine_480; BSA_1170; Caffeine_540; CaCl_780; Pep28_900; LL37_1260; LL37_1290; Lysine_660; LL37_930; Lysozyme_720; LL37_630; LL37_480; Lysozyme_630; Caffeine_60; BSA_120; CaCl_870; Lysine_1050; CaCl_1260; Pep28_30; Caffeine_390; CaCl_1140; LL37_270; Caffeine_1200; MgCl_1080; Lysozyme_1260; LL37_510; LL37_900; CaCl_1170; LL37_1140; Pep28_600; Pep28_1020; LL37_1020; Lysine_420; Lysozyme_1050; BSA_690; LL37_1200; Caffeine_1290; Pep28_420; Caffeine_1170; CaCl_210; LL37_540; BSA_750; Lysine_630; Pep28_210; Caffeine_600; Lysine_390; Pep28_1350; CaCl_1290; MgCl_1170; LL37_840; Lysine_900; Caffeine_420; Pep28_450; Pep28_630; BSA_1110; MgCl_570; Pep28_870; LL37_180; Caffeine_660; MgCl_270; CaCl_150; Pep28_840; MgCl_750; MgCl_300; Lysozyme_750; Caffeine_510; Caffeine_690; BSA_90; Lysozyme_810; LL37_1230; CaCl_360; MgCl_930; Pep28_1050; CaCl_750; LL37_90; CaCl_510; Lysozyme_900; Pep28_60; MgCl_540; CaCl_450; Lysine_150; BSA_210; BSA_390; Caffeine_780; Caffeine_1140; Lysozyme_300; Caffeine_1260; BSA_900; Caffeine_1110; Lysozyme_30; CaCl_270; Pep28_1200; Lysozyme_1170; Pep28_1110; MgCl_120; Pep28_330; CaCl_930; BSA_1290,C=100; class_weight=balanced; kernel=linear,0.1736111111111111,17.36111111111111
6,Subject_1_Session5,SVM,119,Lysozyme_990; BSA_30; Pep28_540; CaCl_540; Lysozyme_1110; LL37_90; Lysozyme_420; CaCl_90; Lysozyme_540; LL37_570; MgCl_450; CaCl_630; Lysine_1260; MgCl_600; Caffeine_300; MgCl_30; MgCl_510; Lysozyme_1350; Lysine_900; MgCl_1260; MgCl_360; CaCl_600; Caffeine_750; CaCl_1020; Lysozyme_330; Caffeine_540; LL37_690; Caffeine_450; BSA_270; Lysozyme_570; Caffeine_360; Caffeine_270; LL37_750; Lysozyme_270; Pep28_240; BSA_120; Lysine_390; BSA_180; Pep28_900; Lysozyme_600; Lysozyme_120; BSA_90; LL37_900; Caffeine_330; BSA_690; Lysine_420; CaCl_1170; Pep28_300; Caffeine_210; LL37_930; Lysine_630; LL37_480; Pep28_600; Pep28_360; Lysine_210; CaCl_210; Caffeine_390; CaCl_750; MgCl_780; MgCl_960; LL37_270; Caffeine_480; Pep28_420; LL37_1260; Pep28_1050; CaCl_1260; Pep28_30; Lysine_450; LL37_180; CaCl_420; LL37_1140; LL37_630; LL37_1200; Caffeine_1200; BSA_1260; LL37_60; CaCl_780; Caffeine_660; Pep28_210; MgCl_270; Lysozyme_720; BSA_1170; Pep28_450; LL37_840; CaCl_1290; Lysozyme_300; Pep28_60; Caffeine_90; Pep28_630; LL37_1020; Pep28_1350; LL37_510; Caffeine_60; CaCl_360; Caffeine_1140; LL37_660; BSA_1110; BSA_570; CaCl_870; CaCl_1140; LL37_1290; Lysozyme_510; Lysozyme_900; Lysine_90; Lysine_1350; BSA_900; Lysine_1080; CaCl_900; Pep28_1020; Caffeine_600; Lysine_1050; BSA_390; BSA_630; Lysozyme_1260; Caffeine_1290; MgCl_1170; Caffeine_420; CaCl_960; Lysozyme_750,C=10; class_weight=balanced; kernel=linear,0.6527777777777778,65.27777777777779
7,Subject_1_Session6,SVM,151,CaCl_900; CaCl_810; CaCl_840; Lysozyme_990; Lysozyme_1110; CaCl_90; Lysozyme_420; BSA_30; LL37_90; MgCl_450; MgCl_1260; Lysozyme_1350; LL37_570; MgCl_510; Lysine_1260; LL37_690; Caffeine_750; Lysozyme_270; MgCl_360; Lysozyme_570; Caffeine_450; CaCl_630; Caffeine_300; Lysozyme_330; BSA_180; Lysine_900; CaCl_1020; CaCl_420; Caffeine_360; BSA_270; CaCl_600; LL37_630; Pep28_300; LL37_750; Lysozyme_510; MgCl_30; Lysine_390; CaCl_1170; LL37_270; LL37_1260; Caffeine_330; MgCl_600; Lysine_210; LL37_900; Caffeine_270; CaCl_1260; LL37_930; Lysine_420; BSA_1170; Pep28_450; Lysozyme_120; BSA_90; Lysozyme_1260; MgCl_780; CaCl_1140; BSA_120; Lysozyme_300; Pep28_30; Pep28_900; BSA_1260; Pep28_840; Pep28_60; Caffeine_1200; CaCl_210; Pep28_360; Pep28_570; CaCl_360; BSA_690; Lysine_630; CaCl_750; Caffeine_210; CaCl_150; Lysozyme_600; Pep28_210; Pep28_1050; Pep28_420; Caffeine_660; LL37_480; Lysozyme_750; LL37_30; CaCl_780; Caffeine_540; LL37_1200; MgCl_1170; BSA_300; LL37_1290; Caffeine_390; CaCl_570; MgCl_960; LL37_120; LL37_600; Lysozyme_720; BSA_750; Caffeine_60; MgCl_750; BSA_1110; LL37_840; Caffeine_420; MgCl_270; Pep28_960; CaCl_1290; BSA_900; CaCl_330; LL37_1140; Pep28_630; Pep28_240; Lysozyme_900; Pep28_1200; Caffeine_1170; CaCl_300; Pep28_1020; CaCl_870; Caffeine_1290; BSA_570; Caffeine_1140; Lysozyme_150; Pep28_600; LL37_60; Caffeine_600; Pep28_1350; Lysozyme_780; MgCl_300; Lysozyme_690; MgCl_930; Lysine_540; Lysine_1080; Caffeine_90; Lysine_1140; Pep28_180; Lysozyme_1050; Lysozyme_450; Caffeine_480; Caffeine_810; BSA_240; Lysine_450; CaCl_720; Lysozyme_1170; CaCl_960; Caffeine_690; BSA_630; BSA_600; Pep28_870; Lysine_480; BSA_1290; Lysozyme_1320; Lysine_90; MgCl_390; MgCl_120; Lysine_510; Caffeine_1110; CaCl_540,C=1; class_weight=balanced; kernel=linear,0.3125,31.25
8,Subject_1_Session7,SVM,101,CaCl_900; CaCl_840; CaCl_810; Pep28_540; CaCl_540; LL37_90; BSA_30; CaCl_90; LL37_570; MgCl_450; Lysozyme_540; MgCl_30; CaCl_600; CaCl_420; MgCl_510; Lysozyme_420; MgCl_360; Caffeine_300; LL37_690; CaCl_1020; MgCl_600; CaCl_870; Caffeine_750; Lysine_210; Lysozyme_570; LL37_750; BSA_270; Caffeine_540; Lysine_900; BSA_180; Lysozyme_600; Caffeine_450; Caffeine_270; Pep28_240; Pep28_420; Lysozyme_330; Pep28_900; LL37_900; Lysozyme_270; Lysine_390; MgCl_960; Pep28_300; BSA_120; MgCl_780; BSA_90; BSA_690; Lysozyme_120; Lysine_420; LL37_270; Caffeine_480; CaCl_210; Caffeine_360; Lysozyme_990; Pep28_450; LL37_930; LL37_480; Caffeine_330; CaCl_1170; Caffeine_210; Caffeine_1200; Caffeine_600; BSA_1170; Pep28_1050; CaCl_750; Pep28_30; Lysozyme_1350; Pep28_360; Pep28_60; Lysozyme_300; CaCl_1140; CaCl_780; LL37_1290; Pep28_840; Pep28_210; LL37_840; CaCl_1290; Lysine_270; Caffeine_420; LL37_180; LL37_1140; CaCl_360; CaCl_1260; LL37_510; Lysozyme_1260; Lysine_1260; BSA_570; MgCl_1170; LL37_1200; Caffeine_780; Caffeine_60; Caffeine_690; MgCl_540; Caffeine_90; Pep28_1350; Pep28_1320; LL37_1020; Pep28_1020; MgCl_930; MgCl_270; CaCl_150; LL37_60,C=10; class_weight=None; kernel=linear,0.5902777777777778,59.02777777777778
9,Subject_1_Session8,SVM,117,CaCl_900; CaCl_810; CaCl_840; Pep28_540; Lysozyme_990; CaCl_540; Lysozyme_420; Lysozyme_540; LL37_570; BSA_30; MgCl_30; Lysozyme_1110; CaCl_630; Lysine_390; LL37_90; MgCl_510; Lysozyme_1350; CaCl_420; Caffeine_300; MgCl_450; Lysine_1260; Lysozyme_270; MgCl_1260; Lysozyme_330; Lysine_420; BSA_270; Caffeine_480; CaCl_1260; CaCl_1020; Lysine_900; LL37_690; MgCl_780; BSA_180; MgCl_360; CaCl_600; CaCl_90; Caffeine_270; Pep28_420; Caffeine_750; Lysozyme_570; LL37_750; Lysine_210; Pep28_300; Caffeine_390; Caffeine_450; LL37_900; LL37_1260; Lysine_630; Lysozyme_120; Pep28_630; Lysozyme_600; Pep28_900; Caffeine_360; LL37_930; BSA_90; BSA_120; LL37_480; Caffeine_210; CaCl_1290; Caffeine_90; CaCl_870; Pep28_30; Pep28_1050; CaCl_1170; MgCl_600; Pep28_1350; Caffeine_660; BSA_1110; CaCl_210; Pep28_210; Caffeine_60; LL37_270; Caffeine_1140; Lysozyme_300; Lysine_450; Lysozyme_30; MgCl_960; BSA_630; CaCl_30; Caffeine_540; Caffeine_1200; Pep28_240; BSA_1170; LL37_840; BSA_1260; CaCl_750; Pep28_360; Caffeine_420; CaCl_1140; Lysozyme_900; MgCl_270; Caffeine_780; LL37_1200; MgCl_930; CaCl_780; LL37_1290; Pep28_120; BSA_690; LL37_1140; Lysine_480; CaCl_150; CaCl_390; Caffeine_1170; Pep28_1200; BSA_750; LL37_420; MgCl_1170; LL37_510; Lysozyme_210; Pep28_840; Lysozyme_750; Lysozyme_780; LL37_60; Pep28_60; Lysozyme_390; CaCl_570; Pep28_1020,C=100; class_weight=None; kernel=linear,0.5833333333333334,58.333333333333336
10,Subject_1_Session9,SVM,94,CaCl_900; CaCl_810; CaCl_840; Lysozyme_990; Pep28_540; LL37_90; CaCl_540; Lysozyme_540; Lysozyme_1350; BSA_30; LL37_570; Lysozyme_1110; Lysozyme_330; LL37_630; CaCl_90; Lysozyme_420; MgCl_30; MgCl_1260; Lysine_1260; CaCl_600; MgCl_450; LL37_690; MgCl_360; MgCl_510; CaCl_630; Caffeine_300; CaCl_360; LL37_930; CaCl_1020; Lysine_630; CaCl_420; CaCl_870; Pep28_300; Lysine_390; Lysozyme_570; Pep28_240; Caffeine_540; Caffeine_270; Caffeine_450; BSA_90; LL37_750; Pep28_900; CaCl_1170; Lysozyme_120; Caffeine_750; MgCl_600; Lysine_900; CaCl_1260; Pep28_840; Caffeine_1200; Caffeine_480; MgCl_300; BSA_270; LL37_510; Caffeine_360; Caffeine_330; Lysine_420; Pep28_60; Caffeine_660; LL37_60; CaCl_1140; Lysozyme_300; MgCl_930; CaCl_330; Caffeine_210; Pep28_1050; BSA_690; LL37_180; BSA_180; MgCl_960; Lysozyme_750; Lysine_210; Lysozyme_630; BSA_1320; Caffeine_90; LL37_900; LL37_1200; LL37_840; LL37_1140; LL37_1080; Pep28_600; CaCl_780; BSA_120; BSA_1110; LL37_600; Caffeine_780; Lysozyme_780; Lysozyme_1260; MgCl_780; BSA_1170; MgCl_1170; Lysozyme_720; Caffeine_390; Caffeine_60,C=100; class_weight=None; kernel=linear,0.3888888888888889,38.88888888888889
11,Subject_2_Session1,SVM,105,CaCl_840; CaCl_900; CaCl_810; Lysozyme_990; Pep28_540; CaCl_540; Lysozyme_420; Lysozyme_1110; LL37_90; MgCl_1260; Lysozyme_540; CaCl_90; MgCl_450; BSA_30; CaCl_600; LL37_570; MgCl_360; MgCl_30; Caffeine_390; Caffeine_300; Lysine_630; MgCl_510; CaCl_1260; CaCl_390; MgCl_600; Caffeine_270; LL37_750; BSA_270; Lysozyme_570; BSA_180; Lysine_1260; Caffeine_540; Lysozyme_1350; Lysozyme_330; CaCl_330; Lysozyme_270; LL37_1260; Pep28_450; Caffeine_480; Caffeine_450; LL37_900; Lysozyme_120; Caffeine_210; Pep28_420; LL37_690; Caffeine_750; Caffeine_600; Caffeine_360; Pep28_300; Lysine_390; CaCl_1020; BSA_690; CaCl_870; MgCl_780; Caffeine_330; Lysine_210; Pep28_900; LL37_270; Lysine_900; CaCl_750; Pep28_240; CaCl_630; LL37_930; MgCl_1170; Lysine_420; BSA_1260; CaCl_360; CaCl_480; Lysine_270; BSA_120; CaCl_210; Pep28_210; CaCl_1170; LL37_60; BSA_1170; Lysozyme_600; BSA_1110; Pep28_360; LL37_1290; LL37_1140; Caffeine_660; Lysozyme_810; Lysozyme_690; LL37_480; CaCl_1140; BSA_90; Caffeine_90; Lysozyme_300; MgCl_960; MgCl_270; Pep28_60; Lysozyme_900; Caffeine_1140; Lysozyme_1260; LL37_840; LL37_1020; Pep28_1020; Pep28_30; Lysozyme_1050; LL37_450; Pep28_1350; Lysozyme_510; BSA_750; BSA_900; CaCl_780,C=10; class_weight=None; gamma=0.001; kernel=rbf,0.5625,56.25
12,Subject_2_Session10,SVM,100,CaCl_900; CaCl_810; CaCl_840; Lysozyme_990; Pep28_540; Lysozyme_1110; LL37_90; CaCl_540; CaCl_90; MgCl_450; LL37_570; BSA_30; Lysozyme_420; Lysozyme_540; Caffeine_300; MgCl_30; Lysine_1260; MgCl_1260; MgCl_510; CaCl_600; Caffeine_270; CaCl_630; Lysine_210; Lysozyme_1350; CaCl_1020; CaCl_420; Lysozyme_270; Lysozyme_570; BSA_120; Lysine_390; Lysozyme_330; Caffeine_390; LL37_690; Caffeine_750; BSA_180; CaCl_870; Caffeine_540; Pep28_300; MgCl_600; Pep28_360; Caffeine_480; LL37_480; Caffeine_360; Lysozyme_600; MgCl_360; Caffeine_210; Pep28_630; CaCl_1260; Lysine_900; Lysozyme_120; Lysine_270; Caffeine_450; Pep28_240; Pep28_420; Lysozyme_1260; Pep28_450; Lysine_630; Pep28_60; Caffeine_330; Caffeine_660; MgCl_780; CaCl_210; BSA_1170; LL37_750; CaCl_1140; LL37_900; LL37_1260; Lysine_420; LL37_630; Caffeine_600; BSA_690; Caffeine_90; Caffeine_690; BSA_1260; Caffeine_420; LL37_60; Pep28_30; LL37_270; CaCl_780; LL37_180; CaCl_750; LL37_930; CaCl_300; LL37_1020; Lysozyme_1050; BSA_90; MgCl_960; CaCl_1170; BSA_270; Caffeine_1290; Caffeine_1200; BSA_1110; Pep28_900; Lysozyme_900; Caffeine_1170; Lysozyme_300; LL37_840; MgCl_270; MgCl_750; MgCl_1170,C=1; class_weight=balanced; gamma=0.001; kernel=rbf,0.5694444444444444,56.94444444444444
13,Subject_2_Session2,SVM,93,CaCl_900; CaCl_840; CaCl_810; Lysozyme_990; Pep28_540; LL37_90; CaCl_540; BSA_30; CaCl_90; Lysozyme_420; MgCl_450; Lysozyme_540; Lysozyme_1110; Lysine_1260; CaCl_330; CaCl_630; MgCl_510; Caffeine_300; MgCl_30; CaCl_1020; Lysozyme_1350; CaCl_870; Caffeine_750; MgCl_1260; Pep28_300; LL37_690; CaCl_420; MgCl_600; Lysozyme_270; LL37_570; CaCl_600; Caffeine_540; BSA_270; MgCl_360; Lysozyme_330; Caffeine_450; Caffeine_210; CaCl_360; BSA_180; Lysozyme_120; Lysozyme_600; LL37_900; Lysine_390; LL37_750; Caffeine_360; Pep28_900; CaCl_1260; MgCl_780; Pep28_240; Pep28_360; Caffeine_480; Lysine_420; Lysozyme_570; Caffeine_390; BSA_120; CaCl_210; LL37_1260; Lysine_900; Pep28_450; Lysine_210; Pep28_210; Caffeine_330; MgCl_960; LL37_630; BSA_1170; CaCl_1170; LL37_930; Caffeine_660; BSA_90; Lysine_630; Lysozyme_1260; Lysine_450; Pep28_30; Pep28_420; LL37_270; MgCl_1170; LL37_480; BSA_750; BSA_690; LL37_60; Pep28_600; LL37_840; CaCl_1290; Pep28_1050; CaCl_780; LL37_180; Caffeine_690; Caffeine_420; Pep28_840; Caffeine_90; Caffeine_600; Pep28_60; Pep28_630,C=10; class_weight=None; gamma=0.001; kernel=rbf,0.75,75.0
14,Subject_2_Session3,SVM,100,CaCl_900; CaCl_840; CaCl_810; Lysozyme_990; CaCl_90; BSA_30; Lysozyme_540; CaCl_540; Lysozyme_420; Caffeine_300; LL37_570; LL37_90; CaCl_630; Pep28_540; MgCl_450; MgCl_510; Pep28_240; MgCl_1260; MgCl_30; Lysozyme_330; Pep28_600; Lysozyme_1110; BSA_180; CaCl_870; MgCl_600; CaCl_1020; LL37_510; Lysozyme_1350; Lysine_1260; CaCl_420; Pep28_300; Caffeine_750; BSA_120; Lysine_390; CaCl_1260; Caffeine_210; Pep28_360; BSA_270; Caffeine_360; MgCl_360; Lysozyme_570; LL37_270; CaCl_600; Pep28_900; LL37_690; Lysozyme_510; Lysine_630; CaCl_1170; LL37_750; CaCl_1290; CaCl_930; Lysozyme_120; MgCl_780; Lysine_900; Lysine_210; BSA_90; CaCl_390; Caffeine_270; Lysozyme_270; Caffeine_330; Caffeine_540; Lysine_420; Pep28_420; Pep28_60; Pep28_210; CaCl_210; Caffeine_90; LL37_60; LL37_930; CaCl_120; CaCl_360; BSA_750; BSA_690; Lysozyme_1050; Pep28_630; BSA_1110; Pep28_30; Caffeine_420; Caffeine_660; Caffeine_1200; Caffeine_1170; Pep28_1350; MgCl_930; LL37_900; BSA_1170; Pep28_1050; Lysine_360; Caffeine_390; Caffeine_690; CaCl_780; Lysine_270; BSA_900; MgCl_960; BSA_1260; Caffeine_450; Caffeine_480; MgCl_750; CaCl_750; LL37_840; MgCl_840,C=1; class_weight=None; gamma=0.001; kernel=rbf,0.5416666666666666,54.166666666666664
15,Subject_2_Session4,SVM,95,CaCl_840; CaCl_900; CaCl_810; CaCl_90; Lysozyme_990; Pep28_540; LL37_90; BSA_30; LL37_570; Lysine_1260; Lysozyme_1350; Lysozyme_1110; MgCl_450; CaCl_540; LL37_270; CaCl_630; Lysozyme_420; MgCl_1260; Lysozyme_540; Pep28_450; Caffeine_300; BSA_90; MgCl_30; Caffeine_750; Caffeine_270; Caffeine_450; BSA_270; CaCl_870; LL37_750; CaCl_420; MgCl_360; Lysine_900; Lysozyme_570; MgCl_510; Lysine_390; LL37_630; CaCl_1020; BSA_120; BSA_180; CaCl_210; Pep28_420; Pep28_240; LL37_690; Pep28_300; Caffeine_390; Caffeine_90; Caffeine_360; Caffeine_210; Lysozyme_120; Pep28_900; Lysine_210; Caffeine_480; Lysozyme_270; Caffeine_330; CaCl_600; Pep28_60; Pep28_840; CaCl_1260; Pep28_360; CaCl_780; BSA_1260; MgCl_960; LL37_510; Lysozyme_300; MgCl_780; Pep28_600; CaCl_1290; CaCl_1140; Caffeine_1200; Lysine_420; Lysozyme_330; CaCl_1170; Caffeine_660; Lysine_1350; MgCl_570; MgCl_600; LL37_930; BSA_690; Lysine_450; Lysozyme_1260; Lysozyme_510; Lysine_60; LL37_840; LL37_1290; Caffeine_540; Pep28_1320; LL37_1020; LL37_480; BSA_750; Caffeine_1290; Lysozyme_720; Caffeine_420; MgCl_750; BSA_1170; MgCl_270,C=1; class_weight=balanced; kernel=linear,0.5277777777777778,52.77777777777778
16,Subject_2_Session5,SVM,65,CaCl_900; CaCl_840; CaCl_810; Lysozyme_990; CaCl_540; Lysozyme_1110; LL37_90; CaCl_90; Pep28_540; BSA_30; Lysozyme_1350; Lysozyme_420; MgCl_450; MgCl_30; LL37_570; Caffeine_300; Lysine_1260; CaCl_630; MgCl_1260; MgCl_360; Caffeine_540; Lysine_900; BSA_270; CaCl_1020; Lysozyme_540; MgCl_510; CaCl_420; Caffeine_270; Caffeine_330; Caffeine_750; Lysozyme_570; Pep28_900; Caffeine_360; BSA_90; LL37_900; CaCl_600; LL37_690; CaCl_870; BSA_1260; Lysozyme_600; Lysozyme_270; CaCl_1260; CaCl_1170; Lysine_210; MgCl_600; BSA_180; Caffeine_390; LL37_750; MgCl_780; Lysine_390; Pep28_600; BSA_120; Pep28_630; Pep28_210; CaCl_780; Pep28_300; Caffeine_210; Lysine_420; Lysozyme_120; Pep28_60; LL37_480; Caffeine_450; Pep28_240; Lysine_630; MgCl_960,C=10; class_weight=None; kernel=linear,0.6388888888888888,63.888888888888886
17,Subject_2_Session6,SVM,103,CaCl_840; CaCl_900; CaCl_810; Lysozyme_990; Pep28_540; CaCl_540; Lysozyme_1110; LL37_90; BSA_30; LL37_570; Lysozyme_420; MgCl_1260; CaCl_90; Lysine_1260; Lysozyme_540; MgCl_450; CaCl_630; MgCl_600; MgCl_30; Caffeine_300; MgCl_360; CaCl_1020; LL37_690; Lysozyme_1350; MgCl_510; Caffeine_750; Lysozyme_330; BSA_270; Lysine_900; CaCl_420; Caffeine_390; BSA_180; Caffeine_270; LL37_900; Caffeine_360; Caffeine_540; LL37_750; Pep28_900; Lysozyme_570; Pep28_300; Pep28_420; Lysozyme_270; Lysine_210; CaCl_870; CaCl_210; Lysozyme_120; MgCl_780; CaCl_1170; Pep28_240; MgCl_630; Pep28_600; Caffeine_480; BSA_1260; CaCl_1260; Caffeine_330; Caffeine_210; CaCl_360; Pep28_450; BSA_690; Lysozyme_1260; Lysozyme_600; BSA_120; BSA_90; Lysine_630; CaCl_330; BSA_1170; MgCl_960; LL37_510; CaCl_600; CaCl_780; LL37_630; Lysine_420; Caffeine_450; Pep28_60; LL37_480; Lysine_390; Caffeine_600; Pep28_360; Lysine_270; CaCl_750; Pep28_630; LL37_1260; LL37_270; LL37_1290; CaCl_1290; Caffeine_420; Pep28_210; Lysozyme_510; LL37_60; Pep28_1050; LL37_1140; Caffeine_1200; Caffeine_1170; Pep28_1350; Caffeine_90; CaCl_960; Lysozyme_300; LL37_1200; Pep28_840; Caffeine_660; LL37_1020; MgCl_1170; MgCl_270,C=100; class_weight=balanced; kernel=linear,0.8263888888888888,82.63888888888889
18,Subject_2_Session7,SVM,91,CaCl_900; CaCl_810; CaCl_840; Lysozyme_990; CaCl_540; Pep28_540; CaCl_90; LL37_90; LL37_570; Lysozyme_420; Lysozyme_540; Lysozyme_1110; MgCl_450; BSA_30; MgCl_510; CaCl_420; Caffeine_300; CaCl_870; CaCl_630; MgCl_360; Caffeine_390; Lysozyme_1350; Pep28_300; MgCl_1260; Caffeine_540; Caffeine_360; CaCl_600; BSA_270; Caffeine_750; Lysozyme_330; CaCl_1020; Lysozyme_600; Lysozyme_270; MgCl_600; BSA_180; Lysozyme_570; Pep28_900; Caffeine_270; Lysine_900; MgCl_30; LL37_690; Caffeine_480; Lysine_1260; Caffeine_450; LL37_750; LL37_270; Lysine_210; Pep28_240; BSA_690; Lysine_420; Lysozyme_120; LL37_480; LL37_930; LL37_1140; LL37_840; CaCl_1170; Pep28_630; Pep28_1050; Pep28_600; CaCl_210; Lysozyme_300; Caffeine_330; Pep28_210; Caffeine_210; Lysine_390; Lysozyme_1260; Pep28_420; LL37_510; Pep28_60; BSA_1170; Lysine_630; MgCl_960; CaCl_1260; LL37_630; BSA_1260; Lysine_450; Caffeine_690; LL37_900; MgCl_930; Caffeine_1140; Caffeine_660; CaCl_1140; LL37_1290; CaCl_750; MgCl_780; BSA_90; LL37_1260; Caffeine_600; Pep28_360; LL37_180; CaCl_300,C=10; class_weight=None; kernel=linear,0.6666666666666666,66.66666666666666
19,Subject_2_Session8,SVM,86,CaCl_900; CaCl_810; CaCl_840; Lysozyme_990; LL37_90; BSA_30; Lysozyme_420; CaCl_540; Pep28_540; Lysozyme_540; Caffeine_300; Lysozyme_1110; CaCl_90; MgCl_1260; Caffeine_390; MgCl_360; LL37_570; MgCl_30; MgCl_450; Lysine_1260; CaCl_600; CaCl_420; LL37_690; Lysozyme_330; CaCl_630; MgCl_510; Lysozyme_270; Lysozyme_60; Pep28_30; CaCl_1020; MgCl_600; Lysine_630; BSA_270; Pep28_240; Caffeine_210; CaCl_30; Lysine_900; Lysozyme_1350; Pep28_300; Caffeine_750; BSA_690; Caffeine_270; Pep28_420; Pep28_900; Caffeine_540; Pep28_1050; Lysozyme_120; Lysozyme_570; MgCl_270; LL37_900; MgCl_780; Caffeine_360; Caffeine_450; CaCl_210; Lysine_420; BSA_180; MgCl_960; CaCl_870; LL37_930; Lysine_390; LL37_750; Lysine_210; BSA_120; LL37_480; CaCl_1260; Caffeine_600; BSA_90; LL37_270; CaCl_780; LL37_510; Lysozyme_630; Pep28_60; Caffeine_330; Pep28_630; LL37_1200; CaCl_1290; CaCl_360; BSA_1260; Caffeine_480; LL37_60; Caffeine_1200; CaCl_1140; CaCl_510; LL37_1290; MgCl_1170; BSA_1170,C=100; class_weight=balanced; kernel=linear,0.5625,56.25
20,Subject_2_Session9,SVM,96,CaCl_900; CaCl_840; CaCl_810; Lysozyme_990; BSA_30; CaCl_90; Lysozyme_1110; CaCl_540; Pep28_540; CaCl_930; LL37_570; LL37_90; MgCl_30; Lysozyme_540; MgCl_450; Lysozyme_1350; CaCl_870; MgCl_360; Lysozyme_420; Caffeine_300; Lysozyme_270; Lysozyme_570; CaCl_600; CaCl_420; Lysozyme_120; CaCl_630; Lysine_390; Lysine_900; BSA_270; Lysine_1260; LL37_930; CaCl_1020; Caffeine_540; Caffeine_270; Caffeine_750; Pep28_900; LL37_750; MgCl_510; LL37_690; LL37_900; Caffeine_480; Caffeine_360; MgCl_1260; Pep28_300; Lysine_630; LL37_60; Lysozyme_330; Lysine_210; BSA_120; Caffeine_450; Caffeine_210; MgCl_600; BSA_90; Caffeine_330; MgCl_780; Pep28_240; MgCl_960; CaCl_1260; Lysine_420; MgCl_1170; Pep28_360; BSA_180; Pep28_210; CaCl_750; BSA_690; LL37_630; Caffeine_660; LL37_480; Pep28_1050; LL37_270; CaCl_1140; Pep28_450; Lysozyme_450; CaCl_1170; LL37_1140; MgCl_270; CaCl_330; Caffeine_60; Lysozyme_210; LL37_1290; Pep28_420; Caffeine_600; Pep28_960; BSA_1170; Lysozyme_630; Lysine_450; Pep28_1200; Pep28_60; Lysozyme_390; MgCl_930; Pep28_1350; LL37_840; LL37_1200; Lysine_1050; CaCl_1290; Caffeine_420,C=100; class_weight=None; kernel=linear,0.0416666666666666,4.16666666666666
21,Subject_3_Session1,SVM,108,CaCl_900; CaCl_810; CaCl_840; Lysozyme_990; CaCl_540; Pep28_540; LL37_90; Lysozyme_1110; BSA_30; CaCl_870; MgCl_450; CaCl_90; Lysozyme_540; LL37_570; Lysozyme_420; MgCl_1260; MgCl_30; Lysine_1260; Caffeine_300; Lysozyme_330; CaCl_630; Caffeine_540; MgCl_510; CaCl_1020; MgCl_600; Caffeine_360; Lysine_630; Caffeine_480; MgCl_360; Lysozyme_1350; LL37_690; CaCl_420; BSA_270; Caffeine_750; Lysine_390; Lysine_900; LL37_750; Pep28_300; Lysine_210; CaCl_1260; Pep28_900; BSA_180; Pep28_60; CaCl_1170; Caffeine_270; Lysozyme_1260; Lysozyme_570; Lysozyme_270; Pep28_360; BSA_690; Caffeine_330; BSA_90; Lysine_420; BSA_120; LL37_930; Caffeine_450; MgCl_960; LL37_900; Lysozyme_600; Pep28_420; MgCl_780; Pep28_600; Caffeine_390; Pep28_240; LL37_480; Pep28_450; LL37_1140; CaCl_600; Caffeine_210; Lysozyme_630; LL37_270; Pep28_1050; CaCl_780; LL37_1260; Lysozyme_120; Lysozyme_300; CaCl_1140; Caffeine_60; Lysozyme_750; Lysine_270; LL37_1290; CaCl_210; Caffeine_420; LL37_510; LL37_60; MgCl_1170; CaCl_750; Pep28_30; Pep28_1350; BSA_1170; BSA_1260; Pep28_630; LL37_1020; LL37_630; Lysine_90; Lysine_450; Caffeine_600; CaCl_1290; LL37_1200; Lysozyme_1320; BSA_1110; Pep28_210; Lysozyme_900; BSA_570; MgCl_930; Pep28_840; MgCl_270; LL37_840,C=1; class_weight=balanced; gamma=0.001; kernel=rbf,0.6805555555555556,68.05555555555556
22,Subject_3_Session10,SVM,71,CaCl_900; CaCl_840; CaCl_810; Lysozyme_990; Pep28_540; CaCl_540; LL37_90; BSA_30; Lysozyme_1110; Lysozyme_420; CaCl_330; CaCl_90; Lysozyme_540; MgCl_30; LL37_570; Lysine_1260; Lysozyme_1350; MgCl_450; CaCl_630; CaCl_870; MgCl_510; CaCl_1020; Caffeine_300; MgCl_1260; Lysozyme_330; LL37_690; Caffeine_750; Pep28_300; Lysozyme_600; CaCl_420; LL37_750; Caffeine_270; MgCl_600; MgCl_360; Lysine_630; Pep28_900; Lysine_210; Lysine_900; Lysozyme_570; Caffeine_450; CaCl_1260; CaCl_600; Lysozyme_270; BSA_270; LL37_270; Pep28_240; Caffeine_390; Lysozyme_120; Caffeine_360; Caffeine_540; BSA_120; BSA_180; Lysozyme_630; MgCl_960; Pep28_360; MgCl_780; CaCl_1170; LL37_900; Caffeine_480; Lysine_420; Caffeine_330; BSA_90; BSA_1260; MgCl_270; CaCl_780; LL37_630; BSA_1170; LL37_1290; Pep28_60; CaCl_210; CaCl_1140,C=0.1; class_weight=balanced; kernel=linear,0.7361111111111112,73.61111111111111
23,Subject_3_Session2,SVM,131,CaCl_900; CaCl_840; CaCl_810; Lysozyme_990; Pep28_540; CaCl_540; Lysozyme_540; LL37_90; CaCl_90; Lysozyme_420; MgCl_450; Lysozyme_1110; LL37_570; CaCl_630; Caffeine_300; Lysozyme_1350; BSA_30; MgCl_360; Caffeine_270; MgCl_510; BSA_270; Lysine_900; Caffeine_360; Caffeine_330; Lysine_1260; MgCl_1260; Caffeine_420; Lysine_210; BSA_1170; Pep28_60; MgCl_30; Caffeine_540; CaCl_420; Pep28_630; Lysozyme_270; Lysozyme_330; LL37_690; Caffeine_450; LL37_630; BSA_90; Caffeine_750; Lysozyme_570; CaCl_1020; CaCl_600; Pep28_900; Lysozyme_600; Caffeine_90; Lysozyme_1260; CaCl_1170; Pep28_240; MgCl_600; CaCl_1260; LL37_480; MgCl_780; Lysozyme_120; Lysine_390; Lysozyme_630; LL37_900; Caffeine_480; CaCl_1140; Pep28_300; Caffeine_780; LL37_930; Pep28_210; CaCl_360; CaCl_870; Lysozyme_300; LL37_750; BSA_120; CaCl_210; BSA_690; CaCl_330; Pep28_1050; MgCl_960; Pep28_600; Pep28_420; Lysine_270; CaCl_750; BSA_1110; LL37_180; Caffeine_210; Lysine_420; LL37_1290; Pep28_450; CaCl_780; Caffeine_1140; CaCl_1290; CaCl_510; Lysozyme_780; Pep28_1350; LL37_270; LL37_1200; Pep28_1320; BSA_1260; LL37_1140; LL37_840; Pep28_1020; Pep28_360; Lysozyme_510; MgCl_1170; Lysine_480; LL37_60; Lysozyme_1050; Lysine_450; MgCl_930; Caffeine_60; LL37_540; Caffeine_1110; BSA_180; Lysine_630; Pep28_1200; CaCl_960; Caffeine_1200; Pep28_840; Lysozyme_690; Lysozyme_900; Caffeine_390; Caffeine_660; BSA_1290; Lysine_1050; Pep28_960; BSA_570; LL37_1260; Lysine_60; Pep28_330; Lysozyme_810; MgCl_120; Pep28_30; MgCl_180; Lysozyme_1170; MgCl_270,C=100; class_weight=None; kernel=linear,0.4027777777777778,40.27777777777778
24,Subject_3_Session3,SVM,98,CaCl_900; CaCl_840; CaCl_810; Lysozyme_990; Pep28_540; CaCl_90; LL37_90; Lysozyme_420; BSA_30; CaCl_540; MgCl_30; LL37_570; CaCl_420; MgCl_360; MgCl_450; LL37_690; Lysozyme_1350; Lysozyme_540; MgCl_1260; Lysozyme_1110; CaCl_630; MgCl_600; MgCl_510; CaCl_600; Lysine_1260; Caffeine_270; Caffeine_390; LL37_900; Pep28_300; LL37_480; Lysozyme_270; Lysine_390; Pep28_900; Pep28_240; Lysine_900; Caffeine_450; Lysozyme_120; Pep28_360; Caffeine_360; BSA_270; CaCl_1020; Lysine_210; CaCl_1260; Lysozyme_330; Lysozyme_570; LL37_750; Lysozyme_300; Caffeine_210; Caffeine_540; Lysozyme_1260; Caffeine_750; BSA_120; CaCl_1170; LL37_510; MgCl_960; LL37_1140; Lysine_420; BSA_90; LL37_840; Caffeine_330; BSA_690; CaCl_210; LL37_930; BSA_180; Lysozyme_150; CaCl_780; Caffeine_300; Caffeine_600; Lysine_630; LL37_270; Pep28_420; MgCl_780; LL37_60; CaCl_360; Pep28_1110; Pep28_450; BSA_1260; LL37_1200; Caffeine_480; Caffeine_90; Lysozyme_600; Pep28_840; Caffeine_690; BSA_1170; Pep28_1050; Pep28_210; CaCl_750; Caffeine_1200; Pep28_60; Pep28_600; Lysine_1350; Pep28_870; BSA_750; Lysozyme_810; MgCl_240; Caffeine_1170; Pep28_30; Caffeine_1140,C=0.1; class_weight=None; kernel=linear,0.4236111111111111,42.36111111111111
25,Subject_3_Session4,SVM,109,CaCl_900; CaCl_840; CaCl_810; Lysozyme_990; Pep28_540; CaCl_870; CaCl_540; BSA_30; CaCl_930; Lysozyme_420; CaCl_90; CaCl_630; LL37_90; Lysozyme_540; LL37_570; MgCl_1260; CaCl_600; MgCl_360; CaCl_1020; Lysozyme_1110; Lysozyme_1350; Caffeine_300; CaCl_420; MgCl_450; LL37_930; MgCl_30; MgCl_510; Caffeine_750; Lysine_1260; Pep28_900; LL37_270; Caffeine_270; Lysozyme_570; BSA_180; Lysine_900; Lysozyme_330; BSA_270; MgCl_600; Lysozyme_120; Pep28_240; CaCl_1170; Caffeine_450; Caffeine_360; Lysozyme_600; Lysozyme_270; LL37_690; BSA_90; LL37_750; Lysine_210; Caffeine_330; LL37_900; BSA_120; Lysine_420; Caffeine_660; MgCl_960; Pep28_300; Lysine_390; Pep28_420; LL37_60; CaCl_360; MgCl_780; BSA_1260; CaCl_1260; CaCl_330; Lysozyme_510; LL37_630; BSA_690; Pep28_1320; Caffeine_480; CaCl_750; LL37_840; Lysine_630; CaCl_780; LL37_1290; BSA_1110; CaCl_1290; Caffeine_210; BSA_1170; Caffeine_60; Pep28_360; Caffeine_1140; CaCl_210; MgCl_930; Caffeine_1170; Pep28_1350; Pep28_30; Caffeine_1200; LL37_510; BSA_570; CaCl_150; LL37_1140; Pep28_210; Caffeine_600; Lysozyme_630; Caffeine_540; LL37_1200; CaCl_1140; MgCl_270; Pep28_570; Caffeine_690; Pep28_1020; Caffeine_420; LL37_1020; Pep28_1200; MgCl_90; Lysine_450; Pep28_960; Lysozyme_780; Caffeine_390,C=0.1; class_weight=balanced; kernel=linear,0.6180555555555556,61.80555555555556
26,Subject_3_Session5,SVM,164,CaCl_900; CaCl_810; CaCl_840; Lysozyme_990; BSA_30; Pep28_540; CaCl_90; Lysozyme_420; CaCl_420; Lysozyme_1110; CaCl_540; MgCl_450; LL37_90; CaCl_630; LL37_570; Lysozyme_540; MgCl_510; Lysozyme_1350; Lysine_1260; MgCl_360; Pep28_900; Lysozyme_330; CaCl_1020; MgCl_30; MgCl_1260; BSA_270; Caffeine_390; Caffeine_300; Caffeine_540; Lysozyme_570; CaCl_600; LL37_690; MgCl_600; Lysine_630; BSA_180; Lysine_900; Caffeine_270; Caffeine_750; Caffeine_450; Lysine_210; LL37_750; Caffeine_360; Pep28_240; Lysozyme_270; Lysozyme_120; CaCl_870; LL37_900; BSA_120; LL37_480; Lysine_390; Lysine_420; CaCl_1170; Pep28_420; Pep28_450; Pep28_300; CaCl_210; CaCl_1260; Lysozyme_1260; Caffeine_330; LL37_930; MgCl_780; Pep28_1050; Caffeine_480; Lysozyme_510; LL37_270; BSA_1170; CaCl_750; CaCl_1290; BSA_90; Lysozyme_600; Pep28_210; Pep28_360; Lysine_450; Pep28_60; LL37_510; BSA_1110; BSA_1260; Caffeine_660; MgCl_1170; MgCl_960; CaCl_780; LL37_1020; Caffeine_600; LL37_840; LL37_1200; LL37_1140; LL37_1260; Lysozyme_300; CaCl_510; Pep28_630; LL37_630; LL37_180; Caffeine_420; Pep28_840; Lysine_1080; Pep28_30; BSA_750; Caffeine_1200; MgCl_270; Caffeine_690; Caffeine_510; Lysine_480; CaCl_1140; MgCl_930; Pep28_1320; Pep28_1350; LL37_60; LL37_1290; Lysine_270; Pep28_600; CaCl_300; CaCl_570; Lysozyme_900; MgCl_300; CaCl_360; Caffeine_780; Lysine_1350; Lysozyme_720; MgCl_630; BSA_690; Pep28_1020; Lysine_1050; BSA_900; Lysozyme_630; Pep28_960; Lysozyme_690; Caffeine_210; BSA_1200; BSA_150; BSA_240; Lysozyme_870; Caffeine_900; Pep28_570; Caffeine_1170; Caffeine_1140; CaCl_720; CaCl_960; BSA_360; Lysozyme_1170; LL37_660; CaCl_480; MgCl_390; MgCl_750; Lysine_750; Lysine_30; Lysozyme_1050; Pep28_1200; BSA_210; Pep28_120; Pep28_870; BSA_390; Lysozyme_780; LL37_1230; Pep28_1110; Lysozyme_660; CaCl_150; BSA_480; BSA_930; MgCl_1080; Lysine_840; Lysozyme_1320; Caffeine_1290; Pep28_180; Lysine_1230,C=10; class_weight=None; kernel=linear,0.6458333333333334,64.58333333333334
27,Subject_3_Session6,SVM,86,CaCl_900; CaCl_840; CaCl_810; Lysozyme_990; LL37_90; Pep28_540; Lysozyme_1110; BSA_30; CaCl_540; CaCl_870; Lysine_1260; MgCl_1260; CaCl_630; Caffeine_300; MgCl_360; Pep28_30; Lysozyme_420; Caffeine_360; MgCl_30; CaCl_90; Lysozyme_540; LL37_570; MgCl_600; CaCl_600; LL37_750; LL37_690; Pep28_600; Caffeine_540; Lysozyme_570; BSA_180; CaCl_420; BSA_120; Lysine_900; Lysine_630; BSA_90; Pep28_240; BSA_270; CaCl_1020; Lysozyme_330; LL37_630; Caffeine_330; MgCl_510; Caffeine_450; CaCl_1170; Pep28_630; BSA_1260; Pep28_420; Lysine_210; MgCl_780; Caffeine_480; CaCl_780; Lysozyme_300; Caffeine_1200; Lysozyme_600; Lysozyme_1350; Caffeine_750; BSA_1170; Lysozyme_1260; Lysine_420; Pep28_300; LL37_480; MgCl_270; LL37_900; Lysine_390; LL37_1260; MgCl_960; LL37_930; Caffeine_90; BSA_750; Caffeine_420; CaCl_210; CaCl_1260; Lysozyme_270; Caffeine_390; Pep28_360; LL37_270; LL37_600; Pep28_900; LL37_1290; Lysozyme_510; CaCl_750; MgCl_480; Caffeine_210; Pep28_60; Lysine_1050; LL37_60,C=10; class_weight=None; kernel=linear,0.5,50.0
28,Subject_3_Session7,SVM,111,CaCl_900; CaCl_810; CaCl_840; Lysozyme_990; CaCl_540; Lysozyme_1110; Pep28_540; BSA_30; CaCl_420; LL37_90; LL37_570; Lysine_1260; CaCl_90; Lysozyme_420; MgCl_30; MgCl_450; Lysozyme_540; CaCl_600; Caffeine_300; MgCl_360; LL37_930; MgCl_1260; Lysine_900; MgCl_510; CaCl_630; LL37_900; LL37_750; Caffeine_360; Lysozyme_1350; Caffeine_540; LL37_630; Lysozyme_330; Caffeine_750; CaCl_870; Caffeine_450; Caffeine_270; Lysine_390; Lysozyme_570; MgCl_600; Caffeine_330; Lysine_210; CaCl_1020; Pep28_30; Caffeine_390; Pep28_900; LL37_690; BSA_270; CaCl_930; BSA_180; Pep28_300; BSA_120; Pep28_240; MgCl_780; Lysine_630; Caffeine_480; Pep28_360; LL37_60; Pep28_60; CaCl_1260; CaCl_1170; Lysine_420; Lysozyme_180; Lysozyme_270; Caffeine_210; BSA_90; CaCl_210; CaCl_360; LL37_510; MgCl_960; LL37_1260; Caffeine_660; CaCl_1290; Pep28_1050; Caffeine_1200; BSA_1170; BSA_690; Pep28_450; CaCl_750; BSA_1260; Lysozyme_600; BSA_210; Lysozyme_390; CaCl_330; CaCl_1140; CaCl_150; Pep28_210; LL37_1200; Lysine_1350; Lysozyme_450; Pep28_420; Caffeine_690; Caffeine_90; BSA_570; LL37_270; MgCl_930; Lysine_90; MgCl_750; MgCl_270; LL37_1290; Lysozyme_240; BSA_1140; Caffeine_1170; Caffeine_600; CaCl_780; LL37_480; MgCl_1170; Lysine_450; CaCl_510; Lysine_1140; Pep28_630; BSA_900,C=100; class_weight=None; kernel=linear,0.25,25.0
29,Subject_3_Session8,SVM,101,CaCl_900; CaCl_810; CaCl_840; Lysozyme_990; Lysozyme_1110; LL37_90; Lysozyme_420; CaCl_540; CaCl_90; LL37_570; Lysozyme_540; BSA_30; Pep28_540; MgCl_450; Lysozyme_1350; CaCl_630; Lysine_1260; Caffeine_300; CaCl_870; Caffeine_750; MgCl_510; Lysozyme_570; CaCl_1020; CaCl_420; MgCl_600; Caffeine_540; MgCl_30; MgCl_1260; MgCl_360; Lysozyme_120; BSA_270; Lysine_210; Caffeine_270; LL37_630; Lysine_420; Pep28_300; Caffeine_480; CaCl_600; Caffeine_450; MgCl_780; Lysozyme_330; Caffeine_390; Caffeine_360; LL37_750; Pep28_600; Lysine_630; Pep28_420; BSA_90; Pep28_900; CaCl_210; LL37_1200; Lysine_900; MgCl_270; BSA_120; BSA_180; CaCl_1260; Pep28_240; CaCl_1170; MgCl_960; LL37_690; Lysine_390; Lysozyme_600; Pep28_450; LL37_480; Caffeine_210; BSA_690; LL37_900; Caffeine_330; LL37_270; Lysozyme_1260; LL37_1260; Pep28_630; Lysine_90; Caffeine_90; Caffeine_1140; Pep28_30; LL37_1140; Pep28_360; CaCl_750; Lysozyme_270; BSA_1170; Pep28_1050; CaCl_1290; Lysozyme_630; Caffeine_1200; Pep28_210; LL37_840; MgCl_1170; LL37_1290; Caffeine_660; Lysozyme_1050; CaCl_300; Pep28_1350; Caffeine_600; Pep28_960; CaCl_1140; Pep28_60; BSA_1110; Caffeine_690; Pep28_840; CaCl_150,C=1; class_weight=balanced; gamma=0.001; kernel=rbf,0.7569444444444444,75.69444444444444
30,Subject_3_Session9,SVM,114,CaCl_900; CaCl_840; CaCl_810; Lysozyme_990; Pep28_540; Lysozyme_1110; CaCl_540; LL37_570; MgCl_1260; Lysine_1260; BSA_30; CaCl_600; LL37_30; CaCl_90; MgCl_450; Caffeine_300; CaCl_420; MgCl_510; Lysozyme_540; LL37_180; MgCl_360; BSA_270; LL37_90; MgCl_600; Caffeine_270; Caffeine_30; Lysozyme_420; Lysozyme_1350; Pep28_30; Pep28_420; LL37_690; CaCl_1020; Caffeine_540; Lysine_390; Caffeine_750; Lysozyme_330; MgCl_960; Pep28_900; Lysozyme_1260; CaCl_630; LL37_900; LL37_930; Lysozyme_570; MgCl_30; Lysine_210; LL37_270; Pep28_600; Lysine_630; CaCl_1260; Lysine_420; Lysozyme_270; Caffeine_450; Pep28_630; Pep28_360; Caffeine_360; Caffeine_330; LL37_750; Caffeine_390; BSA_1170; MgCl_780; BSA_180; BSA_120; Lysozyme_510; CaCl_780; Pep28_450; Caffeine_210; Lysine_60; Pep28_210; LL37_630; CaCl_210; Lysine_450; Caffeine_480; LL37_840; Caffeine_1200; CaCl_750; LL37_480; Lysine_1350; MgCl_270; Caffeine_780; Lysozyme_390; Lysine_900; BSA_690; Lysozyme_300; Lysine_270; LL37_540; Pep28_1050; Pep28_1320; Pep28_300; Caffeine_1140; BSA_570; Lysozyme_120; CaCl_1170; CaCl_870; CaCl_450; BSA_930; CaCl_1140; Lysozyme_600; Lysine_30; Lysozyme_780; LL37_510; LL37_1260; Caffeine_420; CaCl_1290; CaCl_330; Caffeine_690; Pep28_840; MgCl_1170; BSA_630; BSA_1260; Caffeine_1170; Pep28_270; Lysozyme_690; Pep28_1200; BSA_90,C=10; class_weight=None; gamma=0.001; kernel=rbf,0.4444444444444444,44.44444444444444
1,Subject_1_Session1,Logistic Regression,102,CaCl_900; CaCl_840; CaCl_810; Lysozyme_990; CaCl_540; Pep28_540; CaCl_90; BSA_30; Lysozyme_1110; LL37_90; Lysozyme_420; MgCl_450; LL37_570; CaCl_420; Lysozyme_330; MgCl_30; MgCl_510; CaCl_630; Lysozyme_1350; MgCl_1260; MgCl_600; MgCl_360; CaCl_600; Pep28_450; Lysozyme_540; BSA_180; Lysine_900; Lysozyme_600; LL37_690; Lysine_420; BSA_270; Caffeine_300; Caffeine_750; Lysine_1260; Lysozyme_570; LL37_750; CaCl_330; Caffeine_360; Caffeine_450; Caffeine_540; Lysine_390; Caffeine_480; Lysine_210; Lysozyme_270; Pep28_300; Caffeine_330; CaCl_1170; CaCl_1020; BSA_120; Pep28_600; Pep28_210; CaCl_870; Caffeine_390; Caffeine_270; Pep28_1050; BSA_1260; BSA_90; Pep28_960; MgCl_960; CaCl_1260; CaCl_210; Pep28_420; MgCl_780; LL37_930; Lysozyme_120; CaCl_780; Caffeine_210; CaCl_750; LL37_900; LL37_270; Pep28_630; Lysozyme_750; Caffeine_60; Lysine_630; Pep28_360; LL37_1140; Pep28_840; LL37_840; Lysine_1350; MgCl_270; MgCl_630; BSA_900; BSA_690; Lysozyme_810; CaCl_1140; BSA_1170; MgCl_1170; Caffeine_1140; Pep28_1350; Caffeine_1200; Pep28_240; Caffeine_1290; Pep28_1320; LL37_510; LL37_630; Pep28_60; Lysine_1140; Pep28_30; Pep28_1200; BSA_1110; LL37_1020; LL37_480,C=10; class_weight=None; l1_ratio=0.0; max_iter=2000; penalty=l1; solver=saga,0.4861111111111111,48.61111111111111
2,Subject_1_Session10,Logistic Regression,98,CaCl_900; CaCl_810; CaCl_840; Lysozyme_990; CaCl_540; Pep28_540; BSA_30; CaCl_90; LL37_90; Lysozyme_1110; MgCl_450; Lysozyme_540; LL37_570; Lysozyme_420; Lysozyme_1350; CaCl_600; MgCl_360; MgCl_30; CaCl_630; MgCl_510; Lysine_420; Lysine_1260; Caffeine_540; Caffeine_360; Lysine_900; LL37_690; Caffeine_450; Lysozyme_330; CaCl_420; BSA_270; LL37_750; CaCl_1020; Lysozyme_270; Lysine_390; Lysozyme_600; Caffeine_750; MgCl_1260; MgCl_600; Pep28_420; CaCl_210; MgCl_960; Pep28_900; CaCl_870; Caffeine_270; Pep28_240; LL37_900; BSA_90; Pep28_300; Caffeine_210; Pep28_450; Pep28_360; LL37_630; Lysozyme_120; Caffeine_300; BSA_180; Caffeine_330; Pep28_60; Lysozyme_510; Lysine_210; Lysozyme_630; CaCl_1170; Caffeine_390; BSA_1260; LL37_1260; LL37_930; BSA_1170; LL37_270; CaCl_930; CaCl_750; LL37_480; LL37_180; CaCl_780; Caffeine_600; Caffeine_780; LL37_1140; LL37_60; Lysozyme_570; LL37_840; BSA_690; MgCl_300; CaCl_1260; MgCl_1170; Caffeine_480; Lysine_630; MgCl_930; MgCl_780; Pep28_210; Lysine_90; BSA_120; CaCl_1140; CaCl_300; Caffeine_660; CaCl_150; BSA_1110; Caffeine_690; Pep28_1050; Lysine_270; Caffeine_1200,C=100; class_weight=None; max_iter=2000; penalty=l2; solver=lbfgs,0.6527777777777778,65.27777777777779
3,Subject_1_Session2,Logistic Regression,85,CaCl_900; CaCl_810; CaCl_840; Pep28_540; Lysozyme_990; Lysozyme_540; BSA_30; CaCl_90; CaCl_540; LL37_90; Lysine_1260; Lysozyme_420; LL37_570; MgCl_510; Lysozyme_1110; MgCl_450; MgCl_1260; Caffeine_300; CaCl_870; CaCl_630; MgCl_30; CaCl_600; MgCl_360; Lysozyme_1350; Pep28_900; Lysozyme_600; CaCl_1020; Lysozyme_570; Lysine_390; BSA_180; Caffeine_360; Caffeine_750; Caffeine_270; MgCl_600; Caffeine_450; Caffeine_480; Lysozyme_270; LL37_690; Pep28_300; Caffeine_540; CaCl_420; BSA_270; Lysine_210; CaCl_360; Lysine_900; CaCl_210; Lysine_420; LL37_750; MgCl_780; LL37_930; LL37_1260; Lysozyme_330; Pep28_420; Lysozyme_120; Pep28_360; BSA_90; LL37_630; Lysine_630; Caffeine_210; Pep28_450; BSA_1260; BSA_120; CaCl_1170; CaCl_1260; LL37_270; BSA_1170; Pep28_1050; CaCl_780; CaCl_1140; LL37_480; Caffeine_390; CaCl_1290; LL37_1290; MgCl_960; Caffeine_1200; LL37_900; Caffeine_330; LL37_60; CaCl_510; CaCl_750; Lysozyme_300; Pep28_840; Lysine_480; MgCl_540; CaCl_720,C=100; class_weight=None; max_iter=2000; penalty=l2; solver=lbfgs,0.4444444444444444,44.44444444444444
4,Subject_1_Session3,Logistic Regression,113,CaCl_900; CaCl_840; CaCl_810; Lysozyme_990; Pep28_540; CaCl_540; BSA_30; LL37_90; CaCl_90; Lysozyme_420; Lysozyme_540; LL37_570; MgCl_30; MgCl_450; Lysozyme_1110; Lysozyme_1350; CaCl_870; Caffeine_300; MgCl_510; MgCl_1260; CaCl_630; CaCl_1020; MgCl_600; Caffeine_750; Lysine_1260; MgCl_360; Lysine_900; LL37_690; BSA_180; CaCl_600; Lysozyme_330; Caffeine_540; Caffeine_270; Lysozyme_570; Caffeine_450; BSA_270; Caffeine_360; Lysine_210; Lysozyme_120; Pep28_300; Lysine_390; Lysine_420; CaCl_420; Lysozyme_270; Lysine_630; Lysozyme_600; Pep28_240; LL37_750; MgCl_960; Pep28_420; Lysozyme_1260; CaCl_330; Pep28_210; Pep28_360; Caffeine_390; LL37_510; CaCl_360; BSA_1260; CaCl_1260; Caffeine_210; Caffeine_330; Lysine_1050; LL37_270; Pep28_450; Caffeine_60; CaCl_210; Pep28_600; LL37_630; LL37_1260; BSA_90; Caffeine_480; CaCl_750; MgCl_780; LL37_930; CaCl_1170; BSA_120; BSA_900; CaCl_1140; CaCl_780; BSA_1110; Lysine_450; Pep28_900; LL37_1290; Caffeine_1200; LL37_1140; BSA_300; Pep28_60; Pep28_1050; Lysozyme_720; Lysozyme_300; BSA_690; MgCl_930; MgCl_270; Pep28_630; CaCl_150; CaCl_570; LL37_840; BSA_570; Caffeine_420; MgCl_1170; Caffeine_780; Pep28_1350; Caffeine_690; Caffeine_1140; Caffeine_90; LL37_480; CaCl_300; Pep28_1020; BSA_1170; MgCl_540; Lysine_720; LL37_180; Lysozyme_690,C=1; class_weight=None; max_iter=2000; penalty=l2; solver=lbfgs,0.4791666666666667,47.91666666666667
5,Subject_1_Session4,Logistic Regression,123,CaCl_900; CaCl_840; Lysozyme_990; CaCl_810; CaCl_540; Pep28_540; BSA_30; Lysozyme_1110; MgCl_30; MgCl_450; CaCl_90; Lysozyme_1350; MgCl_600; Lysozyme_540; Lysozyme_420; LL37_690; MgCl_510; Caffeine_300; CaCl_330; MgCl_780; Pep28_300; Lysine_210; MgCl_1260; LL37_60; Caffeine_450; LL37_570; CaCl_1020; Caffeine_270; Lysine_1260; MgCl_360; Caffeine_750; Caffeine_330; BSA_270; Pep28_360; CaCl_600; Lysozyme_570; Lysozyme_330; Caffeine_210; Caffeine_360; Lysozyme_270; BSA_180; BSA_1260; Lysozyme_600; Lysozyme_120; Pep28_240; CaCl_420; MgCl_960; LL37_750; CaCl_630; Caffeine_480; BSA_1170; Caffeine_540; CaCl_780; Pep28_900; LL37_1260; LL37_1290; Lysine_660; LL37_930; Lysozyme_720; LL37_630; LL37_480; Lysozyme_630; Caffeine_60; BSA_120; CaCl_870; Lysine_1050; CaCl_1260; Pep28_30; Caffeine_390; CaCl_1140; LL37_270; Caffeine_1200; MgCl_1080; Lysozyme_1260; LL37_510; LL37_900; CaCl_1170; LL37_1140; Pep28_600; Pep28_1020; LL37_1020; Lysine_420; Lysozyme_1050; BSA_690; LL37_1200; Caffeine_1290; Pep28_420; Caffeine_1170; CaCl_210; LL37_540; BSA_750; Lysine_630; Pep28_210; Caffeine_600; Lysine_390; Pep28_1350; CaCl_1290; MgCl_1170; LL37_840; Lysine_900; Caffeine_420; Pep28_450; Pep28_630; BSA_1110; MgCl_570; Pep28_870; LL37_180; Caffeine_660; MgCl_270; CaCl_150; Pep28_840; MgCl_750; MgCl_300; Lysozyme_750; Caffeine_510; Caffeine_690; BSA_90; Lysozyme_810; LL37_1230; CaCl_360; MgCl_930; Pep28_1050; CaCl_750,C=10; class_weight=None; l1_ratio=0.5; max_iter=2000; penalty=elasticnet; solver=saga,0.2013888888888889,20.13888888888889
6,Subject_1_Session5,Logistic Regression,110,Lysozyme_990; BSA_30; Pep28_540; CaCl_540; Lysozyme_1110; LL37_90; Lysozyme_420; CaCl_90; Lysozyme_540; LL37_570; MgCl_450; CaCl_630; Lysine_1260; MgCl_600; Caffeine_300; MgCl_30; MgCl_510; Lysozyme_1350; Lysine_900; MgCl_1260; MgCl_360; CaCl_600; Caffeine_750; CaCl_1020; Lysozyme_330; Caffeine_540; LL37_690; Caffeine_450; BSA_270; Lysozyme_570; Caffeine_360; Caffeine_270; LL37_750; Lysozyme_270; Pep28_240; BSA_120; Lysine_390; BSA_180; Pep28_900; Lysozyme_600; Lysozyme_120; BSA_90; LL37_900; Caffeine_330; BSA_690; Lysine_420; CaCl_1170; Pep28_300; Caffeine_210; LL37_930; Lysine_630; LL37_480; Pep28_600; Pep28_360; Lysine_210; CaCl_210; Caffeine_390; CaCl_750; MgCl_780; MgCl_960; LL37_270; Caffeine_480; Pep28_420; LL37_1260; Pep28_1050; CaCl_1260; Pep28_30; Lysine_450; LL37_180; CaCl_420; LL37_1140; LL37_630; LL37_1200; Caffeine_1200; BSA_1260; LL37_60; CaCl_780; Caffeine_660; Pep28_210; MgCl_270; Lysozyme_720; BSA_1170; Pep28_450; LL37_840; CaCl_1290; Lysozyme_300; Pep28_60; Caffeine_90; Pep28_630; LL37_1020; Pep28_1350; LL37_510; Caffeine_60; CaCl_360; Caffeine_1140; LL37_660; BSA_1110; BSA_570; CaCl_870; CaCl_1140; LL37_1290; Lysozyme_510; Lysozyme_900; Lysine_90; Lysine_1350; BSA_900; Lysine_1080; CaCl_900; Pep28_1020; Caffeine_600,C=1; class_weight=None; max_iter=2000; penalty=l2; solver=lbfgs,0.6527777777777778,65.27777777777779
7,Subject_1_Session6,Logistic Regression,158,CaCl_900; CaCl_810; CaCl_840; Lysozyme_990; Lysozyme_1110; CaCl_90; Lysozyme_420; BSA_30; LL37_90; MgCl_450; MgCl_1260; Lysozyme_1350; LL37_570; MgCl_510; Lysine_1260; LL37_690; Caffeine_750; Lysozyme_270; MgCl_360; Lysozyme_570; Caffeine_450; CaCl_630; Caffeine_300; Lysozyme_330; BSA_180; Lysine_900; CaCl_1020; CaCl_420; Caffeine_360; BSA_270; CaCl_600; LL37_630; Pep28_300; LL37_750; Lysozyme_510; MgCl_30; Lysine_390; CaCl_1170; LL37_270; LL37_1260; Caffeine_330; MgCl_600; Lysine_210; LL37_900; Caffeine_270; CaCl_1260; LL37_930; Lysine_420; BSA_1170; Pep28_450; Lysozyme_120; BSA_90; Lysozyme_1260; MgCl_780; CaCl_1140; BSA_120; Lysozyme_300; Pep28_30; Pep28_900; BSA_1260; Pep28_840; Pep28_60; Caffeine_1200; CaCl_210; Pep28_360; Pep28_570; CaCl_360; BSA_690; Lysine_630; CaCl_750; Caffeine_210; CaCl_150; Lysozyme_600; Pep28_210; Pep28_1050; Pep28_420; Caffeine_660; LL37_480; Lysozyme_750; LL37_30; CaCl_780; Caffeine_540; LL37_1200; MgCl_1170; BSA_300; LL37_1290; Caffeine_390; CaCl_570; MgCl_960; LL37_120; LL37_600; Lysozyme_720; BSA_750; Caffeine_60; MgCl_750; BSA_1110; LL37_840; Caffeine_420; MgCl_270; Pep28_960; CaCl_1290; BSA_900; CaCl_330; LL37_1140; Pep28_630; Pep28_240; Lysozyme_900; Pep28_1200; Caffeine_1170; CaCl_300; Pep28_1020; CaCl_870; Caffeine_1290; BSA_570; Caffeine_1140; Lysozyme_150; Pep28_600; LL37_60; Caffeine_600; Pep28_1350; Lysozyme_780; MgCl_300; Lysozyme_690; MgCl_930; Lysine_540; Lysine_1080; Caffeine_90; Lysine_1140; Pep28_180; Lysozyme_1050; Lysozyme_450; Caffeine_480; Caffeine_810; BSA_240; Lysine_450; CaCl_720; Lysozyme_1170; CaCl_960; Caffeine_690; BSA_630; BSA_600; Pep28_870; Lysine_480; BSA_1290; Lysozyme_1320; Lysine_90; MgCl_390; MgCl_120; Lysine_510; Caffeine_1110; CaCl_540; BSA_1050; Lysine_1350; Lysine_1230; LL37_180; Lysozyme_1230; BSA_1200; CaCl_1230,C=10; class_weight=None; max_iter=2000; penalty=l2; solver=lbfgs,0.3055555555555556,30.555555555555557
8,Subject_1_Session7,Logistic Regression,107,CaCl_900; CaCl_840; CaCl_810; Pep28_540; CaCl_540; LL37_90; BSA_30; CaCl_90; LL37_570; MgCl_450; Lysozyme_540; MgCl_30; CaCl_600; CaCl_420; MgCl_510; Lysozyme_420; MgCl_360; Caffeine_300; LL37_690; CaCl_1020; MgCl_600; CaCl_870; Caffeine_750; Lysine_210; Lysozyme_570; LL37_750; BSA_270; Caffeine_540; Lysine_900; BSA_180; Lysozyme_600; Caffeine_450; Caffeine_270; Pep28_240; Pep28_420; Lysozyme_330; Pep28_900; LL37_900; Lysozyme_270; Lysine_390; MgCl_960; Pep28_300; BSA_120; MgCl_780; BSA_90; BSA_690; Lysozyme_120; Lysine_420; LL37_270; Caffeine_480; CaCl_210; Caffeine_360; Lysozyme_990; Pep28_450; LL37_930; LL37_480; Caffeine_330; CaCl_1170; Caffeine_210; Caffeine_1200; Caffeine_600; BSA_1170; Pep28_1050; CaCl_750; Pep28_30; Lysozyme_1350; Pep28_360; Pep28_60; Lysozyme_300; CaCl_1140; CaCl_780; LL37_1290; Pep28_840; Pep28_210; LL37_840; CaCl_1290; Lysine_270; Caffeine_420; LL37_180; LL37_1140; CaCl_360; CaCl_1260; LL37_510; Lysozyme_1260; Lysine_1260; BSA_570; MgCl_1170; LL37_1200; Caffeine_780; Caffeine_60; Caffeine_690; MgCl_540; Caffeine_90; Pep28_1350; Pep28_1320; LL37_1020; Pep28_1020; MgCl_930; MgCl_270; CaCl_150; LL37_60; Caffeine_660; Pep28_600; Caffeine_1140; Caffeine_1170; Lysine_90; Lysozyme_510,C=1; class_weight=None; l1_ratio=0.0; max_iter=2000; penalty=l2; solver=saga,0.6597222222222222,65.97222222222221
9,Subject_1_Session8,Logistic Regression,95,CaCl_900; CaCl_810; CaCl_840; Pep28_540; Lysozyme_990; CaCl_540; Lysozyme_420; Lysozyme_540; LL37_570; BSA_30; MgCl_30; Lysozyme_1110; CaCl_630; Lysine_390; LL37_90; MgCl_510; Lysozyme_1350; CaCl_420; Caffeine_300; MgCl_450; Lysine_1260; Lysozyme_270; MgCl_1260; Lysozyme_330; Lysine_420; BSA_270; Caffeine_480; CaCl_1260; CaCl_1020; Lysine_900; LL37_690; MgCl_780; BSA_180; MgCl_360; CaCl_600; CaCl_90; Caffeine_270; Pep28_420; Caffeine_750; Lysozyme_570; LL37_750; Lysine_210; Pep28_300; Caffeine_390; Caffeine_450; LL37_900; LL37_1260; Lysine_630; Lysozyme_120; Pep28_630; Lysozyme_600; Pep28_900; Caffeine_360; LL37_930; BSA_90; BSA_120; LL37_480; Caffeine_210; CaCl_1290; Caffeine_90; CaCl_870; Pep28_30; Pep28_1050; CaCl_1170; MgCl_600; Pep28_1350; Caffeine_660; BSA_1110; CaCl_210; Pep28_210; Caffeine_60; LL37_270; Caffeine_1140; Lysozyme_300; Lysine_450; Lysozyme_30; MgCl_960; BSA_630; CaCl_30; Caffeine_540; Caffeine_1200; Pep28_240; BSA_1170; LL37_840; BSA_1260; CaCl_750; Pep28_360; Caffeine_420; CaCl_1140; Lysozyme_900; MgCl_270; Caffeine_780; LL37_1200; MgCl_930; CaCl_780,C=10; class_weight=None; l1_ratio=0.5; max_iter=2000; penalty=elasticnet; solver=saga,0.6180555555555556,61.80555555555556
10,Subject_1_Session9,Logistic Regression,107,CaCl_900; CaCl_810; CaCl_840; Lysozyme_990; Pep28_540; LL37_90; CaCl_540; Lysozyme_540; Lysozyme_1350; BSA_30; LL37_570; Lysozyme_1110; Lysozyme_330; LL37_630; CaCl_90; Lysozyme_420; MgCl_30; MgCl_1260; Lysine_1260; CaCl_600; MgCl_450; LL37_690; MgCl_360; MgCl_510; CaCl_630; Caffeine_300; CaCl_360; LL37_930; CaCl_1020; Lysine_630; CaCl_420; CaCl_870; Pep28_300; Lysine_390; Lysozyme_570; Pep28_240; Caffeine_540; Caffeine_270; Caffeine_450; BSA_90; LL37_750; Pep28_900; CaCl_1170; Lysozyme_120; Caffeine_750; MgCl_600; Lysine_900; CaCl_1260; Pep28_840; Caffeine_1200; Caffeine_480; MgCl_300; BSA_270; LL37_510; Caffeine_360; Caffeine_330; Lysine_420; Pep28_60; Caffeine_660; LL37_60; CaCl_1140; Lysozyme_300; MgCl_930; CaCl_330; Caffeine_210; Pep28_1050; BSA_690; LL37_180; BSA_180; MgCl_960; Lysozyme_750; Lysine_210; Lysozyme_630; BSA_1320; Caffeine_90; LL37_900; LL37_1200; LL37_840; LL37_1140; LL37_1080; Pep28_600; CaCl_780; BSA_120; BSA_1110; LL37_600; Caffeine_780; Lysozyme_780; Lysozyme_1260; MgCl_780; BSA_1170; MgCl_1170; Lysozyme_720; Caffeine_390; Caffeine_60; Lysozyme_270; Caffeine_1080; LL37_270; CaCl_1230; Pep28_360; BSA_570; Lysine_90; CaCl_210; BSA_750; Lysozyme_900; Caffeine_900; Pep28_960; MgCl_630,C=1; class_weight=balanced; max_iter=2000; penalty=l2; solver=lbfgs,0.375,37.5
11,Subject_2_Session1,Logistic Regression,135,CaCl_840; CaCl_900; CaCl_810; Lysozyme_990; Pep28_540; CaCl_540; Lysozyme_420; Lysozyme_1110; LL37_90; MgCl_1260; Lysozyme_540; CaCl_90; MgCl_450; BSA_30; CaCl_600; LL37_570; MgCl_360; MgCl_30; Caffeine_390; Caffeine_300; Lysine_630; MgCl_510; CaCl_1260; CaCl_390; MgCl_600; Caffeine_270; LL37_750; BSA_270; Lysozyme_570; BSA_180; Lysine_1260; Caffeine_540; Lysozyme_1350; Lysozyme_330; CaCl_330; Lysozyme_270; LL37_1260; Pep28_450; Caffeine_480; Caffeine_450; LL37_900; Lysozyme_120; Caffeine_210; Pep28_420; LL37_690; Caffeine_750; Caffeine_600; Caffeine_360; Pep28_300; Lysine_390; CaCl_1020; BSA_690; CaCl_870; MgCl_780; Caffeine_330; Lysine_210; Pep28_900; LL37_270; Lysine_900; CaCl_750; Pep28_240; CaCl_630; LL37_930; MgCl_1170; Lysine_420; BSA_1260; CaCl_360; CaCl_480; Lysine_270; BSA_120; CaCl_210; Pep28_210; CaCl_1170; LL37_60; BSA_1170; Lysozyme_600; BSA_1110; Pep28_360; LL37_1290; LL37_1140; Caffeine_660; Lysozyme_810; Lysozyme_690; LL37_480; CaCl_1140; BSA_90; Caffeine_90; Lysozyme_300; MgCl_960; MgCl_270; Pep28_60; Lysozyme_900; Caffeine_1140; Lysozyme_1260; LL37_840; LL37_1020; Pep28_1020; Pep28_30; Lysozyme_1050; LL37_450; Pep28_1350; Lysozyme_510; BSA_750; BSA_900; CaCl_780; LL37_630; Pep28_960; Lysozyme_720; LL37_660; Caffeine_930; Lysozyme_630; LL37_1200; BSA_570; Caffeine_510; Pep28_1200; BSA_390; CaCl_930; CaCl_570; Pep28_840; Pep28_1110; Pep28_1050; Caffeine_60; Lysine_1050; Caffeine_690; Lysine_1140; Caffeine_1170; MgCl_750; BSA_150; MgCl_90; Caffeine_1290; LL37_780; Lysine_480; Lysozyme_750; Lysine_1350; Caffeine_780,C=10; class_weight=balanced; max_iter=2000; penalty=l2; solver=lbfgs,0.5138888888888888,51.388888888888886
12,Subject_2_Session10,Logistic Regression,101,CaCl_900; CaCl_810; CaCl_840; Lysozyme_990; Pep28_540; Lysozyme_1110; LL37_90; CaCl_540; CaCl_90; MgCl_450; LL37_570; BSA_30; Lysozyme_420; Lysozyme_540; Caffeine_300; MgCl_30; Lysine_1260; MgCl_1260; MgCl_510; CaCl_600; Caffeine_270; CaCl_630; Lysine_210; Lysozyme_1350; CaCl_1020; CaCl_420; Lysozyme_270; Lysozyme_570; BSA_120; Lysine_390; Lysozyme_330; Caffeine_390; LL37_690; Caffeine_750; BSA_180; CaCl_870; Caffeine_540; Pep28_300; MgCl_600; Pep28_360; Caffeine_480; LL37_480; Caffeine_360; Lysozyme_600; MgCl_360; Caffeine_210; Pep28_630; CaCl_1260; Lysine_900; Lysozyme_120; Lysine_270; Caffeine_450; Pep28_240; Pep28_420; Lysozyme_1260; Pep28_450; Lysine_630; Pep28_60; Caffeine_330; Caffeine_660; MgCl_780; CaCl_210; BSA_1170; LL37_750; CaCl_1140; LL37_900; LL37_1260; Lysine_420; LL37_630; Caffeine_600; BSA_690; Caffeine_90; Caffeine_690; BSA_1260; Caffeine_420; LL37_60; Pep28_30; LL37_270; CaCl_780; LL37_180; CaCl_750; LL37_930; CaCl_300; LL37_1020; Lysozyme_1050; BSA_90; MgCl_960; CaCl_1170; BSA_270; Caffeine_1290; Caffeine_1200; BSA_1110; Pep28_900; Lysozyme_900; Caffeine_1170; Lysozyme_300; LL37_840; MgCl_270; MgCl_750; MgCl_1170; Caffeine_780,C=0.1; class_weight=None; l1_ratio=0.0; max_iter=2000; penalty=l2; solver=saga,0.5694444444444444,56.94444444444444
13,Subject_2_Session2,Logistic Regression,140,CaCl_900; CaCl_840; CaCl_810; Lysozyme_990; Pep28_540; LL37_90; CaCl_540; BSA_30; CaCl_90; Lysozyme_420; MgCl_450; Lysozyme_540; Lysozyme_1110; Lysine_1260; CaCl_330; CaCl_630; MgCl_510; Caffeine_300; MgCl_30; CaCl_1020; Lysozyme_1350; CaCl_870; Caffeine_750; MgCl_1260; Pep28_300; LL37_690; CaCl_420; MgCl_600; Lysozyme_270; LL37_570; CaCl_600; Caffeine_540; BSA_270; MgCl_360; Lysozyme_330; Caffeine_450; Caffeine_210; CaCl_360; BSA_180; Lysozyme_120; Lysozyme_600; LL37_900; Lysine_390; LL37_750; Caffeine_360; Pep28_900; CaCl_1260; MgCl_780; Pep28_240; Pep28_360; Caffeine_480; Lysine_420; Lysozyme_570; Caffeine_390; BSA_120; CaCl_210; LL37_1260; Lysine_900; Pep28_450; Lysine_210; Pep28_210; Caffeine_330; MgCl_960; LL37_630; BSA_1170; CaCl_1170; LL37_930; Caffeine_660; BSA_90; Lysine_630; Lysozyme_1260; Lysine_450; Pep28_30; Pep28_420; LL37_270; MgCl_1170; LL37_480; BSA_750; BSA_690; LL37_60; Pep28_600; LL37_840; CaCl_1290; Pep28_1050; CaCl_780; LL37_180; Caffeine_690; Caffeine_420; Pep28_840; Caffeine_90; Caffeine_600; Pep28_60; Pep28_630; BSA_1110; Caffeine_60; Lysine_270; LL37_1200; Lysozyme_720; MgCl_750; Caffeine_270; CaCl_1140; CaCl_750; LL37_1290; BSA_900; LL37_1020; CaCl_480; MgCl_270; Pep28_1350; Pep28_960; LL37_510; Pep28_1020; BSA_1260; Lysozyme_300; Lysozyme_900; Lysozyme_510; Pep28_1320; LL37_1140; Caffeine_1140; BSA_390; BSA_300; Caffeine_780; BSA_210; CaCl_300; Lysozyme_750; LL37_720; Caffeine_1110; Lysozyme_630; CaCl_570; MgCl_930; Lysine_1350; Caffeine_1290; Lysine_1050; Lysine_1080; Lysozyme_780; Lysine_480; Caffeine_810; Lysine_1230; Lysozyme_810; Pep28_1110; Lysine_510,C=1; class_weight=None; l1_ratio=0.0; max_iter=2000; penalty=l2; solver=saga,0.6875,68.75
14,Subject_2_Session3,Logistic Regression,103,CaCl_900; CaCl_840; CaCl_810; Lysozyme_990; CaCl_90; BSA_30; Lysozyme_540; CaCl_540; Lysozyme_420; Caffeine_300; LL37_570; LL37_90; CaCl_630; Pep28_540; MgCl_450; MgCl_510; Pep28_240; MgCl_1260; MgCl_30; Lysozyme_330; Pep28_600; Lysozyme_1110; BSA_180; CaCl_870; MgCl_600; CaCl_1020; LL37_510; Lysozyme_1350; Lysine_1260; CaCl_420; Pep28_300; Caffeine_750; BSA_120; Lysine_390; CaCl_1260; Caffeine_210; Pep28_360; BSA_270; Caffeine_360; MgCl_360; Lysozyme_570; LL37_270; CaCl_600; Pep28_900; LL37_690; Lysozyme_510; Lysine_630; CaCl_1170; LL37_750; CaCl_1290; CaCl_930; Lysozyme_120; MgCl_780; Lysine_900; Lysine_210; BSA_90; CaCl_390; Caffeine_270; Lysozyme_270; Caffeine_330; Caffeine_540; Lysine_420; Pep28_420; Pep28_60; Pep28_210; CaCl_210; Caffeine_90; LL37_60; LL37_930; CaCl_120; CaCl_360; BSA_750; BSA_690; Lysozyme_1050; Pep28_630; BSA_1110; Pep28_30; Caffeine_420; Caffeine_660; Caffeine_1200; Caffeine_1170; Pep28_1350; MgCl_930; LL37_900; BSA_1170; Pep28_1050; Lysine_360; Caffeine_390; Caffeine_690; CaCl_780; Lysine_270; BSA_900; MgCl_960; BSA_1260; Caffeine_450; Caffeine_480; MgCl_750; CaCl_750; LL37_840; MgCl_840; Lysine_750; CaCl_150; Pep28_840,C=1; class_weight=balanced; l1_ratio=0.0; max_iter=2000; penalty=l2; solver=saga,0.4236111111111111,42.36111111111111
15,Subject_2_Session4,Logistic Regression,72,CaCl_840; CaCl_900; CaCl_810; CaCl_90; Lysozyme_990; Pep28_540; LL37_90; BSA_30; LL37_570; Lysine_1260; Lysozyme_1350; Lysozyme_1110; MgCl_450; CaCl_540; LL37_270; CaCl_630; Lysozyme_420; MgCl_1260; Lysozyme_540; Pep28_450; Caffeine_300; BSA_90; MgCl_30; Caffeine_750; Caffeine_270; Caffeine_450; BSA_270; CaCl_870; LL37_750; CaCl_420; MgCl_360; Lysine_900; Lysozyme_570; MgCl_510; Lysine_390; LL37_630; CaCl_1020; BSA_120; BSA_180; CaCl_210; Pep28_420; Pep28_240; LL37_690; Pep28_300; Caffeine_390; Caffeine_90; Caffeine_360; Caffeine_210; Lysozyme_120; Pep28_900; Lysine_210; Caffeine_480; Lysozyme_270; Caffeine_330; CaCl_600; Pep28_60; Pep28_840; CaCl_1260; Pep28_360; CaCl_780; BSA_1260; MgCl_960; LL37_510; Lysozyme_300; MgCl_780; Pep28_600; CaCl_1290; CaCl_1140; Caffeine_1200; Lysine_420; Lysozyme_330; CaCl_1170,C=10; class_weight=balanced; max_iter=2000; penalty=l2; solver=lbfgs,0.4930555555555556,49.30555555555556
16,Subject_2_Session5,Logistic Regression,123,CaCl_900; CaCl_840; CaCl_810; Lysozyme_990; CaCl_540; Lysozyme_1110; LL37_90; CaCl_90; Pep28_540; BSA_30; Lysozyme_1350; Lysozyme_420; MgCl_450; MgCl_30; LL37_570; Caffeine_300; Lysine_1260; CaCl_630; MgCl_1260; MgCl_360; Caffeine_540; Lysine_900; BSA_270; CaCl_1020; Lysozyme_540; MgCl_510; CaCl_420; Caffeine_270; Caffeine_330; Caffeine_750; Lysozyme_570; Pep28_900; Caffeine_360; BSA_90; LL37_900; CaCl_600; LL37_690; CaCl_870; BSA_1260; Lysozyme_600; Lysozyme_270; CaCl_1260; CaCl_1170; Lysine_210; MgCl_600; BSA_180; Caffeine_390; LL37_750; MgCl_780; Lysine_390; Pep28_600; BSA_120; Pep28_630; Pep28_210; CaCl_780; Pep28_300; Caffeine_210; Lysine_420; Lysozyme_120; Pep28_60; LL37_480; Caffeine_450; Pep28_240; Lysine_630; MgCl_960; BSA_690; LL37_1200; CaCl_360; LL37_930; Caffeine_1200; Caffeine_480; Pep28_360; Lysine_270; LL37_1290; LL37_270; CaCl_1290; Lysozyme_1260; Pep28_420; LL37_60; Pep28_1050; Lysozyme_330; CaCl_750; Lysozyme_300; Lysine_450; Pep28_840; Pep28_450; CaCl_210; LL37_720; BSA_1170; Lysozyme_1050; LL37_630; Pep28_1320; Caffeine_1140; CaCl_930; Caffeine_60; Lysine_90; Lysozyme_690; Caffeine_660; BSA_1110; LL37_840; Caffeine_510; Caffeine_90; Caffeine_780; Caffeine_690; Lysozyme_810; MgCl_930; Caffeine_1290; CaCl_300; Pep28_1110; CaCl_150; MgCl_270; MgCl_1170; Caffeine_600; CaCl_1140; Lysine_1050; Pep28_30; Lysozyme_1320; Pep28_1350; LL37_510; Lysine_750; MgCl_750; Lysozyme_660; BSA_390,C=1; class_weight=None; max_iter=2000; penalty=l2; solver=lbfgs,0.6944444444444444,69.44444444444444
17,Subject_2_Session6,Logistic Regression,134,CaCl_840; CaCl_900; CaCl_810; Lysozyme_990; Pep28_540; CaCl_540; Lysozyme_1110; LL37_90; BSA_30; LL37_570; Lysozyme_420; MgCl_1260; CaCl_90; Lysine_1260; Lysozyme_540; MgCl_450; CaCl_630; MgCl_600; MgCl_30; Caffeine_300; MgCl_360; CaCl_1020; LL37_690; Lysozyme_1350; MgCl_510; Caffeine_750; Lysozyme_330; BSA_270; Lysine_900; CaCl_420; Caffeine_390; BSA_180; Caffeine_270; LL37_900; Caffeine_360; Caffeine_540; LL37_750; Pep28_900; Lysozyme_570; Pep28_300; Pep28_420; Lysozyme_270; Lysine_210; CaCl_870; CaCl_210; Lysozyme_120; MgCl_780; CaCl_1170; Pep28_240; MgCl_630; Pep28_600; Caffeine_480; BSA_1260; CaCl_1260; Caffeine_330; Caffeine_210; CaCl_360; Pep28_450; BSA_690; Lysozyme_1260; Lysozyme_600; BSA_120; BSA_90; Lysine_630; CaCl_330; BSA_1170; MgCl_960; LL37_510; CaCl_600; CaCl_780; LL37_630; Lysine_420; Caffeine_450; Pep28_60; LL37_480; Lysine_390; Caffeine_600; Pep28_360; Lysine_270; CaCl_750; Pep28_630; LL37_1260; LL37_270; LL37_1290; CaCl_1290; Caffeine_420; Pep28_210; Lysozyme_510; LL37_60; Pep28_1050; LL37_1140; Caffeine_1200; Caffeine_1170; Pep28_1350; Caffeine_90; CaCl_960; Lysozyme_300; LL37_1200; Pep28_840; Caffeine_660; LL37_1020; MgCl_1170; MgCl_270; LL37_930; Lysine_90; LL37_180; Caffeine_1140; Lysozyme_720; BSA_1110; Caffeine_1290; CaCl_150; Caffeine_780; BSA_750; Lysine_450; Caffeine_690; Lysozyme_1050; BSA_900; MgCl_390; Lysozyme_900; Pep28_1020; Pep28_1320; Pep28_1200; Lysozyme_750; BSA_570; Caffeine_60; Lysine_1050; BSA_390; Pep28_960; LL37_840; MgCl_930; CaCl_1140; CaCl_1110; Lysine_1230; BSA_150,C=1; class_weight=balanced; max_iter=2000; penalty=l2; solver=lbfgs,0.7777777777777778,77.77777777777779
18,Subject_2_Session7,Logistic Regression,63,CaCl_900; CaCl_810; CaCl_840; Lysozyme_990; CaCl_540; Pep28_540; CaCl_90; LL37_90; LL37_570; Lysozyme_420; Lysozyme_540; Lysozyme_1110; MgCl_450; BSA_30; MgCl_510; CaCl_420; Caffeine_300; CaCl_870; CaCl_630; MgCl_360; Caffeine_390; Lysozyme_1350; Pep28_300; MgCl_1260; Caffeine_540; Caffeine_360; CaCl_600; BSA_270; Caffeine_750; Lysozyme_330; CaCl_1020; Lysozyme_600; Lysozyme_270; MgCl_600; BSA_180; Lysozyme_570; Pep28_900; Caffeine_270; Lysine_900; MgCl_30; LL37_690; Caffeine_480; Lysine_1260; Caffeine_450; LL37_750; LL37_270; Lysine_210; Pep28_240; BSA_690; Lysine_420; Lysozyme_120; LL37_480; LL37_930; LL37_1140; LL37_840; CaCl_1170; Pep28_630; Pep28_1050; Pep28_600; CaCl_210; Lysozyme_300; Caffeine_330; Pep28_210,C=100; class_weight=balanced; l1_ratio=0.0; max_iter=2000; penalty=l1; solver=saga,0.6319444444444444,63.19444444444444
19,Subject_2_Session8,Logistic Regression,82,CaCl_900; CaCl_810; CaCl_840; Lysozyme_990; LL37_90; BSA_30; Lysozyme_420; CaCl_540; Pep28_540; Lysozyme_540; Caffeine_300; Lysozyme_1110; CaCl_90; MgCl_1260; Caffeine_390; MgCl_360; LL37_570; MgCl_30; MgCl_450; Lysine_1260; CaCl_600; CaCl_420; LL37_690; Lysozyme_330; CaCl_630; MgCl_510; Lysozyme_270; Lysozyme_60; Pep28_30; CaCl_1020; MgCl_600; Lysine_630; BSA_270; Pep28_240; Caffeine_210; CaCl_30; Lysine_900; Lysozyme_1350; Pep28_300; Caffeine_750; BSA_690; Caffeine_270; Pep28_420; Pep28_900; Caffeine_540; Pep28_1050; Lysozyme_120; Lysozyme_570; MgCl_270; LL37_900; MgCl_780; Caffeine_360; Caffeine_450; CaCl_210; Lysine_420; BSA_180; MgCl_960; CaCl_870; LL37_930; Lysine_390; LL37_750; Lysine_210; BSA_120; LL37_480; CaCl_1260; Caffeine_600; BSA_90; LL37_270; CaCl_780; LL37_510; Lysozyme_630; Pep28_60; Caffeine_330; Pep28_630; LL37_1200; CaCl_1290; CaCl_360; BSA_1260; Caffeine_480; LL37_60; Caffeine_1200; CaCl_1140,C=100; class_weight=None; max_iter=2000; penalty=l2; solver=lbfgs,0.5763888888888888,57.638888888888886
20,Subject_2_Session9,Logistic Regression,99,CaCl_900; CaCl_840; CaCl_810; Lysozyme_990; BSA_30; CaCl_90; Lysozyme_1110; CaCl_540; Pep28_540; CaCl_930; LL37_570; LL37_90; MgCl_30; Lysozyme_540; MgCl_450; Lysozyme_1350; CaCl_870; MgCl_360; Lysozyme_420; Caffeine_300; Lysozyme_270; Lysozyme_570; CaCl_600; CaCl_420; Lysozyme_120; CaCl_630; Lysine_390; Lysine_900; BSA_270; Lysine_1260; LL37_930; CaCl_1020; Caffeine_540; Caffeine_270; Caffeine_750; Pep28_900; LL37_750; MgCl_510; LL37_690; LL37_900; Caffeine_480; Caffeine_360; MgCl_1260; Pep28_300; Lysine_630; LL37_60; Lysozyme_330; Lysine_210; BSA_120; Caffeine_450; Caffeine_210; MgCl_600; BSA_90; Caffeine_330; MgCl_780; Pep28_240; MgCl_960; CaCl_1260; Lysine_420; MgCl_1170; Pep28_360; BSA_180; Pep28_210; CaCl_750; BSA_690; LL37_630; Caffeine_660; LL37_480; Pep28_1050; LL37_270; CaCl_1140; Pep28_450; Lysozyme_450; CaCl_1170; LL37_1140; MgCl_270; CaCl_330; Caffeine_60; Lysozyme_210; LL37_1290; Pep28_420; Caffeine_600; Pep28_960; BSA_1170; Lysozyme_630; Lysine_450; Pep28_1200; Pep28_60; Lysozyme_390; MgCl_930; Pep28_1350; LL37_840; LL37_1200; Lysine_1050; CaCl_1290; Caffeine_420; Pep28_840; Pep28_630; Caffeine_1200,C=10; class_weight=None; l1_ratio=0.0; max_iter=2000; penalty=l2; solver=saga,0.0416666666666666,4.16666666666666
21,Subject_3_Session1,Logistic Regression,108,CaCl_900; CaCl_810; CaCl_840; Lysozyme_990; CaCl_540; Pep28_540; LL37_90; Lysozyme_1110; BSA_30; CaCl_870; MgCl_450; CaCl_90; Lysozyme_540; LL37_570; Lysozyme_420; MgCl_1260; MgCl_30; Lysine_1260; Caffeine_300; Lysozyme_330; CaCl_630; Caffeine_540; MgCl_510; CaCl_1020; MgCl_600; Caffeine_360; Lysine_630; Caffeine_480; MgCl_360; Lysozyme_1350; LL37_690; CaCl_420; BSA_270; Caffeine_750; Lysine_390; Lysine_900; LL37_750; Pep28_300; Lysine_210; CaCl_1260; Pep28_900; BSA_180; Pep28_60; CaCl_1170; Caffeine_270; Lysozyme_1260; Lysozyme_570; Lysozyme_270; Pep28_360; BSA_690; Caffeine_330; BSA_90; Lysine_420; BSA_120; LL37_930; Caffeine_450; MgCl_960; LL37_900; Lysozyme_600; Pep28_420; MgCl_780; Pep28_600; Caffeine_390; Pep28_240; LL37_480; Pep28_450; LL37_1140; CaCl_600; Caffeine_210; Lysozyme_630; LL37_270; Pep28_1050; CaCl_780; LL37_1260; Lysozyme_120; Lysozyme_300; CaCl_1140; Caffeine_60; Lysozyme_750; Lysine_270; LL37_1290; CaCl_210; Caffeine_420; LL37_510; LL37_60; MgCl_1170; CaCl_750; Pep28_30; Pep28_1350; BSA_1170; BSA_1260; Pep28_630; LL37_1020; LL37_630; Lysine_90; Lysine_450; Caffeine_600; CaCl_1290; LL37_1200; Lysozyme_1320; BSA_1110; Pep28_210; Lysozyme_900; BSA_570; MgCl_930; Pep28_840; MgCl_270; LL37_840,C=10; class_weight=None; max_iter=2000; penalty=l2; solver=lbfgs,0.6666666666666666,66.66666666666666
22,Subject_3_Session10,Logistic Regression,79,CaCl_900; CaCl_840; CaCl_810; Lysozyme_990; Pep28_540; CaCl_540; LL37_90; BSA_30; Lysozyme_1110; Lysozyme_420; CaCl_330; CaCl_90; Lysozyme_540; MgCl_30; LL37_570; Lysine_1260; Lysozyme_1350; MgCl_450; CaCl_630; CaCl_870; MgCl_510; CaCl_1020; Caffeine_300; MgCl_1260; Lysozyme_330; LL37_690; Caffeine_750; Pep28_300; Lysozyme_600; CaCl_420; LL37_750; Caffeine_270; MgCl_600; MgCl_360; Lysine_630; Pep28_900; Lysine_210; Lysine_900; Lysozyme_570; Caffeine_450; CaCl_1260; CaCl_600; Lysozyme_270; BSA_270; LL37_270; Pep28_240; Caffeine_390; Lysozyme_120; Caffeine_360; Caffeine_540; BSA_120; BSA_180; Lysozyme_630; MgCl_960; Pep28_360; MgCl_780; CaCl_1170; LL37_900; Caffeine_480; Lysine_420; Caffeine_330; BSA_90; BSA_1260; MgCl_270; CaCl_780; LL37_630; BSA_1170; LL37_1290; Pep28_60; CaCl_210; CaCl_1140; BSA_690; LL37_1200; Pep28_450; Pep28_210; Caffeine_1200; Pep28_1050; LL37_1260; CaCl_750,C=0.1; class_weight=None; max_iter=2000; penalty=l2; solver=lbfgs,0.7222222222222222,72.22222222222221
23,Subject_3_Session2,Logistic Regression,128,CaCl_900; CaCl_840; CaCl_810; Lysozyme_990; Pep28_540; CaCl_540; Lysozyme_540; LL37_90; CaCl_90; Lysozyme_420; MgCl_450; Lysozyme_1110; LL37_570; CaCl_630; Caffeine_300; Lysozyme_1350; BSA_30; MgCl_360; Caffeine_270; MgCl_510; BSA_270; Lysine_900; Caffeine_360; Caffeine_330; Lysine_1260; MgCl_1260; Caffeine_420; Lysine_210; BSA_1170; Pep28_60; MgCl_30; Caffeine_540; CaCl_420; Pep28_630; Lysozyme_270; Lysozyme_330; LL37_690; Caffeine_450; LL37_630; BSA_90; Caffeine_750; Lysozyme_570; CaCl_1020; CaCl_600; Pep28_900; Lysozyme_600; Caffeine_90; Lysozyme_1260; CaCl_1170; Pep28_240; MgCl_600; CaCl_1260; LL37_480; MgCl_780; Lysozyme_120; Lysine_390; Lysozyme_630; LL37_900; Caffeine_480; CaCl_1140; Pep28_300; Caffeine_780; LL37_930; Pep28_210; CaCl_360; CaCl_870; Lysozyme_300; LL37_750; BSA_120; CaCl_210; BSA_690; CaCl_330; Pep28_1050; MgCl_960; Pep28_600; Pep28_420; Lysine_270; CaCl_750; BSA_1110; LL37_180; Caffeine_210; Lysine_420; LL37_1290; Pep28_450; CaCl_780; Caffeine_1140; CaCl_1290; CaCl_510; Lysozyme_780; Pep28_1350; LL37_270; LL37_1200; Pep28_1320; BSA_1260; LL37_1140; LL37_840; Pep28_1020; Pep28_360; Lysozyme_510; MgCl_1170; Lysine_480; LL37_60; Lysozyme_1050; Lysine_450; MgCl_930; Caffeine_60; LL37_540; Caffeine_1110; BSA_180; Lysine_630; Pep28_1200; CaCl_960; Caffeine_1200; Pep28_840; Lysozyme_690; Lysozyme_900; Caffeine_390; Caffeine_660; BSA_1290; Lysine_1050; Pep28_960; BSA_570; LL37_1260; Lysine_60; Pep28_330; Lysozyme_810; MgCl_120; Pep28_30,C=100; class_weight=balanced; max_iter=2000; penalty=l2; solver=lbfgs,0.4097222222222222,40.97222222222222
24,Subject_3_Session3,Logistic Regression,80,CaCl_900; CaCl_840; CaCl_810; Lysozyme_990; Pep28_540; CaCl_90; LL37_90; Lysozyme_420; BSA_30; CaCl_540; MgCl_30; LL37_570; CaCl_420; MgCl_360; MgCl_450; LL37_690; Lysozyme_1350; Lysozyme_540; MgCl_1260; Lysozyme_1110; CaCl_630; MgCl_600; MgCl_510; CaCl_600; Lysine_1260; Caffeine_270; Caffeine_390; LL37_900; Pep28_300; LL37_480; Lysozyme_270; Lysine_390; Pep28_900; Pep28_240; Lysine_900; Caffeine_450; Lysozyme_120; Pep28_360; Caffeine_360; BSA_270; CaCl_1020; Lysine_210; CaCl_1260; Lysozyme_330; Lysozyme_570; LL37_750; Lysozyme_300; Caffeine_210; Caffeine_540; Lysozyme_1260; Caffeine_750; BSA_120; CaCl_1170; LL37_510; MgCl_960; LL37_1140; Lysine_420; BSA_90; LL37_840; Caffeine_330; BSA_690; CaCl_210; LL37_930; BSA_180; Lysozyme_150; CaCl_780; Caffeine_300; Caffeine_600; Lysine_630; LL37_270; Pep28_420; MgCl_780; LL37_60; CaCl_360; Pep28_1110; Pep28_450; BSA_1260; LL37_1200; Caffeine_480; Caffeine_90,C=1; class_weight=balanced; max_iter=2000; penalty=l2; solver=lbfgs,0.4236111111111111,42.36111111111111
25,Subject_3_Session4,Logistic Regression,113,CaCl_900; CaCl_840; CaCl_810; Lysozyme_990; Pep28_540; CaCl_870; CaCl_540; BSA_30; CaCl_930; Lysozyme_420; CaCl_90; CaCl_630; LL37_90; Lysozyme_540; LL37_570; MgCl_1260; CaCl_600; MgCl_360; CaCl_1020; Lysozyme_1110; Lysozyme_1350; Caffeine_300; CaCl_420; MgCl_450; LL37_930; MgCl_30; MgCl_510; Caffeine_750; Lysine_1260; Pep28_900; LL37_270; Caffeine_270; Lysozyme_570; BSA_180; Lysine_900; Lysozyme_330; BSA_270; MgCl_600; Lysozyme_120; Pep28_240; CaCl_1170; Caffeine_450; Caffeine_360; Lysozyme_600; Lysozyme_270; LL37_690; BSA_90; LL37_750; Lysine_210; Caffeine_330; LL37_900; BSA_120; Lysine_420; Caffeine_660; MgCl_960; Pep28_300; Lysine_390; Pep28_420; LL37_60; CaCl_360; MgCl_780; BSA_1260; CaCl_1260; CaCl_330; Lysozyme_510; LL37_630; BSA_690; Pep28_1320; Caffeine_480; CaCl_750; LL37_840; Lysine_630; CaCl_780; LL37_1290; BSA_1110; CaCl_1290; Caffeine_210; BSA_1170; Caffeine_60; Pep28_360; Caffeine_1140; CaCl_210; MgCl_930; Caffeine_1170; Pep28_1350; Pep28_30; Caffeine_1200; LL37_510; BSA_570; CaCl_150; LL37_1140; Pep28_210; Caffeine_600; Lysozyme_630; Caffeine_540; LL37_1200; CaCl_1140; MgCl_270; Pep28_570; Caffeine_690; Pep28_1020; Caffeine_420; LL37_1020; Pep28_1200; MgCl_90; Lysine_450; Pep28_960; Lysozyme_780; Caffeine_390; BSA_750; Lysozyme_210; Pep28_630; Pep28_1050,C=1; class_weight=None; max_iter=2000; penalty=l2; solver=lbfgs,0.5763888888888888,57.638888888888886
26,Subject_3_Session5,Logistic Regression,88,CaCl_900; CaCl_810; CaCl_840; Lysozyme_990; BSA_30; Pep28_540; CaCl_90; Lysozyme_420; CaCl_420; Lysozyme_1110; CaCl_540; MgCl_450; LL37_90; CaCl_630; LL37_570; Lysozyme_540; MgCl_510; Lysozyme_1350; Lysine_1260; MgCl_360; Pep28_900; Lysozyme_330; CaCl_1020; MgCl_30; MgCl_1260; BSA_270; Caffeine_390; Caffeine_300; Caffeine_540; Lysozyme_570; CaCl_600; LL37_690; MgCl_600; Lysine_630; BSA_180; Lysine_900; Caffeine_270; Caffeine_750; Caffeine_450; Lysine_210; LL37_750; Caffeine_360; Pep28_240; Lysozyme_270; Lysozyme_120; CaCl_870; LL37_900; BSA_120; LL37_480; Lysine_390; Lysine_420; CaCl_1170; Pep28_420; Pep28_450; Pep28_300; CaCl_210; CaCl_1260; Lysozyme_1260; Caffeine_330; LL37_930; MgCl_780; Pep28_1050; Caffeine_480; Lysozyme_510; LL37_270; BSA_1170; CaCl_750; CaCl_1290; BSA_90; Lysozyme_600; Pep28_210; Pep28_360; Lysine_450; Pep28_60; LL37_510; BSA_1110; BSA_1260; Caffeine_660; MgCl_1170; MgCl_960; CaCl_780; LL37_1020; Caffeine_600; LL37_840; LL37_1200; LL37_1140; LL37_1260; Lysozyme_300,C=10; class_weight=balanced; max_iter=2000; penalty=l2; solver=lbfgs,0.6319444444444444,63.19444444444444
27,Subject_3_Session6,Logistic Regression,133,CaCl_900; CaCl_840; CaCl_810; Lysozyme_990; LL37_90; Pep28_540; Lysozyme_1110; BSA_30; CaCl_540; CaCl_870; Lysine_1260; MgCl_1260; CaCl_630; Caffeine_300; MgCl_360; Pep28_30; Lysozyme_420; Caffeine_360; MgCl_30; CaCl_90; Lysozyme_540; LL37_570; MgCl_600; CaCl_600; LL37_750; LL37_690; Pep28_600; Caffeine_540; Lysozyme_570; BSA_180; CaCl_420; BSA_120; Lysine_900; Lysine_630; BSA_90; Pep28_240; BSA_270; CaCl_1020; Lysozyme_330; LL37_630; Caffeine_330; MgCl_510; Caffeine_450; CaCl_1170; Pep28_630; BSA_1260; Pep28_420; Lysine_210; MgCl_780; Caffeine_480; CaCl_780; Lysozyme_300; Caffeine_1200; Lysozyme_600; Lysozyme_1350; Caffeine_750; BSA_1170; Lysozyme_1260; Lysine_420; Pep28_300; LL37_480; MgCl_270; LL37_900; Lysine_390; LL37_1260; MgCl_960; LL37_930; Caffeine_90; BSA_750; Caffeine_420; CaCl_210; CaCl_1260; Lysozyme_270; Caffeine_390; Pep28_360; LL37_270; LL37_600; Pep28_900; LL37_1290; Lysozyme_510; CaCl_750; MgCl_480; Caffeine_210; Pep28_60; Lysine_1050; LL37_60; CaCl_930; CaCl_960; BSA_690; Caffeine_660; BSA_540; LL37_120; LL37_720; CaCl_1140; Lysozyme_120; BSA_360; CaCl_300; Pep28_1050; Caffeine_1170; MgCl_450; Caffeine_1290; Caffeine_690; MgCl_1170; Pep28_1350; Caffeine_270; Pep28_450; Lysozyme_900; LL37_1020; Lysozyme_750; LL37_30; Lysine_450; Pep28_1020; LL37_1140; MgCl_930; CaCl_270; BSA_630; Lysozyme_870; BSA_390; LL37_840; Lysine_1230; BSA_1050; Lysozyme_390; Pep28_480; LL37_1200; Pep28_330; BSA_1110; Lysine_1080; Lysozyme_360; Pep28_750; BSA_900; LL37_660; Pep28_1320; MgCl_390,C=10; class_weight=None; l1_ratio=0.0; max_iter=2000; penalty=l2; solver=saga,0.4513888888888889,45.13888888888889
28,Subject_3_Session7,Logistic Regression,98,CaCl_900; CaCl_810; CaCl_840; Lysozyme_990; CaCl_540; Lysozyme_1110; Pep28_540; BSA_30; CaCl_420; LL37_90; LL37_570; Lysine_1260; CaCl_90; Lysozyme_420; MgCl_30; MgCl_450; Lysozyme_540; CaCl_600; Caffeine_300; MgCl_360; LL37_930; MgCl_1260; Lysine_900; MgCl_510; CaCl_630; LL37_900; LL37_750; Caffeine_360; Lysozyme_1350; Caffeine_540; LL37_630; Lysozyme_330; Caffeine_750; CaCl_870; Caffeine_450; Caffeine_270; Lysine_390; Lysozyme_570; MgCl_600; Caffeine_330; Lysine_210; CaCl_1020; Pep28_30; Caffeine_390; Pep28_900; LL37_690; BSA_270; CaCl_930; BSA_180; Pep28_300; BSA_120; Pep28_240; MgCl_780; Lysine_630; Caffeine_480; Pep28_360; LL37_60; Pep28_60; CaCl_1260; CaCl_1170; Lysine_420; Lysozyme_180; Lysozyme_270; Caffeine_210; BSA_90; CaCl_210; CaCl_360; LL37_510; MgCl_960; LL37_1260; Caffeine_660; CaCl_1290; Pep28_1050; Caffeine_1200; BSA_1170; BSA_690; Pep28_450; CaCl_750; BSA_1260; Lysozyme_600; BSA_210; Lysozyme_390; CaCl_330; CaCl_1140; CaCl_150; Pep28_210; LL37_1200; Lysine_1350; Lysozyme_450; Pep28_420; Caffeine_690; Caffeine_90; BSA_570; LL37_270; MgCl_930; Lysine_90; MgCl_750; MgCl_270,C=100; class_weight=None; max_iter=2000; penalty=l2; solver=lbfgs,0.2222222222222222,22.22222222222222
29,Subject_3_Session8,Logistic Regression,69,CaCl_900; CaCl_810; CaCl_840; Lysozyme_990; Lysozyme_1110; LL37_90; Lysozyme_420; CaCl_540; CaCl_90; LL37_570; Lysozyme_540; BSA_30; Pep28_540; MgCl_450; Lysozyme_1350; CaCl_630; Lysine_1260; Caffeine_300; CaCl_870; Caffeine_750; MgCl_510; Lysozyme_570; CaCl_1020; CaCl_420; MgCl_600; Caffeine_540; MgCl_30; MgCl_1260; MgCl_360; Lysozyme_120; BSA_270; Lysine_210; Caffeine_270; LL37_630; Lysine_420; Pep28_300; Caffeine_480; CaCl_600; Caffeine_450; MgCl_780; Lysozyme_330; Caffeine_390; Caffeine_360; LL37_750; Pep28_600; Lysine_630; Pep28_420; BSA_90; Pep28_900; CaCl_210; LL37_1200; Lysine_900; MgCl_270; BSA_120; BSA_180; CaCl_1260; Pep28_240; CaCl_1170; MgCl_960; LL37_690; Lysine_390; Lysozyme_600; Pep28_450; LL37_480; Caffeine_210; BSA_690; LL37_900; Caffeine_330; LL37_270,C=0.1; class_weight=None; l1_ratio=0.0; max_iter=2000; penalty=l2; solver=saga,0.75,75.0
30,Subject_3_Session9,Logistic Regression,99,CaCl_900; CaCl_840; CaCl_810; Lysozyme_990; Pep28_540; Lysozyme_1110; CaCl_540; LL37_570; MgCl_1260; Lysine_1260; BSA_30; CaCl_600; LL37_30; CaCl_90; MgCl_450; Caffeine_300; CaCl_420; MgCl_510; Lysozyme_540; LL37_180; MgCl_360; BSA_270; LL37_90; MgCl_600; Caffeine_270; Caffeine_30; Lysozyme_420; Lysozyme_1350; Pep28_30; Pep28_420; LL37_690; CaCl_1020; Caffeine_540; Lysine_390; Caffeine_750; Lysozyme_330; MgCl_960; Pep28_900; Lysozyme_1260; CaCl_630; LL37_900; LL37_930; Lysozyme_570; MgCl_30; Lysine_210; LL37_270; Pep28_600; Lysine_630; CaCl_1260; Lysine_420; Lysozyme_270; Caffeine_450; Pep28_630; Pep28_360; Caffeine_360; Caffeine_330; LL37_750; Caffeine_390; BSA_1170; MgCl_780; BSA_180; BSA_120; Lysozyme_510; CaCl_780; Pep28_450; Caffeine_210; Lysine_60; Pep28_210; LL37_630; CaCl_210; Lysine_450; Caffeine_480; LL37_840; Caffeine_1200; CaCl_750; LL37_480; Lysine_1350; MgCl_270; Caffeine_780; Lysozyme_390; Lysine_900; BSA_690; Lysozyme_300; Lysine_270; LL37_540; Pep28_1050; Pep28_1320; Pep28_300; Caffeine_1140; BSA_570; Lysozyme_120; CaCl_1170; CaCl_870; CaCl_450; BSA_930; CaCl_1140; Lysozyme_600; Lysine_30; Lysozyme_780,C=10; class_weight=None; l1_ratio=0.0; max_iter=2000; penalty=l2; solver=saga,0.4375,43.75
1,Subject_1_Session1,LDA,83,CaCl_900; CaCl_810; CaCl_330; BSA_30; CaCl_930; Lysozyme_420; CaCl_90; Caffeine_300; LL37_90; CaCl_540; BSA_270; Lysozyme_330; MgCl_450; MgCl_30; BSA_180; Lysozyme_540; Lysozyme_1110; Lysozyme_270; Pep28_600; MgCl_510; Lysozyme_1350; Pep28_60; Caffeine_360; Lysozyme_570; Caffeine_480; LL37_900; Pep28_540; Pep28_450; MgCl_360; LL37_750; Lysozyme_510; MgCl_780; MgCl_960; CaCl_360; Caffeine_450; Lysine_750; Lysine_420; LL37_690; Lysozyme_120; LL37_570; Lysozyme_810; CaCl_1140; Pep28_210; Pep28_420; Caffeine_330; CaCl_750; Caffeine_270; CaCl_870; CaCl_1020; Pep28_180; CaCl_450; Pep28_1320; Pep28_330; LL37_480; CaCl_210; Pep28_510; BSA_120; Lysine_210; Lysine_390; Caffeine_210; CaCl_1170; BSA_1110; LL37_270; Pep28_1050; CaCl_420; Caffeine_780; Pep28_840; Pep28_810; LL37_840; Caffeine_1200; CaCl_840; LL37_60; Caffeine_750; BSA_240; MgCl_270; Pep28_300; CaCl_510; Caffeine_540; BSA_90; CaCl_570; LL37_420; LL37_1140; CaCl_780,solver=svd,0.4652777777777778,46.52777777777778
2,Subject_1_Session10,LDA,77,CaCl_900; CaCl_810; CaCl_330; CaCl_930; BSA_30; CaCl_540; Lysozyme_420; LL37_90; CaCl_90; Lysozyme_540; Lysozyme_510; MgCl_450; Pep28_60; MgCl_30; Lysozyme_270; Lysozyme_1350; BSA_270; Lysozyme_1110; Caffeine_300; MgCl_360; MgCl_960; Caffeine_450; CaCl_210; Caffeine_360; Lysine_420; Lysozyme_330; Pep28_420; MgCl_510; Pep28_540; LL37_900; BSA_180; LL37_750; LL37_570; Lysozyme_120; CaCl_750; Pep28_600; CaCl_1020; Caffeine_210; LL37_690; CaCl_870; MgCl_780; Caffeine_270; CaCl_1140; LL37_480; Caffeine_780; LL37_60; CaCl_1170; CaCl_360; Pep28_900; Caffeine_480; Lysozyme_570; BSA_1110; Caffeine_330; Lysozyme_300; Pep28_300; Lysine_390; Pep28_450; Pep28_240; Pep28_360; Lysine_270; Caffeine_540; BSA_90; Pep28_210; LL37_840; Pep28_180; Pep28_330; LL37_180; Lysine_210; LL37_270; Lysozyme_360; Caffeine_1200; BSA_300; MgCl_930; Caffeine_930; LL37_210; Lysozyme_240; Lysozyme_1050,solver=svd,0.5694444444444444,56.94444444444444
3,Subject_1_Session2,LDA,68,CaCl_900; CaCl_810; CaCl_330; BSA_30; Lysozyme_420; Caffeine_300; CaCl_930; LL37_90; CaCl_90; Lysozyme_540; MgCl_450; CaCl_540; MgCl_30; Lysozyme_270; MgCl_510; Lysozyme_570; BSA_180; LL37_570; MgCl_360; Pep28_420; Lysozyme_1110; Lysozyme_1350; CaCl_360; Pep28_540; Caffeine_360; BSA_270; CaCl_1020; MgCl_780; Pep28_60; Caffeine_270; Pep28_600; CaCl_750; MgCl_960; CaCl_210; LL37_750; Lysozyme_120; Caffeine_450; LL37_900; CaCl_870; Lysozyme_330; CaCl_1140; LL37_480; Caffeine_480; Caffeine_210; Lysozyme_510; Lysine_420; Pep28_900; LL37_60; Pep28_180; Lysine_750; LL37_690; Lysine_390; Lysine_210; CaCl_1290; Pep28_300; Lysozyme_300; CaCl_1170; BSA_1110; Caffeine_1200; Caffeine_330; Pep28_360; BSA_300; CaCl_480; Pep28_210; Pep28_330; Caffeine_750; LL37_840; Pep28_450,solver=svd,0.5555555555555556,55.55555555555556
4,Subject_1_Session3,LDA,103,CaCl_900; CaCl_810; CaCl_330; BSA_30; Lysozyme_420; LL37_90; Caffeine_300; MgCl_30; CaCl_90; CaCl_540; CaCl_930; Lysozyme_540; Lysozyme_1350; BSA_180; MgCl_450; BSA_270; CaCl_360; MgCl_960; Lysozyme_270; Pep28_540; Lysozyme_330; MgCl_360; Lysozyme_510; Lysozyme_1110; Pep28_60; CaCl_1020; Lysozyme_120; Pep28_420; Caffeine_360; MgCl_510; Lysozyme_570; Pep28_600; LL37_570; Caffeine_450; Caffeine_270; MgCl_780; CaCl_870; CaCl_750; CaCl_1140; BSA_300; Lysine_420; LL37_750; Lysine_750; LL37_690; Lysine_210; Pep28_210; BSA_1110; Pep28_300; Caffeine_210; Pep28_180; Caffeine_330; CaCl_210; Lysine_390; Lysozyme_300; Caffeine_750; LL37_510; Caffeine_540; LL37_270; LL37_60; LL37_900; LL37_480; Caffeine_90; Lysozyme_810; Caffeine_780; Pep28_450; Lysine_450; Lysozyme_720; Caffeine_480; Caffeine_1200; Pep28_1320; BSA_780; LL37_840; CaCl_1170; Pep28_360; CaCl_570; Pep28_240; BSA_90; MgCl_270; MgCl_930; Caffeine_390; Pep28_1020; Pep28_330; Pep28_1050; LL37_1290; Caffeine_60; CaCl_1290; CaCl_780; LL37_1140; Lysozyme_990; Caffeine_420; BSA_900; Lysine_720; MgCl_420; Caffeine_930; CaCl_150; CaCl_840; Pep28_510; Lysozyme_690; BSA_690; Pep28_390; Pep28_120; BSA_360; BSA_120,solver=svd,0.5694444444444444,56.94444444444444
5,Subject_1_Session4,LDA,103,CaCl_900; CaCl_810; BSA_30; CaCl_330; Lysozyme_420; Caffeine_300; CaCl_540; MgCl_30; MgCl_450; CaCl_90; CaCl_930; Lysozyme_540; MgCl_780; Lysozyme_1350; Lysozyme_270; Lysozyme_1110; Caffeine_360; LL37_60; BSA_270; Pep28_540; Lysozyme_570; Caffeine_330; MgCl_960; Caffeine_210; Lysine_210; Caffeine_450; CaCl_870; LL37_690; MgCl_510; BSA_180; Caffeine_270; Pep28_60; CaCl_1020; LL37_480; Lysozyme_330; Lysozyme_120; MgCl_360; Lysozyme_510; LL37_900; CaCl_360; LL37_750; Pep28_300; Pep28_420; CaCl_1140; Pep28_600; CaCl_750; Pep28_240; CaCl_210; LL37_270; CaCl_450; BSA_1110; LL37_840; Pep28_360; LL37_1290; MgCl_1080; Caffeine_480; Lysozyme_810; LL37_510; Caffeine_1200; Pep28_180; CaCl_780; Pep28_30; LL37_1020; Lysozyme_300; LL37_570; BSA_750; Lysozyme_720; BSA_720; Pep28_210; Pep28_390; LL37_180; Pep28_900; LL37_90; Pep28_330; Caffeine_930; MgCl_270; MgCl_600; CaCl_1170; CaCl_1230; Pep28_450; MgCl_930; Caffeine_750; MgCl_1170; LL37_1050; Caffeine_780; Lysozyme_1050; BSA_120; BSA_300; Lysozyme_990; Lysine_180; LL37_1200; Pep28_120; Lysine_930; Lysine_420; MgCl_300; Lysine_270; CaCl_420; Pep28_1020; BSA_690; Pep28_1320; Caffeine_1290; Caffeine_90; Caffeine_390,solver=svd,0.375,37.5
6,Subject_1_Session5,LDA,91,BSA_30; Lysozyme_420; Caffeine_300; CaCl_90; LL37_90; Lysozyme_540; MgCl_450; CaCl_540; Lysozyme_1110; MgCl_30; Lysozyme_270; Lysozyme_330; Lysozyme_1350; Lysozyme_570; Pep28_60; BSA_270; MgCl_360; CaCl_750; BSA_180; LL37_900; Caffeine_360; Lysozyme_510; LL37_750; Pep28_600; LL37_570; MgCl_510; Lysozyme_120; Pep28_540; Caffeine_270; CaCl_1020; MgCl_960; Caffeine_450; CaCl_210; LL37_690; Pep28_420; CaCl_1170; MgCl_780; LL37_480; Caffeine_90; CaCl_900; Lysine_750; BSA_120; Caffeine_330; Lysine_420; LL37_60; Pep28_240; Caffeine_210; BSA_1110; Lysine_390; BSA_690; Caffeine_1200; Caffeine_540; Pep28_1320; Pep28_30; Lysozyme_300; Pep28_180; Lysine_450; Pep28_900; LL37_840; Lysozyme_810; LL37_180; CaCl_1140; Pep28_330; Caffeine_480; Lysozyme_720; CaCl_870; Caffeine_750; Caffeine_930; CaCl_780; Pep28_210; Lysozyme_630; LL37_270; BSA_90; CaCl_360; Lysine_270; Pep28_360; MgCl_270; Pep28_1050; CaCl_1290; LL37_1200; Lysine_210; Pep28_1020; Lysozyme_1050; Lysine_1350; BSA_390; BSA_750; Caffeine_780; Caffeine_390; CaCl_600; LL37_660; MgCl_1080,solver=svd,0.5902777777777778,59.02777777777778
7,Subject_1_Session6,LDA,107,CaCl_900; CaCl_810; CaCl_330; BSA_30; CaCl_90; Lysozyme_420; CaCl_930; Caffeine_300; Lysozyme_1110; CaCl_360; MgCl_450; Lysozyme_270; Lysozyme_570; LL37_90; Lysozyme_1350; BSA_270; Pep28_60; Lysozyme_330; CaCl_1020; Lysozyme_510; BSA_180; MgCl_510; Lysozyme_120; MgCl_30; LL37_900; Caffeine_270; MgCl_780; CaCl_1140; LL37_750; MgCl_360; Caffeine_360; CaCl_1170; Caffeine_450; LL37_690; MgCl_960; Pep28_180; LL37_480; CaCl_750; BSA_720; CaCl_600; LL37_270; CaCl_210; Caffeine_1200; CaCl_840; Pep28_420; LL37_120; Caffeine_330; LL37_570; Lysozyme_300; Caffeine_750; Lysine_390; Lysine_420; Pep28_450; Caffeine_600; MgCl_600; Lysozyme_600; Pep28_570; Caffeine_210; Caffeine_540; Pep28_210; Lysine_750; Pep28_300; BSA_1110; LL37_930; Lysine_210; LL37_840; LL37_60; BSA_120; Pep28_360; Pep28_840; Caffeine_90; BSA_300; CaCl_570; CaCl_1290; Caffeine_420; Pep28_30; BSA_90; LL37_30; BSA_630; BSA_750; LL37_1200; Caffeine_930; CaCl_870; LL37_600; LL37_420; MgCl_930; Pep28_390; LL37_1140; Pep28_120; BSA_690; CaCl_780; Lysozyme_990; MgCl_270; Pep28_900; Pep28_600; BSA_1170; CaCl_1230; Lysine_1230; Pep28_330; Lysine_450; Caffeine_780; Pep28_1320; Pep28_1050; LL37_1290; Lysozyme_690; Caffeine_1290; CaCl_1260,solver=svd,0.1944444444444444,19.44444444444444
8,Subject_1_Session7,LDA,74,CaCl_900; CaCl_810; CaCl_330; BSA_30; LL37_90; Caffeine_300; CaCl_90; Lysozyme_420; CaCl_540; Lysozyme_540; MgCl_30; BSA_270; MgCl_450; CaCl_930; Lysozyme_270; MgCl_960; Pep28_420; Lysozyme_570; CaCl_360; MgCl_360; MgCl_510; Pep28_540; BSA_180; LL37_570; Pep28_60; LL37_750; MgCl_780; Lysozyme_330; Caffeine_270; LL37_900; Lysozyme_510; Lysozyme_120; Lysozyme_300; Lysine_210; Pep28_600; CaCl_750; Caffeine_360; CaCl_1020; LL37_480; Caffeine_450; Caffeine_210; Caffeine_480; BSA_300; LL37_690; CaCl_210; Caffeine_330; Pep28_30; CaCl_1260; CaCl_1290; Lysine_420; CaCl_1140; Pep28_240; CaCl_870; LL37_270; Pep28_900; BSA_120; Caffeine_750; Pep28_1320; Lysozyme_1350; LL37_840; Pep28_300; Lysine_750; CaCl_1170; Caffeine_1200; Caffeine_540; Pep28_210; Caffeine_780; LL37_60; Lysine_390; BSA_690; Caffeine_90; CaCl_840; Pep28_360; Lysine_270,solver=svd,0.5625,56.25
9,Subject_1_Session8,LDA,82,CaCl_900; CaCl_810; BSA_30; CaCl_330; CaCl_930; Lysozyme_420; Caffeine_300; Pep28_540; Lysozyme_540; Lysozyme_270; MgCl_30; LL37_90; CaCl_540; Lysozyme_1350; MgCl_450; BSA_270; MgCl_780; LL37_570; Lysozyme_330; Lysine_390; Lysozyme_510; BSA_180; MgCl_510; Pep28_420; Lysozyme_1110; LL37_900; Caffeine_480; Pep28_60; Lysine_420; CaCl_1020; MgCl_360; CaCl_750; MgCl_960; CaCl_1140; Lysozyme_120; Caffeine_210; LL37_750; Lysozyme_570; LL37_480; CaCl_420; Pep28_120; Caffeine_270; Caffeine_360; Caffeine_90; CaCl_840; Lysozyme_300; Lysozyme_810; BSA_1110; Lysine_750; LL37_690; LL37_420; CaCl_210; Lysine_450; Lysine_210; CaCl_90; Caffeine_450; LL37_60; CaCl_1290; Pep28_30; Pep28_1320; Pep28_600; Pep28_210; BSA_750; Pep28_900; LL37_270; LL37_210; Caffeine_1200; BSA_120; MgCl_930; BSA_90; Caffeine_780; CaCl_870; LL37_840; Lysozyme_630; MgCl_270; BSA_720; Pep28_180; CaCl_1170; Pep28_300; Pep28_1050; Caffeine_930; BSA_690,solver=svd,0.5763888888888888,57.638888888888886
10,Subject_1_Session9,LDA,100,CaCl_900; CaCl_810; CaCl_930; CaCl_330; BSA_30; Lysozyme_420; LL37_90; Caffeine_300; CaCl_90; Lysozyme_540; Lysozyme_330; Lysozyme_510; MgCl_30; CaCl_540; Lysozyme_1350; LL37_570; MgCl_450; CaCl_360; Pep28_60; Lysozyme_1110; MgCl_360; MgCl_510; CaCl_1020; Lysozyme_120; Lysozyme_570; LL37_690; BSA_270; CaCl_1140; CaCl_840; Pep28_600; LL37_60; Pep28_540; Caffeine_480; Caffeine_270; LL37_900; MgCl_960; Lysozyme_270; Caffeine_360; Lysine_420; LL37_750; Caffeine_90; Caffeine_450; BSA_180; Caffeine_330; Lysozyme_300; MgCl_780; BSA_1110; Caffeine_1200; Pep28_840; BSA_300; CaCl_1170; LL37_210; Pep28_240; Pep28_420; BSA_1320; MgCl_930; Lysine_750; Lysozyme_810; CaCl_750; Caffeine_210; Pep28_300; BSA_90; BSA_720; Lysine_390; Caffeine_780; LL37_840; LL37_510; LL37_180; Caffeine_1080; MgCl_420; CaCl_870; Pep28_900; MgCl_300; Caffeine_930; CaCl_1230; LL37_480; BSA_750; CaCl_210; Caffeine_540; LL37_1020; Lysine_210; LL37_1080; LL37_420; Lysine_660; Pep28_390; Caffeine_660; BSA_120; BSA_690; LL37_930; Pep28_330; Caffeine_690; Lysine_270; LL37_270; Lysine_450; Pep28_1050; Caffeine_750; Pep28_360; Pep28_180; CaCl_780; LL37_1200,solver=svd,0.3472222222222222,34.72222222222222
11,Subject_2_Session1,LDA,110,CaCl_810; CaCl_900; CaCl_330; CaCl_930; Lysozyme_420; BSA_30; LL37_90; CaCl_540; Caffeine_300; CaCl_90; MgCl_450; Lysozyme_1110; CaCl_840; Lysozyme_540; CaCl_360; BSA_270; MgCl_30; LL37_750; MgCl_360; BSA_180; Pep28_540; Pep28_60; Lysozyme_270; LL37_570; LL37_900; Lysozyme_510; Lysozyme_120; Lysozyme_1350; Lysozyme_570; Caffeine_360; Lysozyme_330; CaCl_750; Caffeine_270; MgCl_780; CaCl_1020; Pep28_420; Caffeine_210; Lysozyme_630; CaCl_1140; MgCl_510; Pep28_600; Caffeine_450; MgCl_960; Caffeine_480; CaCl_480; LL37_60; Caffeine_330; Caffeine_90; Lysozyme_810; Lysine_270; LL37_480; BSA_1110; LL37_270; LL37_690; Pep28_180; Pep28_300; Pep28_240; CaCl_210; Lysine_420; Caffeine_930; Pep28_450; Pep28_30; BSA_300; LL37_840; Caffeine_390; CaCl_570; Pep28_210; Lysozyme_300; CaCl_1170; Pep28_390; LL37_1140; Lysine_390; Lysozyme_690; LL37_1290; Pep28_900; Caffeine_780; MgCl_270; Lysine_750; BSA_120; Pep28_1020; MgCl_1170; CaCl_390; BSA_720; Caffeine_540; Lysine_450; BSA_90; Lysine_210; BSA_690; Caffeine_1170; BSA_750; Pep28_1320; Pep28_360; Caffeine_660; CaCl_1230; Lysozyme_720; LL37_1020; Caffeine_750; CaCl_780; Pep28_660; LL37_210; Pep28_330; LL37_1050; Lysozyme_1050; LL37_660; MgCl_330; BSA_780; Lysozyme_360; MgCl_600; MgCl_1080; Lysine_180,solver=svd,0.5416666666666666,54.166666666666664
12,Subject_2_Session10,LDA,89,CaCl_900; CaCl_810; CaCl_330; CaCl_930; Lysozyme_420; BSA_30; LL37_90; MgCl_450; CaCl_90; Caffeine_300; Lysozyme_540; CaCl_540; MgCl_30; Lysozyme_270; Pep28_60; Lysozyme_1110; LL37_570; Pep28_540; Caffeine_270; BSA_180; Lysozyme_510; Lysozyme_570; Lysine_210; Lysozyme_330; LL37_480; Lysozyme_1350; CaCl_1140; MgCl_780; Caffeine_360; Lysozyme_120; MgCl_510; CaCl_1020; Lysine_270; Pep28_420; MgCl_360; CaCl_750; MgCl_960; CaCl_360; Pep28_300; Caffeine_210; Caffeine_480; Pep28_600; LL37_900; CaCl_870; LL37_60; CaCl_210; Caffeine_90; Caffeine_450; LL37_750; BSA_120; BSA_1110; Lysine_390; BSA_270; Lysine_750; Lysozyme_810; CaCl_510; LL37_690; Lysine_660; Lysine_720; LL37_270; Caffeine_330; Lysozyme_300; Caffeine_930; BSA_60; LL37_840; Pep28_360; Caffeine_690; BSA_690; LL37_1050; Caffeine_1200; Lysozyme_1050; Pep28_1320; Caffeine_540; LL37_180; CaCl_780; BSA_750; MgCl_270; Pep28_240; Lysine_420; CaCl_1170; Caffeine_780; Caffeine_420; Pep28_180; MgCl_1080; Caffeine_750; Lysozyme_630; Caffeine_1170; Pep28_450; CaCl_300,shrinkage=0.1; solver=lsqr,0.3958333333333333,39.58333333333333
13,Subject_2_Session2,LDA,110,CaCl_900; CaCl_810; CaCl_330; BSA_30; Lysozyme_420; LL37_90; CaCl_930; CaCl_360; Caffeine_300; MgCl_450; CaCl_90; Lysozyme_540; CaCl_540; Lysozyme_270; BSA_270; MgCl_30; LL37_900; Lysozyme_510; Lysozyme_1110; Lysozyme_1350; Pep28_540; Lysozyme_120; MgCl_510; MgCl_780; CaCl_1020; BSA_180; Caffeine_210; Lysozyme_330; CaCl_840; Pep28_60; MgCl_960; Caffeine_360; Pep28_600; Caffeine_450; MgCl_360; LL37_480; CaCl_750; LL37_750; Lysozyme_570; Caffeine_480; CaCl_1140; LL37_60; CaCl_210; Pep28_420; Caffeine_90; LL37_690; Pep28_210; BSA_1110; CaCl_480; Lysine_420; Pep28_300; LL37_840; Pep28_240; BSA_720; Pep28_900; Pep28_30; Lysine_450; Caffeine_330; BSA_300; CaCl_1290; LL37_270; Lysine_270; Pep28_450; BSA_750; Lysine_390; CaCl_870; Pep28_180; BSA_120; Pep28_1320; Lysine_210; Caffeine_750; Caffeine_780; Pep28_330; Caffeine_690; Lysine_750; CaCl_570; Pep28_360; LL37_1050; CaCl_1170; BSA_90; Caffeine_540; Lysozyme_810; Lysozyme_720; Pep28_840; Lysozyme_300; Caffeine_660; CaCl_780; LL37_1290; MgCl_1170; Pep28_1050; LL37_510; MgCl_930; BSA_900; Caffeine_420; Caffeine_930; LL37_1200; MgCl_270; Pep28_1020; LL37_570; Lysine_1320; Lysine_180; BSA_390; Caffeine_270; Lysine_660; Caffeine_390; Pep28_510; MgCl_750; Caffeine_150; Pep28_390; Lysozyme_630,solver=svd,0.5694444444444444,56.94444444444444
14,Subject_2_Session3,LDA,79,CaCl_900; CaCl_810; CaCl_330; BSA_30; Lysozyme_420; CaCl_90; Caffeine_300; Lysozyme_540; CaCl_540; LL37_90; Lysozyme_510; Pep28_60; BSA_270; BSA_180; MgCl_30; Pep28_600; MgCl_450; Caffeine_360; MgCl_360; CaCl_1020; Lysozyme_330; Lysozyme_1350; CaCl_930; MgCl_510; Lysozyme_570; Lysozyme_270; LL37_510; LL37_270; Pep28_180; CaCl_360; Lysozyme_1110; Pep28_420; Pep28_240; Lysozyme_120; MgCl_960; CaCl_870; LL37_570; Lysine_750; Pep28_540; Caffeine_90; Pep28_210; Caffeine_210; MgCl_780; CaCl_210; Pep28_360; LL37_60; BSA_120; LL37_750; CaCl_1140; CaCl_750; Caffeine_330; Lysozyme_810; BSA_1110; LL37_900; CaCl_1170; Lysine_390; Pep28_300; Caffeine_270; CaCl_1290; Lysozyme_1050; Caffeine_1200; BSA_750; BSA_300; LL37_690; MgCl_930; BSA_780; Caffeine_930; Lysine_210; LL37_1050; Caffeine_450; Pep28_840; Caffeine_750; CaCl_1320; BSA_690; Caffeine_780; Lysine_660; LL37_840; Caffeine_540; BSA_90,solver=svd,0.4444444444444444,44.44444444444444
15,Subject_2_Session4,LDA,83,CaCl_900; CaCl_810; CaCl_330; BSA_30; CaCl_90; CaCl_930; LL37_90; Caffeine_300; MgCl_450; Lysozyme_420; Lysozyme_1350; Pep28_540; Pep28_60; CaCl_540; Lysozyme_540; Lysozyme_510; Pep28_420; LL37_270; BSA_270; Caffeine_270; MgCl_30; Lysozyme_270; LL37_570; Lysozyme_570; Lysozyme_1110; MgCl_360; Caffeine_360; LL37_750; Lysozyme_120; MgCl_780; BSA_180; MgCl_960; Caffeine_210; CaCl_1140; BSA_90; CaCl_1020; Caffeine_450; Caffeine_90; CaCl_360; CaCl_210; Pep28_450; CaCl_870; Pep28_180; Lysozyme_300; Lysozyme_330; BSA_120; MgCl_510; Lysine_750; CaCl_750; Pep28_840; Pep28_1320; BSA_1110; Caffeine_330; LL37_900; Pep28_240; LL37_690; Pep28_600; CaCl_780; LL37_840; Caffeine_480; Pep28_660; CaCl_1290; Lysine_450; Pep28_300; Pep28_210; Lysine_390; LL37_480; LL37_420; Caffeine_750; LL37_60; LL37_510; BSA_690; Lysine_420; LL37_1290; CaCl_1170; Caffeine_420; MgCl_330; Lysine_210; Caffeine_1200; Pep28_330; Caffeine_930; BSA_750; BSA_540,solver=svd,0.4722222222222222,47.22222222222222
16,Subject_2_Session5,LDA,92,CaCl_900; CaCl_810; CaCl_930; CaCl_330; CaCl_540; BSA_30; Lysozyme_420; LL37_90; Caffeine_300; CaCl_90; MgCl_30; Lysozyme_1350; MgCl_450; BSA_270; Pep28_60; Lysozyme_540; Lysozyme_1110; MgCl_360; MgCl_780; LL37_900; Pep28_600; Lysozyme_570; Lysozyme_270; CaCl_1020; Caffeine_360; Caffeine_270; Lysozyme_510; MgCl_510; LL37_480; BSA_180; Caffeine_330; MgCl_960; CaCl_750; Lysozyme_120; CaCl_360; Lysine_750; Lysozyme_810; LL37_570; Caffeine_450; Caffeine_210; CaCl_1170; Pep28_210; LL37_750; Pep28_420; CaCl_840; BSA_90; Caffeine_540; LL37_60; Lysine_270; Pep28_1320; Pep28_540; LL37_690; CaCl_870; Lysine_210; Pep28_180; Caffeine_90; Pep28_900; CaCl_1290; BSA_120; LL37_1200; Lysine_420; CaCl_210; LL37_1050; BSA_1110; Lysine_450; Caffeine_930; BSA_300; Lysozyme_300; CaCl_780; Lysozyme_330; CaCl_1140; Caffeine_780; Lysozyme_690; Caffeine_480; Pep28_840; Caffeine_750; Lysozyme_1050; Pep28_300; Pep28_390; Caffeine_1200; BSA_690; LL37_1290; Lysine_390; BSA_720; MgCl_270; LL37_270; CaCl_450; Caffeine_390; Caffeine_690; LL37_840; Pep28_1050; Lysozyme_990,solver=svd,0.7083333333333334,70.83333333333334
17,Subject_2_Session6,LDA,91,CaCl_900; CaCl_810; CaCl_330; Lysozyme_420; BSA_30; LL37_90; Caffeine_300; CaCl_540; Lysozyme_540; Lysozyme_1110; CaCl_90; MgCl_30; MgCl_450; BSA_270; Lysozyme_270; Pep28_540; Pep28_60; CaCl_360; Lysozyme_510; Lysozyme_330; LL37_900; LL37_570; MgCl_360; CaCl_1020; Pep28_420; Lysozyme_570; Lysozyme_1350; Caffeine_360; BSA_180; MgCl_780; Lysozyme_120; LL37_750; MgCl_960; Caffeine_270; CaCl_930; Pep28_600; MgCl_510; CaCl_210; CaCl_750; Caffeine_450; LL37_690; CaCl_870; LL37_480; Caffeine_210; CaCl_1170; Lysine_270; Lysine_750; Pep28_450; LL37_60; Pep28_180; Caffeine_330; Pep28_300; Caffeine_480; Lysine_210; CaCl_1290; Pep28_1320; BSA_1110; Caffeine_90; Pep28_240; Lysozyme_300; Caffeine_750; Pep28_210; BSA_690; Lysozyme_810; BSA_300; LL37_270; Caffeine_540; Caffeine_930; CaCl_780; Pep28_900; Caffeine_1200; CaCl_960; CaCl_1140; Lysine_420; Caffeine_780; Caffeine_390; LL37_1290; BSA_90; MgCl_270; LL37_510; BSA_750; BSA_120; Lysozyme_720; LL37_1050; Pep28_330; Caffeine_1170; Lysine_450; Pep28_1050; LL37_840; Pep28_1020; CaCl_840,solver=svd,0.8472222222222222,84.72222222222221
18,Subject_2_Session7,LDA,61,CaCl_900; CaCl_810; CaCl_330; Lysozyme_420; CaCl_930; BSA_30; CaCl_90; Caffeine_300; CaCl_540; Lysozyme_540; LL37_90; BSA_270; MgCl_450; Pep28_60; Lysozyme_270; Lysozyme_1350; CaCl_360; Pep28_600; Caffeine_360; LL37_570; Lysozyme_330; Lysozyme_510; MgCl_510; Lysozyme_1110; BSA_180; MgCl_360; Lysozyme_570; MgCl_30; Lysine_750; LL37_750; Lysozyme_120; MgCl_780; Caffeine_270; MgCl_960; CaCl_1020; Pep28_540; LL37_480; Caffeine_450; Caffeine_480; Pep28_300; CaCl_870; CaCl_750; CaCl_1140; LL37_840; Caffeine_390; Caffeine_210; LL37_900; Pep28_420; LL37_270; Lysozyme_300; Caffeine_540; Pep28_660; CaCl_210; Lysine_420; BSA_690; Pep28_900; Pep28_180; Lysine_210; Caffeine_330; Caffeine_90; BSA_1110,solver=svd,0.6597222222222222,65.97222222222221
19,Subject_2_Session8,LDA,71,CaCl_900; CaCl_810; CaCl_330; CaCl_930; BSA_30; Lysozyme_420; Caffeine_300; LL37_90; CaCl_540; CaCl_90; Lysozyme_540; MgCl_450; Lysozyme_270; Lysozyme_330; BSA_270; CaCl_360; MgCl_30; MgCl_360; Pep28_540; MgCl_780; Pep28_420; Lysozyme_60; Lysozyme_1110; Caffeine_360; MgCl_960; Caffeine_210; CaCl_30; Pep28_60; MgCl_510; LL37_480; Lysozyme_510; BSA_180; LL37_900; CaCl_1020; Lysozyme_120; LL37_570; Caffeine_270; Pep28_600; MgCl_270; Lysozyme_570; CaCl_1140; Lysozyme_1350; Caffeine_390; CaCl_210; CaCl_750; LL37_750; CaCl_840; LL37_690; LL37_60; Pep28_300; Lysozyme_810; Caffeine_450; Pep28_1050; Pep28_240; Pep28_900; BSA_690; LL37_270; Caffeine_480; Lysine_750; BSA_1110; Pep28_30; CaCl_420; Lysine_420; Caffeine_1200; BSA_750; BSA_90; CaCl_870; CaCl_1290; Caffeine_330; LL37_1200; Caffeine_540,solver=svd,0.5347222222222222,53.47222222222222
20,Subject_2_Session9,LDA,113,CaCl_900; CaCl_810; BSA_30; CaCl_330; CaCl_90; Caffeine_300; Lysozyme_420; LL37_90; MgCl_30; MgCl_450; Lysozyme_270; Lysozyme_540; CaCl_540; Lysozyme_1110; Lysozyme_1350; Lysozyme_570; BSA_270; MgCl_360; LL37_900; Pep28_60; LL37_60; Lysozyme_120; MgCl_960; CaCl_870; LL37_570; MgCl_780; LL37_750; Caffeine_480; Pep28_540; CaCl_1140; BSA_180; Lysozyme_330; Caffeine_270; CaCl_750; CaCl_1020; Caffeine_360; Lysozyme_510; Caffeine_450; Pep28_600; Lysine_390; Pep28_300; MgCl_510; Caffeine_210; LL37_480; Pep28_420; Pep28_210; LL37_690; Caffeine_330; Lysine_210; Pep28_900; Lysozyme_810; BSA_90; Pep28_240; BSA_120; CaCl_360; Caffeine_540; CaCl_1170; LL37_1050; Lysine_420; MgCl_1170; Pep28_1320; LL37_930; BSA_1110; Caffeine_90; Lysozyme_210; LL37_270; Pep28_330; Caffeine_930; BSA_690; MgCl_270; Caffeine_660; Lysozyme_300; LL37_840; Pep28_1050; Caffeine_1200; Lysine_750; Caffeine_750; Pep28_1200; CaCl_510; BSA_720; Pep28_180; Caffeine_780; Pep28_360; Pep28_450; LL37_420; Lysine_660; Lysine_450; Pep28_120; Pep28_840; LL37_1290; CaCl_1290; Pep28_30; BSA_1290; LL37_1140; BSA_750; CaCl_570; MgCl_930; CaCl_210; CaCl_1050; Caffeine_1170; Lysozyme_450; CaCl_420; CaCl_1230; BSA_300; LL37_180; LL37_1200; BSA_240; BSA_930; Pep28_1020; Pep28_570; BSA_60; Lysozyme_150; MgCl_600,solver=svd,0.0416666666666666,4.16666666666666
21,Subject_3_Session1,LDA,90,CaCl_900; CaCl_810; CaCl_330; CaCl_930; BSA_30; Lysozyme_420; LL37_90; Caffeine_300; MgCl_450; CaCl_90; Lysozyme_1110; CaCl_540; Lysozyme_540; Pep28_60; MgCl_30; BSA_270; Lysozyme_510; Pep28_540; Lysozyme_330; MgCl_360; BSA_180; CaCl_1020; Caffeine_480; MgCl_960; LL37_570; MgCl_780; Lysozyme_270; Caffeine_360; Pep28_420; MgCl_510; LL37_750; LL37_900; CaCl_750; CaCl_870; Lysozyme_570; Caffeine_270; Lysozyme_1350; Pep28_600; CaCl_1140; LL37_480; Caffeine_450; Caffeine_330; LL37_690; Lysozyme_120; Pep28_900; Lysine_420; CaCl_360; Lysine_750; Caffeine_540; BSA_1110; Caffeine_210; BSA_690; LL37_60; BSA_300; CaCl_1170; Lysine_390; Pep28_300; Lysozyme_300; CaCl_210; Lysine_210; BSA_90; LL37_270; LL37_840; LL37_1290; Pep28_1320; LL37_510; Lysine_270; Pep28_360; Pep28_180; Pep28_330; CaCl_1290; BSA_120; Lysine_450; Pep28_1050; LL37_1140; CaCl_780; Pep28_240; Pep28_450; CaCl_960; Caffeine_90; Pep28_30; Caffeine_420; Caffeine_750; Caffeine_930; Caffeine_780; Pep28_120; Pep28_210; Lysozyme_1260; Lysozyme_810; Caffeine_390,solver=svd,0.7430555555555556,74.30555555555556
22,Subject_3_Session10,LDA,78,CaCl_900; CaCl_810; BSA_30; CaCl_330; Lysozyme_420; CaCl_930; LL37_90; CaCl_540; Lysozyme_540; Caffeine_300; MgCl_30; MgCl_450; Lysozyme_1350; CaCl_90; Lysozyme_1110; Pep28_60; Lysozyme_270; Lysozyme_330; CaCl_360; Lysozyme_510; BSA_270; CaCl_1020; MgCl_510; Lysozyme_570; MgCl_960; Caffeine_270; Pep28_600; LL37_750; MgCl_780; Caffeine_360; LL37_900; Lysozyme_120; Pep28_540; BSA_180; LL37_570; MgCl_360; CaCl_750; CaCl_840; Caffeine_450; CaCl_1140; LL37_270; LL37_690; Pep28_420; Lysine_210; Pep28_180; Pep28_300; CaCl_1290; Pep28_1320; MgCl_270; Caffeine_1200; BSA_1110; CaCl_870; LL37_840; CaCl_510; Pep28_900; CaCl_210; Caffeine_90; Caffeine_330; LL37_60; Caffeine_480; BSA_120; Lysine_750; Lysine_420; Caffeine_750; CaCl_480; Pep28_360; Caffeine_930; Pep28_240; BSA_750; Caffeine_780; CaCl_1170; Lysozyme_300; LL37_1290; Caffeine_540; LL37_480; Pep28_1050; Pep28_210; Caffeine_390,solver=svd,0.6875,68.75
23,Subject_3_Session2,LDA,63,CaCl_900; CaCl_810; Lysozyme_420; CaCl_930; BSA_30; LL37_90; Lysozyme_540; Caffeine_300; CaCl_330; MgCl_450; CaCl_540; BSA_270; Pep28_60; CaCl_90; Lysozyme_1110; Pep28_540; Lysozyme_1350; Lysozyme_270; CaCl_360; MgCl_360; MgCl_30; Caffeine_360; Caffeine_330; Lysozyme_510; Lysozyme_570; Caffeine_90; Lysozyme_330; MgCl_780; MgCl_960; CaCl_1140; Lysine_210; Lysozyme_120; Caffeine_270; LL37_900; Caffeine_420; Caffeine_450; Pep28_600; CaCl_1020; BSA_90; LL37_480; MgCl_510; LL37_570; CaCl_750; CaCl_450; Pep28_900; Lysozyme_300; Caffeine_780; Lysine_750; Pep28_330; BSA_1170; LL37_750; Pep28_420; CaCl_1170; Lysine_270; LL37_690; BSA_1110; Pep28_1320; Lysine_390; CaCl_840; BSA_300; Pep28_240; Caffeine_540; CaCl_210,solver=svd,0.2291666666666666,22.91666666666666
24,Subject_3_Session3,LDA,97,CaCl_900; CaCl_810; CaCl_330; BSA_30; Lysozyme_420; CaCl_930; CaCl_90; LL37_90; MgCl_30; CaCl_540; MgCl_450; MgCl_360; Lysozyme_270; Lysozyme_540; Lysozyme_1350; LL37_900; BSA_270; CaCl_360; Pep28_540; LL37_480; MgCl_510; Caffeine_300; Lysozyme_330; Pep28_60; LL37_690; MgCl_960; Lysozyme_120; LL37_570; Pep28_600; Caffeine_270; Lysozyme_570; MgCl_780; Lysozyme_510; Caffeine_210; Caffeine_360; LL37_750; CaCl_1020; Lysozyme_300; Pep28_420; BSA_180; Lysozyme_1110; Pep28_300; Caffeine_450; Lysine_750; LL37_60; CaCl_750; CaCl_210; LL37_840; Lysozyme_810; Pep28_900; CaCl_1140; Caffeine_90; CaCl_840; LL37_270; Pep28_240; Lysine_210; Caffeine_330; CaCl_1170; Caffeine_930; LL37_510; Caffeine_1200; Lysozyme_990; Lysine_420; LL37_1140; Pep28_360; BSA_120; Pep28_210; Pep28_1320; Lysine_390; CaCl_780; CaCl_870; BSA_300; LL37_1050; Caffeine_690; BSA_1110; Pep28_330; Caffeine_1170; BSA_750; BSA_90; CaCl_1290; Caffeine_390; Caffeine_480; LL37_1200; Pep28_450; Lysozyme_690; BSA_690; CaCl_690; Caffeine_540; MgCl_240; Pep28_1050; Lysine_660; CaCl_1230; Pep28_180; LL37_660; Pep28_1020; Pep28_660; CaCl_1320,solver=svd,0.4444444444444444,44.44444444444444
25,Subject_3_Session4,LDA,82,CaCl_900; CaCl_810; CaCl_330; BSA_30; Lysozyme_420; CaCl_540; LL37_90; CaCl_90; Caffeine_300; Lysozyme_540; Lysozyme_1350; BSA_270; MgCl_360; Lysozyme_510; Pep28_540; CaCl_1020; CaCl_870; BSA_180; LL37_270; CaCl_360; Lysozyme_120; MgCl_30; Lysozyme_570; Lysozyme_270; Lysozyme_330; LL37_900; MgCl_510; Caffeine_270; MgCl_960; Pep28_420; MgCl_780; MgCl_450; Caffeine_360; LL37_570; CaCl_750; Pep28_600; Pep28_60; LL37_60; Lysozyme_1110; Pep28_900; CaCl_1140; Caffeine_450; CaCl_1170; LL37_930; Pep28_1320; Pep28_240; LL37_750; LL37_840; Lysine_750; BSA_1110; Caffeine_330; CaCl_210; Caffeine_750; Caffeine_480; Pep28_180; Lysozyme_810; Pep28_210; BSA_90; Caffeine_1170; LL37_1050; Lysine_420; BSA_120; BSA_690; Caffeine_1200; Lysine_210; LL37_690; Pep28_300; CaCl_1290; LL37_1290; Pep28_390; Caffeine_660; MgCl_270; MgCl_930; Lysozyme_300; Caffeine_210; LL37_480; BSA_750; CaCl_780; LL37_1140; Pep28_1050; Lysine_660; Pep28_330,solver=svd,0.7291666666666666,72.91666666666666
26,Subject_3_Session5,LDA,95,CaCl_900; CaCl_810; CaCl_330; CaCl_930; BSA_30; Lysozyme_420; CaCl_90; Caffeine_300; MgCl_450; LL37_90; Lysozyme_540; Lysozyme_1350; BSA_270; Lysozyme_330; CaCl_540; MgCl_30; Lysozyme_510; Lysozyme_570; BSA_180; MgCl_360; MgCl_510; Lysozyme_270; Pep28_540; MgCl_780; Pep28_60; Lysozyme_1110; LL37_900; LL37_570; Lysozyme_120; LL37_750; CaCl_1020; CaCl_750; Pep28_420; LL37_480; CaCl_360; Caffeine_360; Pep28_900; Caffeine_270; Caffeine_450; CaCl_420; MgCl_960; BSA_1110; Pep28_600; CaCl_210; Lysine_210; Lysine_420; Lysine_750; LL37_60; CaCl_840; Pep28_240; Pep28_180; CaCl_870; Caffeine_330; LL37_690; LL37_270; CaCl_1170; CaCl_1140; Pep28_210; BSA_120; Lysozyme_300; Caffeine_480; Caffeine_390; Lysine_390; CaCl_1290; Pep28_1320; Caffeine_540; Lysine_660; Pep28_450; Lysine_450; Pep28_120; Caffeine_1200; LL37_840; CaCl_510; BSA_750; Pep28_1050; Lysine_270; LL37_420; MgCl_270; CaCl_570; Pep28_330; Caffeine_210; LL37_510; BSA_300; Caffeine_660; MgCl_930; MgCl_1170; Pep28_300; Pep28_840; LL37_1290; LL37_1050; Lysozyme_720; Lysozyme_660; Caffeine_750; Caffeine_780; Pep28_30,solver=svd,0.5902777777777778,59.02777777777778
27,Subject_3_Session6,LDA,59,CaCl_900; CaCl_810; CaCl_330; BSA_30; LL37_90; Lysozyme_420; Caffeine_300; Lysozyme_540; CaCl_930; Lysozyme_1110; CaCl_540; Pep28_540; Caffeine_360; MgCl_30; MgCl_360; CaCl_90; BSA_270; Pep28_30; CaCl_870; Pep28_60; Lysozyme_330; Pep28_420; Lysozyme_570; BSA_180; LL37_750; Lysozyme_510; MgCl_960; MgCl_780; Lysozyme_270; LL37_900; CaCl_750; Pep28_600; CaCl_1140; CaCl_1020; Lysozyme_300; LL37_480; Caffeine_90; Lysozyme_1350; Caffeine_450; Caffeine_330; LL37_690; LL37_60; CaCl_1170; BSA_90; Lysozyme_120; BSA_120; Caffeine_210; BSA_1110; LL37_570; Pep28_330; CaCl_210; Caffeine_1200; Caffeine_480; LL37_840; MgCl_510; Lysine_750; Pep28_240; BSA_750; MgCl_420,solver=svd,0.5347222222222222,53.47222222222222
28,Subject_3_Session7,LDA,98,CaCl_900; CaCl_810; CaCl_330; BSA_30; Lysozyme_420; Caffeine_300; LL37_90; CaCl_540; MgCl_450; CaCl_90; LL37_900; Lysozyme_540; MgCl_30; Pep28_60; Lysozyme_1110; CaCl_360; LL37_570; Lysozyme_1350; MgCl_360; BSA_270; Lysozyme_330; LL37_750; Lysozyme_570; BSA_180; Caffeine_360; MgCl_960; MgCl_780; Caffeine_270; Lysozyme_510; Lysozyme_270; MgCl_510; CaCl_420; Pep28_540; CaCl_870; CaCl_1020; LL37_60; Lysozyme_180; CaCl_750; Caffeine_480; Caffeine_450; LL37_930; Pep28_420; CaCl_930; Pep28_600; Pep28_30; Caffeine_210; CaCl_1140; CaCl_1170; Caffeine_330; Caffeine_90; Pep28_900; CaCl_210; Pep28_240; Pep28_300; Lysine_390; Lysine_210; Caffeine_1200; LL37_1050; Pep28_210; Pep28_180; Caffeine_930; Pep28_330; Caffeine_540; Lysine_420; LL37_480; Pep28_1320; BSA_1110; BSA_720; Pep28_1050; Pep28_360; Lysine_750; BSA_120; Caffeine_780; LL37_510; Lysozyme_810; Lysozyme_300; MgCl_930; LL37_690; Pep28_450; MgCl_270; Caffeine_750; CaCl_840; Pep28_120; CaCl_1290; Caffeine_1170; BSA_300; Lysozyme_240; LL37_1200; Lysine_450; BSA_1140; LL37_1290; LL37_270; BSA_90; BSA_690; BSA_240; Caffeine_660; MgCl_1080; Caffeine_390,solver=svd,0.3263888888888889,32.63888888888889
29,Subject_3_Session8,LDA,98,CaCl_900; CaCl_810; CaCl_330; Lysozyme_420; BSA_30; CaCl_930; CaCl_90; LL37_90; Caffeine_300; CaCl_540; Lysozyme_540; Lysozyme_1350; Lysozyme_1110; MgCl_450; BSA_270; Lysozyme_570; LL37_570; MgCl_30; CaCl_1020; Lysozyme_120; Pep28_60; Pep28_600; Lysozyme_510; MgCl_780; CaCl_360; MgCl_960; Pep28_540; Lysozyme_330; LL37_900; MgCl_510; Caffeine_360; Caffeine_270; MgCl_360; Pep28_420; CaCl_750; Caffeine_480; CaCl_870; BSA_180; CaCl_210; Caffeine_450; CaCl_1140; Lysozyme_270; LL37_750; LL37_480; Lysine_420; Caffeine_90; Caffeine_210; Lysine_210; Lysine_750; CaCl_1170; Caffeine_540; LL37_840; MgCl_270; BSA_1110; Pep28_900; Caffeine_330; Caffeine_750; Lysozyme_810; Lysine_270; Pep28_180; LL37_1200; BSA_90; Lysine_660; Caffeine_930; Lysozyme_300; Pep28_300; Pep28_450; Pep28_210; LL37_270; Pep28_240; CaCl_1290; Pep28_30; Caffeine_1200; BSA_300; BSA_120; Pep28_1320; LL37_690; BSA_750; Pep28_390; Pep28_840; Pep28_120; Lysine_390; CaCl_690; CaCl_510; Pep28_330; Lysozyme_720; BSA_690; BSA_390; BSA_720; Pep28_1050; LL37_60; MgCl_930; Pep28_1020; MgCl_1080; Lysine_1320; LL37_1140; CaCl_480; Caffeine_390,solver=svd,0.6736111111111112,67.36111111111111
30,Subject_3_Session9,LDA,122,CaCl_900; CaCl_810; CaCl_330; CaCl_930; BSA_30; Pep28_540; Caffeine_300; LL37_30; Pep28_420; Lysozyme_420; Lysozyme_540; MgCl_450; BSA_270; CaCl_90; Lysozyme_510; LL37_180; CaCl_540; LL37_90; CaCl_840; Lysozyme_1350; LL37_570; Caffeine_30; MgCl_960; Lysozyme_270; MgCl_360; Lysozyme_1110; Pep28_30; Lysozyme_570; Caffeine_270; LL37_900; MgCl_780; Caffeine_360; Lysozyme_330; MgCl_510; LL37_480; Caffeine_450; CaCl_750; BSA_180; Lysine_30; LL37_270; Pep28_600; CaCl_1020; LL37_690; CaCl_360; Caffeine_210; CaCl_210; CaCl_1140; Pep28_60; LL37_840; Lysine_450; Lysine_420; Lysine_210; Pep28_210; Lysine_390; Caffeine_480; LL37_750; Pep28_900; Lysine_60; Caffeine_330; Lysine_750; Pep28_360; LL37_930; Lysine_270; LL37_1050; Pep28_450; Pep28_1320; Lysozyme_300; Caffeine_1200; Lysozyme_810; CaCl_780; Caffeine_780; BSA_1110; Caffeine_750; BSA_120; Lysozyme_120; Pep28_270; Lysozyme_660; MgCl_600; CaCl_1230; CaCl_1170; LL37_420; MgCl_30; BSA_750; Pep28_840; Pep28_330; Lysozyme_720; CaCl_420; Caffeine_390; CaCl_1290; Caffeine_1170; BSA_930; BSA_630; MgCl_270; MgCl_930; Lysine_330; CaCl_600; Lysine_660; BSA_690; CaCl_570; Lysozyme_780; Lysine_1350; Caffeine_90; Pep28_510; Caffeine_540; LL37_210; Pep28_390; CaCl_1050; LL37_1200; Pep28_180; Lysozyme_690; CaCl_870; LL37_510; MgCl_1260; LL37_1290; CaCl_480; Pep28_1050; Caffeine_660; MgCl_120; Pep28_300; Lysine_720; Lysozyme_990; BSA_1290,solver=svd,0.4444444444444444,44.44444444444444
1,Subject_1_Session1,XGBoost,53,Caffeine_1110; Lysine_900; Lysine_1080; Pep28_840; CaCl_900; BSA_720; Caffeine_90; CaCl_1200; Lysozyme_330; CaCl_600; MgCl_1020; Pep28_210; Pep28_660; Lysine_270; MgCl_30; Lysozyme_180; LL37_660; Caffeine_450; BSA_90; LL37_870; CaCl_1020; Lysozyme_60; CaCl_1320; LL37_30; Caffeine_570; Lysine_630; MgCl_1080; CaCl_180; Caffeine_390; Caffeine_1230; BSA_30; Lysine_60; MgCl_510; CaCl_420; Lysozyme_1050; LL37_900; Pep28_30; Lysine_450; Caffeine_690; Lysozyme_720; CaCl_630; CaCl_690; Caffeine_300; Caffeine_240; Pep28_60; BSA_120; MgCl_780; Pep28_750; CaCl_780; Pep28_300; Pep28_390; MgCl_360; Lysozyme_300,colsample_bytree=1.0; learning_rate=0.1; max_depth=5; n_estimators=100; subsample=1.0,0.4861111111111111,48.61111111111111
2,Subject_1_Session10,XGBoost,86,CaCl_900; CaCl_1320; Caffeine_1110; Lysine_900; BSA_660; Caffeine_630; LL37_240; MgCl_510; Pep28_240; LL37_150; Pep28_1350; MgCl_120; Caffeine_450; MgCl_780; Lysine_660; LL37_120; BSA_360; CaCl_480; Lysine_960; LL37_1170; BSA_480; Pep28_60; Lysozyme_450; LL37_840; BSA_30; Lysozyme_60; Pep28_300; Caffeine_270; BSA_60; CaCl_90; Caffeine_480; Lysine_1110; BSA_720; Caffeine_210; LL37_30; MgCl_450; BSA_180; MgCl_1080; MgCl_180; Lysozyme_330; Lysozyme_1110; CaCl_270; CaCl_1170; MgCl_330; MgCl_600; MgCl_1020; Caffeine_150; Lysozyme_420; CaCl_690; Lysine_450; Lysozyme_1260; LL37_750; CaCl_870; Pep28_1080; Caffeine_60; CaCl_750; CaCl_210; Caffeine_1290; LL37_1050; Pep28_1320; Lysozyme_1350; LL37_990; BSA_540; Pep28_660; Caffeine_900; Caffeine_690; Pep28_210; BSA_270; Pep28_1170; MgCl_30; Caffeine_870; Lysine_60; LL37_1290; Lysine_1050; Caffeine_780; MgCl_960; CaCl_420; Pep28_690; BSA_120; MgCl_690; Lysozyme_300; BSA_1290; Lysine_210; LL37_570; Pep28_360; Lysozyme_570,colsample_bytree=1.0; learning_rate=0.2; max_depth=3; n_estimators=400; subsample=0.8,0.5833333333333334,58.333333333333336
3,Subject_1_Session2,XGBoost,41,Caffeine_1110; BSA_1350; Lysozyme_390; CaCl_900; Lysine_120; Caffeine_90; Pep28_480; Pep28_1350; Caffeine_450; BSA_1320; Lysozyme_720; BSA_720; Caffeine_1200; BSA_90; MgCl_510; Lysozyme_330; CaCl_180; Lysine_960; Lysine_1350; LL37_150; MgCl_30; Lysozyme_60; MgCl_90; LL37_630; BSA_210; Lysine_900; Caffeine_300; MgCl_360; LL37_720; CaCl_480; BSA_30; Lysozyme_420; CaCl_810; MgCl_780; LL37_30; MgCl_120; MgCl_450; MgCl_600; CaCl_1020; Caffeine_270; Caffeine_150,colsample_bytree=0.8; learning_rate=0.2; max_depth=7; n_estimators=400; subsample=0.8,0.4513888888888889,45.13888888888889
4,Subject_1_Session3,XGBoost,87,Caffeine_1110; BSA_690; Lysine_1080; CaCl_480; Lysozyme_390; MgCl_510; BSA_1350; CaCl_600; Lysine_450; Lysine_120; Caffeine_480; BSA_90; CaCl_900; Lysozyme_330; BSA_30; Caffeine_1020; Lysozyme_810; Lysozyme_420; Caffeine_150; Lysine_660; Caffeine_450; Lysozyme_60; MgCl_30; MgCl_720; MgCl_450; MgCl_750; MgCl_270; LL37_90; Pep28_240; Lysine_360; LL37_450; Caffeine_810; Pep28_300; Lysine_540; Pep28_30; Caffeine_1200; Lysine_1140; Caffeine_300; MgCl_960; LL37_30; BSA_720; CaCl_1350; LL37_1170; CaCl_150; Pep28_540; Lysozyme_720; Lysozyme_480; Lysine_840; Pep28_570; MgCl_120; Pep28_900; Caffeine_780; CaCl_1140; CaCl_1320; LL37_420; Pep28_960; MgCl_780; CaCl_90; Caffeine_240; MgCl_930; Pep28_270; LL37_1320; Caffeine_270; LL37_1260; CaCl_270; Caffeine_120; LL37_990; BSA_270; MgCl_600; LL37_150; Lysine_210; MgCl_330; MgCl_240; MgCl_1080; Pep28_210; Caffeine_540; BSA_120; Lysine_600; LL37_210; CaCl_780; Pep28_360; Pep28_60; MgCl_60; CaCl_300; Lysozyme_1350; Pep28_1320; CaCl_1020,colsample_bytree=0.8; learning_rate=0.1; max_depth=7; n_estimators=400; subsample=0.8,0.4513888888888889,45.13888888888889
5,Subject_1_Session4,XGBoost,56,Lysozyme_660; BSA_930; Pep28_240; LL37_1320; LL37_1170; MgCl_780; CaCl_900; BSA_1350; MgCl_1080; CaCl_120; Caffeine_90; Lysozyme_1350; CaCl_480; Caffeine_210; Caffeine_300; Pep28_90; MgCl_120; MgCl_30; BSA_60; Caffeine_270; Lysozyme_180; BSA_30; BSA_330; Lysozyme_720; Lysozyme_360; MgCl_450; CaCl_90; Pep28_60; Lysine_120; Lysine_1260; Pep28_360; Lysine_210; Caffeine_810; LL37_30; Pep28_120; BSA_540; LL37_150; LL37_960; LL37_780; Lysozyme_510; MgCl_510; CaCl_1320; Lysozyme_30; Lysine_540; MgCl_90; Lysine_450; CaCl_270; Lysozyme_420; BSA_750; LL37_720; Lysine_1050; BSA_1320; Caffeine_420; Pep28_300; MgCl_960; Lysine_240,colsample_bytree=0.8; learning_rate=0.2; max_depth=5; n_estimators=400; subsample=1.0,0.3611111111111111,36.11111111111111
6,Subject_1_Session5,XGBoost,57,Caffeine_1110; Lysine_900; CaCl_180; Lysozyme_720; CaCl_1320; BSA_1320; Caffeine_240; LL37_1170; Lysine_450; Lysozyme_60; Caffeine_450; BSA_90; Caffeine_480; Pep28_1170; Pep28_240; MgCl_780; BSA_1350; LL37_1080; Pep28_540; CaCl_210; Lysozyme_420; CaCl_1230; MgCl_510; Caffeine_90; MgCl_450; Caffeine_930; CaCl_1020; MgCl_30; BSA_30; Caffeine_810; Pep28_60; Caffeine_300; BSA_600; LL37_30; LL37_750; MgCl_810; BSA_720; CaCl_450; CaCl_1140; Lysozyme_180; CaCl_930; Lysozyme_330; MgCl_1080; Lysozyme_480; Pep28_210; Pep28_660; MgCl_180; Lysine_60; MgCl_960; Lysine_390; Caffeine_150; Caffeine_210; Lysine_1080; Lysozyme_570; MgCl_60; BSA_390; Lysozyme_240,colsample_bytree=1.0; learning_rate=0.2; max_depth=3; n_estimators=100; subsample=1.0,0.3055555555555556,30.555555555555557
7,Subject_1_Session6,XGBoost,46,Lysozyme_720; CaCl_480; Caffeine_1110; LL37_180; BSA_1350; CaCl_900; Pep28_150; LL37_90; MgCl_780; BSA_150; Pep28_1350; Lysine_180; CaCl_90; Caffeine_300; LL37_30; MgCl_1080; Lysozyme_1260; CaCl_600; MgCl_510; LL37_840; Caffeine_240; CaCl_1140; Caffeine_450; CaCl_390; Caffeine_60; Caffeine_390; Lysozyme_180; CaCl_990; Lysine_60; Pep28_30; Caffeine_1050; CaCl_540; Caffeine_690; Lysozyme_420; BSA_270; Caffeine_270; Caffeine_1200; MgCl_600; Pep28_840; LL37_270; BSA_630; MgCl_960; BSA_360; Lysozyme_600; Caffeine_30; Lysozyme_120,colsample_bytree=0.8; learning_rate=0.1; max_depth=5; n_estimators=100; subsample=0.8,0.4236111111111111,42.36111111111111
8,Subject_1_Session7,XGBoost,48,Lysine_120; Lysine_90; BSA_1320; CaCl_900; LL37_1170; BSA_240; Caffeine_1110; LL37_1350; BSA_210; Pep28_660; MgCl_510; MgCl_150; BSA_1350; Lysine_900; Pep28_300; Pep28_240; Pep28_90; Caffeine_450; Lysozyme_1050; CaCl_1020; BSA_270; Lysine_990; LL37_600; MgCl_780; LL37_30; MgCl_600; MgCl_1080; BSA_30; Lysozyme_90; Lysine_1050; Lysozyme_60; Pep28_1170; Pep28_60; Lysozyme_420; CaCl_420; Caffeine_60; MgCl_450; Lysozyme_510; Lysine_210; Lysine_360; Lysine_450; CaCl_1140; Caffeine_480; LL37_270; Pep28_1350; BSA_120; LL37_180; LL37_630,colsample_bytree=0.8; learning_rate=0.1; max_depth=5; n_estimators=100; subsample=0.8,0.4930555555555556,49.30555555555556
9,Subject_1_Session8,XGBoost,72,Lysine_900; CaCl_900; Lysozyme_390; MgCl_1080; LL37_840; Lysozyme_420; Lysine_1260; MgCl_510; Lysine_60; Lysine_450; MgCl_780; Pep28_240; BSA_90; Pep28_90; BSA_720; CaCl_750; Caffeine_300; LL37_210; Caffeine_150; Caffeine_240; LL37_1170; Pep28_660; Pep28_840; MgCl_600; LL37_330; Caffeine_90; BSA_1350; BSA_1290; Lysine_300; CaCl_1020; CaCl_330; Pep28_210; Caffeine_270; LL37_150; Lysozyme_720; CaCl_450; LL37_630; CaCl_480; Caffeine_510; Pep28_1320; CaCl_210; Caffeine_210; BSA_270; CaCl_90; LL37_30; CaCl_1320; LL37_570; LL37_720; Lysozyme_1110; MgCl_750; MgCl_150; MgCl_960; Lysozyme_180; MgCl_270; Pep28_60; Lysine_1050; Pep28_1080; MgCl_30; LL37_1320; Lysozyme_60; Pep28_480; MgCl_360; Caffeine_1050; CaCl_1140; Caffeine_450; Pep28_810; Lysozyme_330; MgCl_420; Lysine_930; LL37_420; CaCl_630; MgCl_60,colsample_bytree=0.8; learning_rate=0.1; max_depth=3; n_estimators=400; subsample=1.0,0.5486111111111112,54.861111111111114
10,Subject_1_Session9,XGBoost,61,BSA_630; Lysozyme_720; Caffeine_1140; Caffeine_1110; Lysine_900; Caffeine_300; Lysine_780; BSA_1350; Lysozyme_1050; Lysozyme_420; LL37_360; MgCl_510; MgCl_30; BSA_90; Lysine_990; MgCl_780; MgCl_1110; Lysine_1080; Caffeine_180; CaCl_900; Pep28_360; LL37_30; Lysozyme_330; Caffeine_630; Pep28_240; CaCl_180; BSA_390; Lysozyme_210; Pep28_840; Lysine_450; Lysozyme_60; LL37_150; CaCl_810; Lysine_240; Lysine_1050; Lysine_600; CaCl_1020; Lysozyme_300; Lysine_690; MgCl_1080; CaCl_420; Caffeine_210; Lysozyme_540; CaCl_390; LL37_570; Pep28_1260; Lysine_540; BSA_30; BSA_240; MgCl_420; CaCl_330; Pep28_480; LL37_870; Pep28_300; Pep28_780; Caffeine_270; Caffeine_900; Caffeine_390; MgCl_360; BSA_150; LL37_630,colsample_bytree=0.8; learning_rate=0.1; max_depth=3; n_estimators=400; subsample=1.0,0.3541666666666667,35.41666666666667
11,Subject_2_Session1,XGBoost,38,Caffeine_1110; Lysozyme_390; Caffeine_90; BSA_90; Lysine_1110; MgCl_930; MgCl_1080; LL37_1170; Lysozyme_1050; BSA_990; Lysine_450; Pep28_210; MgCl_450; Lysozyme_720; Pep28_300; LL37_1020; Pep28_1290; BSA_30; Lysozyme_420; MgCl_780; MgCl_30; BSA_390; Caffeine_450; Lysine_810; BSA_270; Lysozyme_330; Caffeine_300; CaCl_90; LL37_540; CaCl_870; LL37_30; CaCl_270; MgCl_510; Lysozyme_240; MgCl_360; BSA_360; BSA_600; Lysine_540,colsample_bytree=1.0; learning_rate=0.1; max_depth=5; n_estimators=200; subsample=1.0,0.5625,56.25
12,Subject_2_Session10,XGBoost,68,BSA_210; Lysine_570; Caffeine_1110; BSA_1200; Pep28_1170; Caffeine_1350; Caffeine_300; Pep28_540; CaCl_330; CaCl_600; MgCl_120; CaCl_90; Lysozyme_60; BSA_90; Lysine_900; LL37_1170; Pep28_840; Caffeine_480; Caffeine_90; MgCl_930; LL37_570; MgCl_30; MgCl_510; MgCl_60; CaCl_1020; Caffeine_450; MgCl_1290; Lysozyme_1350; CaCl_450; MgCl_780; Caffeine_1290; MgCl_720; LL37_30; Pep28_300; LL37_1020; CaCl_1110; CaCl_300; Lysozyme_390; MgCl_1200; Lysine_60; BSA_180; Caffeine_1230; MgCl_420; Caffeine_810; Lysine_660; CaCl_810; Pep28_30; Lysozyme_180; CaCl_900; BSA_750; Lysozyme_330; Lysine_210; MgCl_1080; Lysozyme_1050; Lysine_480; CaCl_1140; Lysozyme_30; Lysozyme_690; Lysozyme_420; Pep28_660; Caffeine_390; Pep28_270; Caffeine_270; CaCl_420; Pep28_240; Caffeine_780; MgCl_360; MgCl_450,colsample_bytree=1.0; learning_rate=0.2; max_depth=7; n_estimators=400; subsample=1.0,0.5416666666666666,54.166666666666664
13,Subject_2_Session2,XGBoost,68,CaCl_120; Pep28_1350; BSA_540; Lysozyme_390; Lysozyme_720; MgCl_1140; CaCl_900; MgCl_120; Pep28_480; Caffeine_300; CaCl_480; MgCl_510; MgCl_780; MgCl_210; Lysine_1200; Pep28_540; Lysozyme_300; LL37_150; CaCl_330; LL37_870; CaCl_1320; CaCl_630; LL37_420; Caffeine_450; Caffeine_150; CaCl_1140; Lysozyme_510; Lysozyme_330; BSA_30; Lysine_660; Pep28_240; Lysozyme_420; BSA_150; Caffeine_30; LL37_30; Lysozyme_1230; Lysine_60; Pep28_660; CaCl_210; Lysine_930; LL37_60; MgCl_420; Lysine_450; CaCl_90; Lysozyme_1290; MgCl_30; Caffeine_1290; Caffeine_390; MgCl_450; Pep28_870; LL37_1350; Pep28_300; BSA_1290; BSA_600; MgCl_1020; BSA_660; Caffeine_480; Lysozyme_1260; Pep28_840; BSA_330; Lysozyme_120; Pep28_450; CaCl_1020; Pep28_210; MgCl_600; Lysine_1050; Caffeine_210; BSA_1170,colsample_bytree=0.8; learning_rate=0.1; max_depth=3; n_estimators=400; subsample=0.8,0.4097222222222222,40.97222222222222
14,Subject_2_Session3,XGBoost,36,Pep28_660; CaCl_480; Lysine_900; Lysozyme_180; Lysozyme_240; CaCl_900; BSA_390; BSA_210; Pep28_360; Pep28_1320; MgCl_720; MgCl_120; Lysozyme_60; MgCl_510; Caffeine_1110; LL37_90; Caffeine_210; MgCl_1080; BSA_270; Caffeine_300; BSA_90; MgCl_780; LL37_570; LL37_510; MgCl_360; Lysozyme_420; MgCl_30; Caffeine_270; Caffeine_240; Pep28_240; LL37_30; MgCl_450; CaCl_1020; CaCl_90; LL37_840; BSA_810,colsample_bytree=0.8; learning_rate=0.2; max_depth=3; n_estimators=200; subsample=0.8,0.5277777777777778,52.77777777777778
15,Subject_2_Session4,XGBoost,56,Lysine_1260; Pep28_1260; BSA_1350; CaCl_900; LL37_1170; Pep28_600; BSA_270; CaCl_1140; MgCl_1110; Lysozyme_180; Lysozyme_240; CaCl_930; Pep28_660; MgCl_780; Lysozyme_330; Pep28_60; Pep28_240; Pep28_360; BSA_90; Caffeine_300; Caffeine_210; BSA_60; CaCl_1020; MgCl_450; CaCl_1320; Lysozyme_60; Pep28_300; Caffeine_1110; MgCl_120; Pep28_90; BSA_30; LL37_180; LL37_120; MgCl_60; Lysine_450; LL37_420; MgCl_1080; Lysozyme_510; Lysozyme_420; Pep28_480; BSA_120; Lysozyme_450; LL37_630; LL37_30; Caffeine_90; LL37_570; Caffeine_480; Caffeine_240; Caffeine_1260; Pep28_210; CaCl_60; Caffeine_510; Caffeine_150; CaCl_420; MgCl_960; CaCl_90,colsample_bytree=0.8; learning_rate=0.2; max_depth=3; n_estimators=400; subsample=1.0,0.3541666666666667,35.41666666666667
16,Subject_2_Session5,XGBoost,71,Lysine_900; Pep28_630; BSA_1350; MgCl_780; Lysozyme_390; CaCl_900; MgCl_120; BSA_90; Caffeine_1140; LL37_330; Lysine_450; CaCl_1080; LL37_720; Lysine_660; MgCl_30; Caffeine_90; Caffeine_300; Caffeine_150; BSA_1290; Pep28_240; Lysozyme_540; Lysine_270; MgCl_450; Caffeine_1350; BSA_840; Lysozyme_420; MgCl_1260; Caffeine_270; Pep28_360; MgCl_60; MgCl_360; Lysozyme_240; LL37_360; LL37_1170; MgCl_90; Pep28_600; Lysine_1110; BSA_990; LL37_150; Caffeine_240; MgCl_510; Lysine_1080; Pep28_840; LL37_630; Pep28_1350; MgCl_600; LL37_390; LL37_30; Lysozyme_1110; BSA_270; MgCl_960; Caffeine_900; CaCl_180; LL37_540; Lysozyme_1080; LL37_1020; Lysozyme_60; Pep28_210; MgCl_480; Caffeine_210; Lysine_1050; Caffeine_390; LL37_300; Lysozyme_1050; Pep28_60; Lysozyme_210; Pep28_480; Caffeine_1110; MgCl_570; Lysine_480; BSA_900,colsample_bytree=1.0; learning_rate=0.2; max_depth=3; n_estimators=400; subsample=1.0,0.5277777777777778,52.77777777777778
17,Subject_2_Session6,XGBoost,62,BSA_1080; MgCl_1140; Caffeine_1110; Lysine_270; Lysine_120; Caffeine_90; Lysine_1140; Lysozyme_630; BSA_1290; Pep28_660; Caffeine_810; MgCl_360; LL37_1350; Caffeine_480; Lysine_930; LL37_450; Lysozyme_60; Lysozyme_720; LL37_1170; Lysine_360; CaCl_1020; LL37_30; MgCl_240; BSA_1320; Pep28_300; CaCl_330; Caffeine_300; MgCl_390; Lysine_1110; MgCl_30; Lysozyme_420; Lysozyme_180; Lysine_480; Lysozyme_330; Lysine_990; BSA_90; Pep28_240; Caffeine_600; Pep28_1350; MgCl_420; BSA_990; MgCl_510; MgCl_330; Caffeine_630; MgCl_990; MgCl_120; MgCl_930; Lysozyme_750; CaCl_90; Pep28_60; LL37_1260; MgCl_600; MgCl_570; MgCl_780; Caffeine_450; LL37_210; Pep28_840; Pep28_30; CaCl_1170; Pep28_900; CaCl_180; CaCl_60,colsample_bytree=1.0; learning_rate=0.1; max_depth=3; n_estimators=200; subsample=1.0,0.6041666666666666,60.416666666666664
18,Subject_2_Session7,XGBoost,73,Lysozyme_390; BSA_210; Caffeine_1110; LL37_1080; Lysozyme_720; Pep28_660; Pep28_540; CaCl_480; Pep28_240; Lysine_450; Lysine_660; MgCl_780; Lysozyme_1170; Caffeine_450; LL37_1050; CaCl_1020; CaCl_900; Lysozyme_330; LL37_840; BSA_810; Caffeine_240; Pep28_930; Lysozyme_60; LL37_30; Caffeine_570; CaCl_270; MgCl_1080; Pep28_1170; Caffeine_300; Lysozyme_90; Lysozyme_480; Caffeine_480; BSA_720; CaCl_180; Lysine_1110; BSA_1290; Pep28_60; MgCl_510; MgCl_450; LL37_630; Caffeine_1260; Lysine_960; BSA_1080; Pep28_180; CaCl_90; CaCl_60; CaCl_450; CaCl_330; Caffeine_270; Pep28_570; Lysozyme_420; MgCl_30; Pep28_600; MgCl_240; BSA_270; MgCl_930; CaCl_1140; Pep28_210; MgCl_960; MgCl_60; LL37_450; MgCl_360; MgCl_570; LL37_180; LL37_480; Pep28_300; Lysine_420; BSA_120; BSA_930; Lysozyme_240; LL37_1350; Lysozyme_510; Caffeine_1200,colsample_bytree=1.0; learning_rate=0.2; max_depth=3; n_estimators=400; subsample=0.8,0.3472222222222222,34.72222222222222
19,Subject_2_Session8,XGBoost,66,Lysine_900; MgCl_810; Caffeine_1110; Lysozyme_480; CaCl_480; CaCl_900; MgCl_90; Pep28_240; LL37_870; CaCl_1260; MgCl_450; Lysine_960; Lysozyme_180; BSA_90; CaCl_600; Lysozyme_1170; Pep28_1350; MgCl_510; CaCl_180; Pep28_60; MgCl_360; Lysozyme_330; Lysine_450; MgCl_1080; Lysozyme_240; MgCl_780; LL37_150; Pep28_300; BSA_1320; Caffeine_540; Caffeine_1260; MgCl_60; MgCl_570; Lysozyme_420; MgCl_840; MgCl_30; Pep28_900; LL37_30; Lysine_660; MgCl_600; LL37_1260; CaCl_450; BSA_270; Caffeine_90; Caffeine_270; Lysozyme_720; Lysozyme_1110; Pep28_1080; Caffeine_300; Lysozyme_1050; LL37_210; BSA_30; BSA_990; CaCl_90; Pep28_90; Lysozyme_60; Caffeine_660; Lysine_390; BSA_720; LL37_1170; Pep28_1170; LL37_750; Lysine_480; CaCl_1140; BSA_360; CaCl_1020,colsample_bytree=0.8; learning_rate=0.1; max_depth=5; n_estimators=200; subsample=1.0,0.5138888888888888,51.388888888888886
20,Subject_2_Session9,XGBoost,96,CaCl_1170; Caffeine_930; Caffeine_90; CaCl_900; MgCl_780; Pep28_1170; Caffeine_810; MgCl_450; MgCl_30; BSA_90; Lysozyme_60; Caffeine_300; BSA_810; MgCl_150; Lysine_660; BSA_990; Pep28_1350; CaCl_750; CaCl_90; BSA_720; Pep28_210; LL37_90; LL37_420; Lysine_450; CaCl_420; BSA_30; Caffeine_480; MgCl_360; LL37_30; Pep28_300; Caffeine_960; Caffeine_840; Lysozyme_120; Caffeine_1140; LL37_1260; CaCl_210; Lysozyme_300; Pep28_840; LL37_60; Caffeine_450; MgCl_510; Caffeine_870; Lysozyme_1050; Pep28_660; BSA_270; CaCl_1260; Pep28_60; CaCl_630; Lysozyme_510; Caffeine_210; Lysozyme_240; LL37_630; CaCl_1140; CaCl_330; BSA_1140; Pep28_30; LL37_870; Lysozyme_1350; MgCl_480; Lysozyme_330; LL37_1170; CaCl_1320; Lysozyme_720; Lysozyme_150; CaCl_60; Caffeine_150; Lysozyme_1110; BSA_900; BSA_750; Caffeine_180; Lysozyme_360; Caffeine_240; Lysine_360; MgCl_900; CaCl_450; Lysozyme_420; Lysine_480; Caffeine_270; CaCl_690; BSA_1260; Caffeine_690; Lysozyme_390; LL37_1200; Pep28_120; LL37_900; CaCl_810; MgCl_600; BSA_60; MgCl_60; Pep28_330; CaCl_600; MgCl_960; Caffeine_420; MgCl_930; Lysozyme_1140; Caffeine_750,colsample_bytree=0.8; learning_rate=0.2; max_depth=3; n_estimators=200; subsample=1.0,0.0833333333333333,8.33333333333333
21,Subject_3_Session1,XGBoost,59,CaCl_480; Lysine_270; Caffeine_480; BSA_90; Caffeine_450; Lysozyme_60; Caffeine_240; Pep28_840; Lysozyme_510; Lysine_180; MgCl_630; Pep28_1350; CaCl_900; BSA_720; LL37_90; Lysine_900; CaCl_1020; BSA_270; Caffeine_90; MgCl_510; MgCl_30; Pep28_60; Pep28_240; Lysozyme_330; Pep28_390; LL37_30; Lysozyme_1320; Lysozyme_720; Lysozyme_1050; MgCl_360; CaCl_690; BSA_930; MgCl_180; MgCl_780; LL37_180; MgCl_480; CaCl_90; Lysine_450; Lysine_480; BSA_30; Caffeine_210; Lysine_210; BSA_900; Lysozyme_1260; BSA_660; Caffeine_360; LL37_840; MgCl_450; Caffeine_1290; Caffeine_1170; CaCl_540; Lysozyme_1110; Lysozyme_420; LL37_570; Lysozyme_1350; Pep28_570; Lysozyme_180; MgCl_1080; Pep28_900,colsample_bytree=1.0; learning_rate=0.2; max_depth=3; n_estimators=400; subsample=1.0,0.3680555555555556,36.80555555555556
22,Subject_3_Session10,XGBoost,55,Pep28_660; Caffeine_1110; BSA_210; LL37_330; Lysozyme_60; CaCl_900; Caffeine_90; LL37_1020; Pep28_1170; Lysine_900; Lysozyme_180; MgCl_510; CaCl_60; MgCl_30; MgCl_450; BSA_90; LL37_1170; Caffeine_450; MgCl_780; LL37_870; Lysozyme_930; Pep28_900; LL37_840; CaCl_1170; CaCl_810; MgCl_990; Pep28_240; Lysozyme_720; BSA_1350; Lysine_1290; Pep28_150; MgCl_1200; Caffeine_270; CaCl_180; CaCl_1320; CaCl_90; LL37_30; LL37_1080; Pep28_540; MgCl_1080; Pep28_300; Caffeine_300; Lysine_450; LL37_300; Lysine_660; LL37_480; MgCl_720; Lysozyme_420; CaCl_450; Lysozyme_90; BSA_270; Pep28_360; Caffeine_210; MgCl_930; LL37_90,colsample_bytree=0.8; learning_rate=0.1; max_depth=5; n_estimators=400; subsample=0.8,0.5416666666666666,54.166666666666664
23,Subject_3_Session2,XGBoost,45,Pep28_660; Caffeine_1110; Lysine_900; CaCl_1350; Lysine_960; CaCl_420; CaCl_1320; Caffeine_660; Lysozyme_330; BSA_90; Caffeine_90; MgCl_120; BSA_1050; Lysozyme_690; Lysozyme_930; Caffeine_270; MgCl_30; Lysozyme_60; Pep28_60; Lysozyme_420; BSA_1290; Caffeine_300; Caffeine_1260; BSA_390; Pep28_90; Lysozyme_720; CaCl_750; MgCl_780; Pep28_240; LL37_840; Pep28_300; LL37_30; Lysine_450; MgCl_510; LL37_630; Pep28_30; Lysozyme_240; Lysine_210; BSA_30; MgCl_360; CaCl_900; Lysozyme_180; Pep28_210; CaCl_1140; Pep28_900,colsample_bytree=0.8; learning_rate=0.1; max_depth=7; n_estimators=400; subsample=0.8,0.5208333333333334,52.083333333333336
24,Subject_3_Session3,XGBoost,40,Lysine_900; LL37_450; Caffeine_90; CaCl_900; LL37_660; Lysozyme_1050; BSA_90; Lysozyme_930; Lysine_660; BSA_1290; CaCl_330; LL37_180; MgCl_510; Caffeine_270; MgCl_30; MgCl_450; Lysozyme_330; Lysozyme_1350; MgCl_810; Lysozyme_1110; Lysine_450; LL37_150; Pep28_600; Lysozyme_420; MgCl_360; CaCl_1020; Caffeine_450; MgCl_60; LL37_480; BSA_600; Pep28_300; Pep28_240; Lysozyme_720; BSA_510; CaCl_300; CaCl_1320; MgCl_780; CaCl_690; Lysozyme_540; LL37_30,colsample_bytree=1.0; learning_rate=0.1; max_depth=3; n_estimators=400; subsample=0.8,0.3055555555555556,30.555555555555557
25,Subject_3_Session4,XGBoost,53,Pep28_660; Pep28_1290; Lysozyme_210; Lysozyme_1200; CaCl_450; MgCl_1080; CaCl_1320; BSA_600; Pep28_1350; CaCl_900; BSA_90; Caffeine_90; CaCl_180; CaCl_1170; LL37_240; MgCl_360; BSA_1320; Pep28_630; Lysozyme_420; CaCl_690; LL37_30; BSA_1350; Pep28_60; LL37_840; Lysine_1350; Lysozyme_510; Lysozyme_180; Lysozyme_240; MgCl_30; Lysozyme_60; Pep28_240; Lysine_660; MgCl_150; Pep28_150; BSA_720; LL37_1170; Pep28_1200; Caffeine_450; MgCl_510; Lysozyme_720; CaCl_1140; LL37_960; Caffeine_270; MgCl_60; MgCl_780; Lysozyme_330; Pep28_720; Lysozyme_1050; Lysine_450; MgCl_420; Pep28_210; Lysine_300; MgCl_600,colsample_bytree=1.0; learning_rate=0.1; max_depth=5; n_estimators=100; subsample=0.8,0.5416666666666666,54.166666666666664
26,Subject_3_Session5,XGBoost,74,BSA_210; Lysine_900; BSA_90; CaCl_900; Pep28_660; MgCl_30; BSA_1350; BSA_720; Lysozyme_720; Caffeine_450; Pep28_480; MgCl_510; BSA_1320; Pep28_60; Caffeine_480; Caffeine_90; Lysozyme_60; BSA_1290; Caffeine_810; LL37_120; Lysine_450; Pep28_120; Lysine_660; CaCl_90; LL37_270; Lysine_1080; LL37_1020; Lysozyme_180; MgCl_780; LL37_750; Caffeine_1230; CaCl_660; BSA_30; CaCl_1020; Pep28_210; Pep28_840; Lysozyme_330; LL37_450; Caffeine_300; LL37_30; MgCl_1080; BSA_660; Lysine_150; MgCl_450; Lysine_930; CaCl_180; Pep28_1140; MgCl_600; Lysozyme_930; Lysozyme_420; LL37_1170; Caffeine_150; Caffeine_390; BSA_270; Lysozyme_690; CaCl_480; Pep28_1020; BSA_120; Pep28_240; CaCl_750; MgCl_360; BSA_180; CaCl_1170; Lysozyme_1050; MgCl_60; Pep28_150; LL37_180; Caffeine_690; Lysozyme_570; CaCl_1140; Pep28_270; BSA_150; CaCl_30; LL37_660,colsample_bytree=1.0; learning_rate=0.1; max_depth=7; n_estimators=400; subsample=1.0,0.3611111111111111,36.11111111111111
27,Subject_3_Session6,XGBoost,28,BSA_1350; MgCl_480; Caffeine_90; Lysine_900; Pep28_1320; CaCl_180; MgCl_180; BSA_240; LL37_150; Caffeine_300; CaCl_360; Lysine_870; CaCl_900; Lysozyme_720; BSA_30; Pep28_60; MgCl_780; MgCl_360; BSA_270; Lysine_450; Lysozyme_60; MgCl_30; MgCl_1080; Pep28_300; BSA_720; BSA_1320; Lysozyme_1110; LL37_30,colsample_bytree=0.8; learning_rate=0.1; max_depth=7; n_estimators=200; subsample=0.8,0.3680555555555556,36.80555555555556
28,Subject_3_Session7,XGBoost,47,MgCl_660; CaCl_480; MgCl_480; CaCl_900; BSA_390; Lysine_900; LL37_1350; MgCl_1080; Pep28_240; MgCl_690; Pep28_390; Caffeine_720; Lysozyme_540; Lysine_270; BSA_990; Caffeine_300; Lysozyme_420; Lysine_450; BSA_1290; Caffeine_840; BSA_420; MgCl_30; MgCl_780; Pep28_210; Lysozyme_120; MgCl_90; Caffeine_270; Lysozyme_1320; Pep28_300; Lysozyme_1110; MgCl_120; Pep28_180; MgCl_930; BSA_630; Lysozyme_750; CaCl_90; Pep28_60; LL37_1170; Pep28_150; BSA_30; Caffeine_450; LL37_30; LL37_750; Caffeine_90; BSA_90; Lysozyme_480; MgCl_510,colsample_bytree=0.8; learning_rate=0.2; max_depth=3; n_estimators=200; subsample=0.8,0.6458333333333334,64.58333333333334
29,Subject_3_Session8,XGBoost,90,CaCl_330; Caffeine_1110; Caffeine_930; Lysozyme_630; Lysine_900; BSA_90; CaCl_690; MgCl_1140; MgCl_510; Lysozyme_1260; Pep28_1350; MgCl_780; MgCl_450; LL37_840; Caffeine_210; MgCl_1080; CaCl_900; MgCl_60; Lysozyme_930; CaCl_450; Lysozyme_510; Pep28_60; MgCl_30; Lysine_60; Lysozyme_420; Caffeine_270; Lysozyme_60; Caffeine_90; Pep28_210; Caffeine_300; Lysozyme_1110; CaCl_360; Pep28_240; BSA_630; LL37_30; MgCl_600; CaCl_90; Lysozyme_120; CaCl_1320; LL37_180; Lysine_450; BSA_660; Pep28_300; Caffeine_480; MgCl_1230; BSA_1350; Caffeine_510; Lysine_90; MgCl_90; MgCl_420; Lysozyme_330; Caffeine_450; Pep28_150; BSA_570; CaCl_210; LL37_1170; Caffeine_390; MgCl_330; BSA_990; Lysozyme_840; Pep28_840; Lysozyme_720; CaCl_630; Lysine_300; Lysozyme_480; CaCl_1140; BSA_30; Pep28_30; Lysozyme_660; MgCl_870; MgCl_270; LL37_360; Lysozyme_810; MgCl_360; Lysine_210; LL37_210; Caffeine_960; Pep28_660; Lysozyme_570; CaCl_390; MgCl_480; Pep28_360; Pep28_90; Lysine_1080; BSA_270; BSA_120; Pep28_120; MgCl_960; BSA_60; LL37_630,colsample_bytree=1.0; learning_rate=0.2; max_depth=5; n_estimators=200; subsample=1.0,0.7152777777777778,71.52777777777779
30,Subject_3_Session9,XGBoost,53,Pep28_1170; Lysozyme_480; CaCl_1080; CaCl_900; LL37_1170; BSA_210; Caffeine_450; CaCl_330; MgCl_1080; Lysine_450; Pep28_510; Pep28_1320; Lysozyme_390; MgCl_270; MgCl_780; MgCl_510; Pep28_540; LL37_30; CaCl_300; Lysozyme_1110; Lysine_1350; Caffeine_300; BSA_870; Lysine_60; Lysozyme_60; Pep28_210; Lysine_90; Lysine_660; Lysine_1050; MgCl_450; Lysozyme_120; CaCl_1140; Caffeine_480; LL37_870; LL37_630; LL37_330; Pep28_450; LL37_570; CaCl_1320; Caffeine_1200; Pep28_60; Caffeine_750; Lysozyme_420; BSA_1290; MgCl_720; BSA_30; MgCl_30; MgCl_60; MgCl_1200; Pep28_300; Caffeine_1140; Caffeine_30; Lysozyme_660,colsample_bytree=0.8; learning_rate=0.1; max_depth=3; n_estimators=200; subsample=0.8,0.4236111111111111,42.36111111111111
