OuterFold,HeldOutGroup,Model,NumberFeaturesSelected,SelectedFeatures,SelectedHyperparameters,OuterTestAccuracy,OuterTestAccuracyPercent,OuterTestMacroF1,OuterTestMacroF1Percent
1,PE.QH_Chip1_Chan1,Random Forest,23,Lysozyme_60; Lysozyme_720; Lysozyme_750; Caffeine_660; Lysine_690; Caffeine_1230; MgCl_90; Lysozyme_960; Caffeine_1140; Lysozyme_1170; Caffeine_990; BSA_1290; LL37_540; CaCl_60; Lysozyme_1080; Lysozyme_1020; CaCl_210; MgCl_420; Lysozyme_240; LL37_300; Caffeine_1320; CaCl_990; BSA_930,class_weight=balanced; max_depth=None; max_features=sqrt; min_samples_leaf=2; min_samples_split=5; n_estimators=400,1.0,100.0,1.0,100.0
2,PE.QH_Chip1_Chan2,Random Forest,30,Lysozyme_60; Caffeine_660; Lysozyme_720; Lysozyme_750; MgCl_90; Lysine_690; Caffeine_1140; Caffeine_990; Caffeine_1230; Lysozyme_1170; Lysozyme_1080; Lysozyme_240; LL37_540; LL37_300; Lysozyme_1020; Lysozyme_960; CaCl_60; Lysozyme_1110; BSA_1290; CaCl_540; Pep28_360; Caffeine_1320; CaCl_210; CaCl_990; MgCl_420; Caffeine_30; Lysine_720; BSA_930; Caffeine_1110; Lysozyme_660,class_weight=balanced; max_depth=20; max_features=log2; min_samples_leaf=1; min_samples_split=10; n_estimators=400,1.0,100.0,1.0,100.0
3,PE.QH_Chip1_Chan3,Random Forest,26,Lysozyme_60; Caffeine_660; Lysozyme_720; Lysozyme_750; Lysine_690; MgCl_90; Caffeine_990; Caffeine_1230; Caffeine_1140; Lysozyme_1020; LL37_540; Lysozyme_240; Lysozyme_1170; Lysozyme_1080; CaCl_60; BSA_1290; Lysozyme_960; MgCl_420; CaCl_210; Lysozyme_1110; LL37_300; CaCl_540; Caffeine_1320; MgCl_870; CaCl_990; BSA_930,class_weight=balanced; max_depth=None; max_features=log2; min_samples_leaf=2; min_samples_split=10; n_estimators=400,1.0,100.0,1.0,100.0
4,PE.QH_Chip1_Chan4,Random Forest,32,Lysozyme_60; Caffeine_660; Lysozyme_720; Lysozyme_750; Lysine_690; MgCl_90; Caffeine_1140; Caffeine_1230; Lysozyme_1020; Caffeine_990; Lysozyme_240; Lysozyme_1170; LL37_540; BSA_1290; Lysozyme_1080; CaCl_60; Lysozyme_960; Lysozyme_1110; LL37_300; Caffeine_1320; CaCl_210; Lysine_720; BSA_90; Lysozyme_120; CaCl_540; MgCl_420; Pep28_360; MgCl_870; Caffeine_1200; BSA_930; Caffeine_60; CaCl_990,class_weight=balanced; max_depth=None; max_features=sqrt; min_samples_leaf=2; min_samples_split=10; n_estimators=400,1.0,100.0,1.0,100.0
5,PE.QH_Chip3_Chan1,Random Forest,23,Lysozyme_60; Lysozyme_750; Lysozyme_720; Caffeine_660; Lysine_690; MgCl_90; Lysozyme_240; Caffeine_1230; Caffeine_1140; Caffeine_990; Lysozyme_960; BSA_1290; LL37_540; Lysozyme_1020; CaCl_60; Lysozyme_1170; Lysozyme_1080; CaCl_210; Lysozyme_1110; LL37_300; CaCl_540; MgCl_300; BSA_930,class_weight=balanced; max_depth=20; max_features=sqrt; min_samples_leaf=2; min_samples_split=5; n_estimators=800,0.5555555555555556,55.55555555555556,0.3571428571428571,35.71428571428571
6,PE.QH_Chip3_Chan2,Random Forest,27,Lysozyme_60; Caffeine_660; Lysozyme_720; Lysozyme_750; Lysine_690; MgCl_90; Caffeine_1140; Lysozyme_1170; Caffeine_1230; LL37_540; CaCl_60; BSA_1290; Caffeine_990; Lysozyme_240; Lysozyme_960; Lysozyme_1020; Caffeine_1320; Lysozyme_1110; CaCl_540; Lysozyme_1080; MgCl_300; LL37_300; CaCl_210; Lysozyme_660; Pep28_360; BSA_930; MgCl_420,class_weight=balanced; max_depth=20; max_features=log2; min_samples_leaf=1; min_samples_split=10; n_estimators=200,0.9444444444444444,94.44444444444444,0.4857142857142857,48.57142857142857
7,PE.QH_Chip3_Chan3,Random Forest,22,Lysozyme_60; Caffeine_660; Lysozyme_720; Lysozyme_750; MgCl_90; Lysine_690; Caffeine_1140; Caffeine_1230; Lysozyme_1170; CaCl_60; Lysozyme_240; Lysozyme_1020; BSA_1290; Caffeine_990; LL37_540; Lysozyme_960; CaCl_540; LL37_300; Lysozyme_1080; Lysozyme_1110; BSA_930; CaCl_210,class_weight=balanced; max_depth=20; max_features=sqrt; min_samples_leaf=4; min_samples_split=10; n_estimators=800,1.0,100.0,1.0,100.0
8,PE.QH_Chip3_Chan4,Random Forest,31,Lysozyme_60; Caffeine_660; Lysozyme_750; Lysozyme_720; MgCl_90; Lysine_690; Caffeine_1140; Caffeine_1230; CaCl_60; Caffeine_990; Lysozyme_240; BSA_1290; Lysozyme_1170; LL37_540; Lysozyme_1020; LL37_300; Caffeine_1320; Lysozyme_1080; BSA_930; MgCl_300; CaCl_210; Lysozyme_960; Lysozyme_1110; Pep28_360; Lysozyme_120; CaCl_540; Caffeine_1200; MgCl_420; BSA_240; Caffeine_1110; Lysozyme_660,class_weight=balanced; max_depth=20; max_features=log2; min_samples_leaf=1; min_samples_split=10; n_estimators=800,1.0,100.0,1.0,100.0
9,PE.QH_Chip4_Chan1,Random Forest,30,Lysozyme_60; Lysozyme_720; Lysozyme_750; Caffeine_660; Lysine_690; MgCl_90; Caffeine_1230; Lysozyme_240; BSA_1290; Caffeine_990; Caffeine_1140; Lysozyme_1170; Lysozyme_960; CaCl_60; LL37_540; Lysozyme_1080; Lysozyme_1020; Pep28_360; LL37_300; Lysozyme_1110; CaCl_540; CaCl_210; Caffeine_1320; BSA_90; BSA_930; Lysozyme_120; MgCl_300; Caffeine_60; CaCl_780; Lysozyme_660,class_weight=balanced; max_depth=20; max_features=sqrt; min_samples_leaf=2; min_samples_split=10; n_estimators=800,0.9444444444444444,94.44444444444444,0.4857142857142857,48.57142857142857
10,PE.QH_Chip4_Chan2,Random Forest,23,Lysozyme_60; Lysozyme_720; Caffeine_660; Lysine_690; Lysozyme_750; Caffeine_1230; MgCl_90; Caffeine_990; Caffeine_1140; BSA_1290; Lysozyme_1170; Lysozyme_960; CaCl_60; Lysozyme_240; LL37_300; CaCl_540; LL37_540; Lysozyme_1020; CaCl_210; Lysozyme_1080; Pep28_360; Lysozyme_1110; MgCl_300,class_weight=balanced; max_depth=None; max_features=sqrt; min_samples_leaf=2; min_samples_split=5; n_estimators=800,1.0,100.0,1.0,100.0
11,PE.QH_Chip4_Chan3,Random Forest,30,Lysozyme_60; Caffeine_660; Lysozyme_720; Lysine_690; Lysozyme_750; MgCl_90; Caffeine_1230; Caffeine_1140; BSA_1290; Caffeine_990; Lysozyme_960; Lysozyme_1170; Lysozyme_240; LL37_300; Lysozyme_1020; CaCl_60; LL37_540; Lysozyme_1080; CaCl_540; CaCl_210; Lysozyme_1110; Pep28_360; BSA_930; Caffeine_1320; MgCl_300; Lysine_1080; Lysozyme_120; Caffeine_1110; MgCl_420; Lysozyme_660,class_weight=balanced; max_depth=20; max_features=log2; min_samples_leaf=2; min_samples_split=10; n_estimators=400,1.0,100.0,1.0,100.0
12,PE.QH_Chip4_Chan4,Random Forest,18,Lysozyme_60; Lysozyme_720; Caffeine_660; Lysozyme_750; Lysine_690; MgCl_90; Caffeine_1140; Lysozyme_1170; Caffeine_990; Caffeine_1230; BSA_1290; LL37_540; Lysozyme_960; Lysozyme_240; Lysozyme_1020; CaCl_60; CaCl_540; Lysozyme_1080,class_weight=None; max_depth=None; max_features=sqrt; min_samples_leaf=1; min_samples_split=5; n_estimators=400,1.0,100.0,1.0,100.0
13,PE.QL_Chip1_Chan1,Random Forest,24,Lysozyme_60; Caffeine_660; Lysozyme_720; Lysine_690; Lysozyme_750; MgCl_90; Caffeine_1230; Caffeine_990; Caffeine_1140; Lysozyme_1020; CaCl_60; Lysozyme_960; BSA_1290; LL37_540; Lysozyme_240; Lysozyme_1170; Lysozyme_1080; CaCl_210; Caffeine_1110; Lysozyme_660; Pep28_360; Caffeine_1320; LL37_300; MgCl_420,class_weight=balanced; max_depth=20; max_features=sqrt; min_samples_leaf=2; min_samples_split=5; n_estimators=800,0.8333333333333334,83.33333333333334,0.4545454545454545,45.454545454545446
14,PE.QL_Chip1_Chan2,Random Forest,26,Lysozyme_60; Caffeine_660; Lysozyme_750; Lysozyme_720; Lysine_690; MgCl_90; Caffeine_1230; Caffeine_990; Caffeine_1140; Lysozyme_1170; Lysozyme_960; BSA_1290; Lysozyme_1020; LL37_300; LL37_540; CaCl_60; Lysozyme_240; CaCl_210; Lysozyme_1080; CaCl_540; Caffeine_1320; Pep28_360; Lysozyme_660; CaCl_570; Caffeine_1200; CaCl_990,class_weight=balanced; max_depth=None; max_features=log2; min_samples_leaf=1; min_samples_split=10; n_estimators=400,1.0,100.0,1.0,100.0
15,PE.QL_Chip1_Chan3,Random Forest,28,Lysozyme_60; Lysozyme_720; Caffeine_660; Lysozyme_750; Lysine_690; MgCl_90; Caffeine_1230; Caffeine_990; Caffeine_1140; Lysozyme_1020; Lysozyme_1170; Lysozyme_960; CaCl_60; BSA_1290; LL37_540; CaCl_210; Lysozyme_240; LL37_300; Lysozyme_1080; Caffeine_1320; Caffeine_1110; Pep28_360; CaCl_990; CaCl_90; Lysozyme_1110; Caffeine_1200; Lysine_720; MgCl_300,class_weight=balanced; max_depth=20; max_features=sqrt; min_samples_leaf=1; min_samples_split=10; n_estimators=200,1.0,100.0,1.0,100.0
16,PE.QL_Chip1_Chan4,Random Forest,22,Lysozyme_60; Caffeine_660; Lysozyme_720; Lysozyme_750; Lysine_690; MgCl_90; Caffeine_1140; Caffeine_990; Caffeine_1230; Lysozyme_1170; BSA_1290; Lysozyme_1080; Lysozyme_960; Lysozyme_1020; LL37_540; CaCl_60; Lysozyme_240; CaCl_210; Pep28_360; LL37_300; Lysozyme_1110; MgCl_300,class_weight=balanced; max_depth=20; max_features=sqrt; min_samples_leaf=2; min_samples_split=2; n_estimators=800,1.0,100.0,1.0,100.0
17,PE.QL_Chip3_Chan1,Random Forest,22,Lysozyme_60; Caffeine_660; Lysozyme_750; Lysozyme_720; MgCl_90; Lysine_690; Caffeine_1230; BSA_1290; Lysozyme_1170; Caffeine_1140; LL37_540; Caffeine_990; Lysozyme_240; Lysozyme_1020; Lysozyme_960; CaCl_60; Lysozyme_1080; LL37_300; BSA_240; MgCl_420; Caffeine_1320; Lysozyme_660,class_weight=None; max_depth=None; max_features=sqrt; min_samples_leaf=1; min_samples_split=2; n_estimators=200,0.9444444444444444,94.44444444444444,0.4857142857142857,48.57142857142857
18,PE.QL_Chip3_Chan2,Random Forest,16,Lysozyme_60; Lysozyme_720; Caffeine_660; MgCl_90; Lysozyme_750; Lysine_690; Caffeine_1230; Caffeine_990; Caffeine_1140; Lysozyme_1170; BSA_1290; Lysozyme_1080; Lysozyme_240; Lysozyme_960; LL37_540; Lysozyme_1020,class_weight=None; max_depth=20; max_features=sqrt; min_samples_leaf=1; min_samples_split=10; n_estimators=400,1.0,100.0,1.0,100.0
19,PE.QL_Chip3_Chan3,Random Forest,21,Lysozyme_60; Lysozyme_720; Caffeine_660; Lysine_690; Lysozyme_750; MgCl_90; Lysozyme_1170; Caffeine_990; Caffeine_1140; BSA_1290; Caffeine_1230; LL37_540; Lysozyme_1080; Lysozyme_240; Lysozyme_1020; CaCl_60; Lysozyme_960; Caffeine_1320; CaCl_210; Lysozyme_660; MgCl_420,class_weight=balanced; max_depth=None; max_features=sqrt; min_samples_leaf=2; min_samples_split=10; n_estimators=800,1.0,100.0,1.0,100.0
20,PE.QL_Chip3_Chan4,Random Forest,29,Lysozyme_60; Caffeine_660; Lysozyme_720; MgCl_90; Lysozyme_750; Lysine_690; Caffeine_990; Caffeine_1140; BSA_1290; Caffeine_1230; LL37_540; Lysozyme_240; Lysozyme_1170; Lysozyme_960; Lysozyme_1080; Lysozyme_1020; CaCl_60; CaCl_210; LL37_300; Pep28_360; BSA_90; MgCl_420; BSA_240; Lysozyme_660; BSA_300; MgCl_300; Caffeine_1320; CaCl_990; Lysozyme_120,class_weight=balanced; max_depth=None; max_features=sqrt; min_samples_leaf=2; min_samples_split=10; n_estimators=400,0.7222222222222222,72.22222222222221,0.4193548387096774,41.93548387096774
21,PE.QL_Chip4_Chan1,Random Forest,29,Lysozyme_60; Lysozyme_750; Lysozyme_720; Caffeine_660; MgCl_90; Lysine_690; Lysozyme_1170; BSA_1290; Caffeine_1140; Caffeine_1230; CaCl_60; Caffeine_990; Lysozyme_240; Lysozyme_1020; LL37_540; Lysozyme_1080; Lysozyme_960; BSA_240; CaCl_210; LL37_300; Caffeine_1320; MgCl_300; BSA_90; CaCl_540; Lysozyme_1110; Lysozyme_660; Caffeine_1200; MgCl_420; Pep28_360,class_weight=balanced; max_depth=None; max_features=log2; min_samples_leaf=1; min_samples_split=10; n_estimators=400,1.0,100.0,1.0,100.0
22,PE.QL_Chip4_Chan2,Random Forest,26,Lysozyme_60; Lysozyme_720; Caffeine_660; Lysozyme_750; Lysine_690; MgCl_90; Caffeine_1230; Caffeine_1140; Lysozyme_1170; Caffeine_990; CaCl_60; BSA_1290; Lysozyme_1020; Lysozyme_240; LL37_540; Lysozyme_960; LL37_300; Lysozyme_1080; CaCl_210; MgCl_300; Pep28_360; CaCl_540; CaCl_990; Caffeine_1110; Caffeine_1320; Lysozyme_660,class_weight=balanced; max_depth=20; max_features=sqrt; min_samples_leaf=2; min_samples_split=10; n_estimators=200,0.4444444444444444,44.44444444444444,0.3076923076923077,30.76923076923077
23,PE.QL_Chip4_Chan3,Random Forest,36,Lysozyme_60; Lysozyme_750; Caffeine_660; MgCl_90; Lysine_690; Lysozyme_720; BSA_1290; Caffeine_1140; Lysozyme_240; CaCl_60; Caffeine_990; Lysozyme_1170; Caffeine_1230; Lysozyme_960; Lysozyme_1020; LL37_540; Lysozyme_1080; LL37_300; CaCl_540; CaCl_210; Lysozyme_1110; Caffeine_1200; Pep28_360; MgCl_420; BSA_240; Caffeine_1320; MgCl_300; BSA_90; CaCl_990; LL37_60; CaCl_780; Lysozyme_930; LL37_1350; BSA_30; BSA_300; Lysozyme_660,class_weight=balanced; max_depth=None; max_features=log2; min_samples_leaf=1; min_samples_split=10; n_estimators=800,0.5,50.0,0.3333333333333333,33.33333333333333
24,PE.QL_Chip4_Chan4,Random Forest,27,Lysozyme_60; Caffeine_660; Lysozyme_720; Lysozyme_750; MgCl_90; Lysine_690; Caffeine_1140; Lysozyme_1170; BSA_1290; Caffeine_990; CaCl_60; Caffeine_1230; Lysozyme_240; Lysozyme_960; Lysozyme_1080; LL37_540; Lysozyme_1020; CaCl_210; LL37_300; Lysozyme_660; Caffeine_1200; Lysozyme_1110; Pep28_360; CaCl_540; Caffeine_1320; LL37_60; CaCl_990,class_weight=balanced; max_depth=None; max_features=log2; min_samples_leaf=1; min_samples_split=10; n_estimators=200,1.0,100.0,1.0,100.0
25,PE.QM_Chip1_Chan1,Random Forest,23,Lysozyme_60; Caffeine_660; Lysozyme_720; Lysozyme_750; Lysine_690; BSA_1290; MgCl_90; CaCl_60; Lysozyme_1170; Caffeine_1230; Caffeine_990; Lysozyme_1080; LL37_540; Lysozyme_960; Lysozyme_1020; Caffeine_1140; Lysozyme_240; CaCl_540; Pep28_360; CaCl_990; MgCl_420; CaCl_210; Caffeine_1320,class_weight=balanced; max_depth=None; max_features=sqrt; min_samples_leaf=2; min_samples_split=10; n_estimators=800,0.9444444444444444,94.44444444444444,0.4857142857142857,48.57142857142857
26,PE.QM_Chip1_Chan2,Random Forest,19,Lysozyme_60; Lysozyme_720; Caffeine_660; Lysozyme_750; Lysine_690; MgCl_90; Lysozyme_960; Caffeine_1140; BSA_1290; LL37_540; Caffeine_1230; Lysozyme_1080; Lysozyme_1170; Caffeine_990; CaCl_60; Lysozyme_1020; Lysozyme_240; MgCl_420; CaCl_210,class_weight=balanced; max_depth=None; max_features=sqrt; min_samples_leaf=2; min_samples_split=10; n_estimators=200,1.0,100.0,1.0,100.0
27,PE.QM_Chip1_Chan3,Random Forest,32,Lysozyme_60; Lysozyme_750; Lysozyme_720; Caffeine_660; Lysine_690; MgCl_90; BSA_1290; Lysozyme_1170; Lysozyme_960; Caffeine_1230; LL37_540; Caffeine_1140; Lysozyme_1080; Caffeine_990; Lysozyme_240; Lysozyme_1020; LL37_300; CaCl_540; CaCl_60; MgCl_420; CaCl_210; MgCl_300; Caffeine_1200; BSA_90; Caffeine_1320; CaCl_990; CaCl_780; Pep28_360; Lysozyme_660; BSA_300; Caffeine_1110; Lysine_1350,class_weight=balanced; max_depth=None; max_features=sqrt; min_samples_leaf=1; min_samples_split=10; n_estimators=800,1.0,100.0,1.0,100.0
28,PE.QM_Chip1_Chan4,Random Forest,21,Lysozyme_60; Lysozyme_720; Caffeine_660; Lysine_690; MgCl_90; Lysozyme_750; Caffeine_990; BSA_1290; Lysozyme_1170; Lysozyme_960; Caffeine_1140; Lysozyme_1020; CaCl_60; Caffeine_1230; LL37_540; Lysozyme_1080; Lysozyme_240; CaCl_540; CaCl_210; BSA_240; Caffeine_1200,class_weight=balanced; max_depth=20; max_features=sqrt; min_samples_leaf=2; min_samples_split=10; n_estimators=400,1.0,100.0,1.0,100.0
29,PE.QM_Chip3_Chan1,Random Forest,23,Lysozyme_60; Caffeine_660; Lysozyme_750; Lysozyme_720; Lysine_690; MgCl_90; Caffeine_990; Lysozyme_1020; BSA_1290; Caffeine_1230; Caffeine_1140; LL37_540; Lysozyme_1080; Lysozyme_1170; Lysozyme_960; MgCl_300; CaCl_60; CaCl_210; Lysozyme_240; Lysozyme_660; BSA_240; LL37_300; Caffeine_1320,class_weight=balanced; max_depth=None; max_features=sqrt; min_samples_leaf=2; min_samples_split=10; n_estimators=200,0.7777777777777778,77.77777777777779,0.4375,43.75
30,PE.QM_Chip3_Chan2,Random Forest,28,Lysozyme_60; Caffeine_660; Lysozyme_750; Lysozyme_720; Lysine_690; MgCl_90; Caffeine_1230; Caffeine_1140; Lysozyme_1170; Caffeine_990; Lysozyme_1020; CaCl_60; LL37_540; BSA_1290; Lysozyme_960; CaCl_210; CaCl_540; Lysozyme_1080; MgCl_300; LL37_300; Lysozyme_240; BSA_240; CaCl_780; Caffeine_1320; MgCl_420; Lysozyme_120; CaCl_990; Lysozyme_660,class_weight=balanced; max_depth=None; max_features=log2; min_samples_leaf=2; min_samples_split=10; n_estimators=800,1.0,100.0,1.0,100.0
31,PE.QM_Chip3_Chan3,Random Forest,50,Lysozyme_60; Lysozyme_750; Caffeine_660; Lysozyme_720; MgCl_90; Lysine_690; Caffeine_1230; Caffeine_990; Lysozyme_240; Caffeine_1140; Lysozyme_1080; BSA_1290; LL37_540; CaCl_60; Lysozyme_960; Lysozyme_1020; Lysozyme_1170; CaCl_540; CaCl_210; MgCl_420; MgCl_300; LL37_300; Caffeine_1320; Pep28_360; Lysozyme_660; BSA_240; Lysozyme_120; Caffeine_1020; BSA_300; BSA_930; Caffeine_30; CaCl_990; CaCl_570; BSA_90; Lysozyme_1110; Caffeine_1200; Caffeine_1110; BSA_1140; Lysine_720; Lysine_1080; CaCl_780; Lysozyme_1320; Lysozyme_840; CaCl_30; BSA_210; CaCl_270; LL37_1350; BSA_30; Lysozyme_90; Lysine_1350,class_weight=balanced; max_depth=20; max_features=log2; min_samples_leaf=4; min_samples_split=10; n_estimators=800,1.0,100.0,1.0,100.0
32,PE.QM_Chip3_Chan4,Random Forest,26,Lysozyme_60; Lysozyme_750; Caffeine_660; Lysozyme_720; MgCl_90; Lysine_690; Caffeine_990; Caffeine_1230; BSA_1290; Caffeine_1140; Lysozyme_1170; CaCl_60; Lysozyme_1080; Lysozyme_1020; Lysozyme_960; Lysozyme_240; LL37_540; MgCl_420; CaCl_210; CaCl_540; LL37_300; MgCl_300; Lysozyme_120; Caffeine_1200; Caffeine_1320; Lysozyme_660,class_weight=None; max_depth=None; max_features=sqrt; min_samples_leaf=1; min_samples_split=2; n_estimators=200,1.0,100.0,1.0,100.0
33,PE.QM_Chip4_Chan1,Random Forest,29,Lysozyme_60; Lysozyme_750; Lysozyme_720; Caffeine_660; MgCl_90; Lysine_690; Caffeine_1230; Caffeine_990; Caffeine_1140; BSA_1290; CaCl_60; Lysozyme_960; Lysozyme_1080; LL37_540; Lysozyme_1170; Lysozyme_240; Lysozyme_1020; LL37_300; CaCl_210; MgCl_420; BSA_240; CaCl_540; Caffeine_1320; Lysozyme_120; Lysozyme_660; BSA_90; MgCl_300; Pep28_360; CaCl_990,class_weight=balanced; max_depth=None; max_features=sqrt; min_samples_leaf=1; min_samples_split=10; n_estimators=800,0.9444444444444444,94.44444444444444,0.4857142857142857,48.57142857142857
34,PE.QM_Chip4_Chan2,Random Forest,18,Lysozyme_60; Lysozyme_750; Lysozyme_720; Lysine_690; Caffeine_1230; MgCl_90; Caffeine_660; Lysozyme_1170; BSA_1290; Lysozyme_1080; Caffeine_1140; Caffeine_990; Lysozyme_240; Lysozyme_1020; Lysozyme_960; LL37_540; CaCl_210; MgCl_420,class_weight=balanced; max_depth=20; max_features=sqrt; min_samples_leaf=2; min_samples_split=10; n_estimators=200,1.0,100.0,1.0,100.0
35,PE.QM_Chip4_Chan3,Random Forest,25,Lysozyme_60; Lysozyme_750; Lysozyme_720; Caffeine_660; Lysine_690; Caffeine_1230; MgCl_90; BSA_1290; Lysozyme_1170; Lysozyme_1080; Caffeine_990; Caffeine_1140; Lysozyme_240; LL37_540; Lysozyme_960; CaCl_540; MgCl_420; LL37_300; Lysozyme_1020; CaCl_60; Pep28_360; MgCl_300; CaCl_990; CaCl_210; Lysozyme_120,class_weight=None; max_depth=None; max_features=sqrt; min_samples_leaf=1; min_samples_split=2; n_estimators=200,1.0,100.0,1.0,100.0
36,PE.QM_Chip4_Chan4,Random Forest,38,Lysozyme_60; Lysozyme_720; Lysozyme_750; Caffeine_660; Lysine_690; Caffeine_1230; MgCl_90; BSA_1290; Caffeine_990; Caffeine_1140; Lysozyme_960; Lysozyme_1080; Lysozyme_1020; LL37_540; CaCl_60; Lysozyme_1170; Lysozyme_240; LL37_300; CaCl_210; BSA_90; Pep28_360; CaCl_540; BSA_240; Caffeine_1320; CaCl_990; Lysozyme_120; LL37_1350; MgCl_420; MgCl_300; LL37_900; Caffeine_1200; CaCl_780; Lysine_1350; MgCl_390; CaCl_30; MgCl_870; Lysozyme_1200; Lysozyme_1110,class_weight=balanced; max_depth=None; max_features=log2; min_samples_leaf=4; min_samples_split=2; n_estimators=800,1.0,100.0,1.0,100.0
37,PF.QH_Chip1_Chan1,Random Forest,58,Lysozyme_60; Lysozyme_720; Lysozyme_750; Lysine_690; Caffeine_660; MgCl_90; Caffeine_1230; Lysozyme_1170; Caffeine_990; BSA_1290; CaCl_60; Caffeine_1140; Lysozyme_960; Lysozyme_1080; LL37_540; Lysozyme_240; CaCl_540; Lysozyme_1020; LL37_300; Caffeine_1200; MgCl_300; CaCl_990; MgCl_420; Lysozyme_1110; CaCl_30; CaCl_210; Caffeine_690; Pep28_360; BSA_90; Caffeine_30; LL37_1350; Lysozyme_660; BSA_240; Lysozyme_930; Caffeine_1320; Lysozyme_120; BSA_210; CaCl_780; Lysine_1350; Caffeine_60; BSA_300; CaCl_900; BSA_1140; Caffeine_570; LL37_900; LL37_120; LL37_60; Lysozyme_1200; Lysine_720; Caffeine_1020; MgCl_390; MgCl_270; Lysozyme_840; BSA_30; Caffeine_510; MgCl_870; CaCl_750; Lysozyme_1320,class_weight=balanced; max_depth=20; max_features=log2; min_samples_leaf=2; min_samples_split=10; n_estimators=400,1.0,100.0,1.0,100.0
38,PF.QH_Chip1_Chan2,Random Forest,29,Lysozyme_60; Lysozyme_750; Lysozyme_720; Caffeine_660; MgCl_90; Lysine_690; Caffeine_1230; Caffeine_990; BSA_1290; Lysozyme_960; Caffeine_1140; Lysozyme_1170; Lysozyme_240; LL37_540; CaCl_540; Lysozyme_1020; Lysozyme_1080; LL37_300; BSA_210; CaCl_60; MgCl_420; Lysozyme_1110; MgCl_300; Lysozyme_120; Caffeine_1110; CaCl_210; Caffeine_1320; CaCl_990; LL37_1350,class_weight=balanced; max_depth=None; max_features=log2; min_samples_leaf=1; min_samples_split=10; n_estimators=200,0.8888888888888888,88.88888888888889,0.4705882352941176,47.05882352941176
39,PF.QH_Chip1_Chan3,Random Forest,69,Lysozyme_60; Lysine_690; Lysozyme_720; Lysozyme_750; MgCl_90; Caffeine_660; Caffeine_1230; Caffeine_1140; Lysozyme_960; Lysozyme_1170; Caffeine_990; LL37_540; CaCl_60; BSA_1290; Lysozyme_1080; Lysozyme_240; MgCl_420; Lysozyme_1020; Lysozyme_120; LL37_300; CaCl_210; BSA_240; LL37_390; Caffeine_1320; CaCl_540; BSA_90; Lysozyme_930; CaCl_780; Caffeine_1200; Lysozyme_1110; Lysozyme_1320; Caffeine_30; CaCl_990; CaCl_900; Lysozyme_660; MgCl_300; Caffeine_1110; CaCl_570; BSA_300; Pep28_360; BSA_930; Lysozyme_90; LL37_60; LL37_1350; CaCl_90; BSA_30; BSA_210; MgCl_870; Lysozyme_480; Lysozyme_840; CaCl_30; Caffeine_690; Lysozyme_1200; Lysine_210; Caffeine_1020; CaCl_750; Caffeine_60; Lysine_1350; LL37_120; MgCl_270; BSA_420; LL37_900; Lysozyme_600; BSA_1140; Lysine_720; MgCl_120; Lysozyme_1050; Lysozyme_30; LL37_930,class_weight=balanced; max_depth=10; max_features=log2; min_samples_leaf=1; min_samples_split=10; n_estimators=200,1.0,100.0,1.0,100.0
40,PF.QH_Chip1_Chan4,Random Forest,20,Lysozyme_60; Lysozyme_720; Lysine_690; Caffeine_660; Lysozyme_750; MgCl_90; Caffeine_990; Caffeine_1230; CaCl_60; BSA_1290; Lysozyme_240; Lysozyme_1170; Lysozyme_960; Caffeine_1140; LL37_540; Lysozyme_1080; Lysozyme_1020; CaCl_540; Lysozyme_1110; LL37_300,class_weight=None; max_depth=None; max_features=sqrt; min_samples_leaf=1; min_samples_split=5; n_estimators=200,1.0,100.0,1.0,100.0
41,PF.QH_Chip3_Chan1,Random Forest,64,Lysozyme_60; Lysozyme_720; Lysine_690; MgCl_90; Caffeine_660; Lysozyme_750; Caffeine_1230; Caffeine_990; Caffeine_1140; Lysozyme_240; BSA_1290; Lysozyme_960; Lysozyme_1170; CaCl_60; Lysozyme_1080; CaCl_540; LL37_540; Lysozyme_1020; MgCl_300; MgCl_420; BSA_90; LL37_300; CaCl_990; Lysozyme_120; Pep28_360; Caffeine_1320; Lysozyme_1110; CaCl_210; BSA_240; CaCl_30; LL37_390; CaCl_780; LL37_1350; Caffeine_30; Caffeine_1200; Lysozyme_660; LL37_60; BSA_300; Lysozyme_1320; MgCl_870; Lysine_1350; BSA_210; CaCl_570; Lysozyme_840; Lysine_600; Caffeine_690; CaCl_900; Lysozyme_510; Lysine_720; Lysozyme_30; LL37_180; Caffeine_1110; Lysozyme_90; Lysozyme_930; Lysine_1080; BSA_30; BSA_930; BSA_420; Lysozyme_1200; BSA_1140; Lysine_210; BSA_990; MgCl_270; Caffeine_1020,class_weight=balanced; max_depth=20; max_features=sqrt; min_samples_leaf=2; min_samples_split=10; n_estimators=800,1.0,100.0,1.0,100.0
42,PF.QH_Chip3_Chan2,Random Forest,22,Lysozyme_60; Lysozyme_720; Lysine_690; Caffeine_660; Lysozyme_750; MgCl_90; Caffeine_1230; Caffeine_990; Lysozyme_1170; Caffeine_1140; BSA_1290; Lysozyme_240; Lysozyme_1020; LL37_540; Lysozyme_1080; CaCl_60; Lysozyme_960; Caffeine_1320; LL37_300; Lysozyme_1110; CaCl_210; MgCl_300,class_weight=None; max_depth=None; max_features=sqrt; min_samples_leaf=2; min_samples_split=2; n_estimators=200,0.9444444444444444,94.44444444444444,0.4857142857142857,48.57142857142857
43,PF.QH_Chip3_Chan3,Random Forest,60,Lysozyme_60; Lysine_690; Lysozyme_720; Lysozyme_750; Caffeine_660; MgCl_90; Caffeine_1230; Caffeine_1140; Lysozyme_1170; Lysozyme_1020; BSA_1290; Caffeine_990; Lysozyme_1080; LL37_540; Lysozyme_240; CaCl_60; Pep28_360; BSA_90; LL37_300; CaCl_210; Lysozyme_960; Lysozyme_1110; MgCl_420; MgCl_300; CaCl_540; CaCl_990; Caffeine_30; LL37_390; BSA_240; Lysozyme_120; Caffeine_1320; CaCl_780; Caffeine_1110; Lysozyme_660; BSA_300; LL37_60; BSA_210; LL37_120; Lysine_1350; Lysozyme_450; Caffeine_1200; Lysozyme_90; LL37_1350; Lysozyme_840; BSA_30; Lysozyme_930; Lysozyme_510; Caffeine_60; BSA_1140; MgCl_60; MgCl_270; MgCl_870; Lysine_720; MgCl_390; CaCl_900; CaCl_570; CaCl_30; BSA_420; BSA_930; Caffeine_1020,class_weight=balanced; max_depth=20; max_features=log2; min_samples_leaf=2; min_samples_split=10; n_estimators=200,1.0,100.0,1.0,100.0
44,PF.QH_Chip3_Chan4,Random Forest,19,Lysozyme_60; Lysozyme_750; Caffeine_660; MgCl_90; Lysozyme_720; Lysine_690; Caffeine_1230; BSA_1290; Caffeine_990; Caffeine_1140; Lysozyme_1170; CaCl_60; Lysozyme_1020; Lysozyme_240; Lysozyme_1080; CaCl_210; LL37_540; Lysozyme_960; LL37_300,class_weight=None; max_depth=20; max_features=sqrt; min_samples_leaf=1; min_samples_split=10; n_estimators=200,0.1111111111111111,11.11111111111111,0.1,10.0
45,PF.QH_Chip4_Chan1,Random Forest,19,Lysozyme_60; Lysozyme_750; Lysozyme_720; Caffeine_660; Lysine_690; MgCl_90; Caffeine_1230; Lysozyme_1170; LL37_540; Caffeine_1140; Caffeine_990; Lysozyme_960; BSA_1290; Lysozyme_1080; CaCl_60; Lysozyme_1020; CaCl_210; CaCl_540; LL37_300,class_weight=None; max_depth=None; max_features=sqrt; min_samples_leaf=1; min_samples_split=5; n_estimators=400,1.0,100.0,1.0,100.0
46,PF.QH_Chip4_Chan2,Random Forest,16,Lysozyme_60; Lysozyme_750; Lysozyme_720; Caffeine_660; Lysine_690; Caffeine_1230; MgCl_90; Caffeine_990; Lysozyme_1170; Caffeine_1140; LL37_540; Lysozyme_960; BSA_1290; Lysozyme_1080; CaCl_540; Lysozyme_1020,class_weight=None; max_depth=20; max_features=sqrt; min_samples_leaf=1; min_samples_split=5; n_estimators=400,0.8333333333333334,83.33333333333334,0.4545454545454545,45.454545454545446
47,PF.QH_Chip4_Chan3,Random Forest,27,Lysozyme_60; Lysozyme_750; Lysozyme_720; Caffeine_660; Lysine_690; MgCl_90; Caffeine_1230; Caffeine_1140; Caffeine_990; Lysozyme_1170; Lysozyme_240; LL37_540; Lysozyme_960; CaCl_60; BSA_1290; CaCl_540; LL37_300; Lysozyme_1080; MgCl_420; Lysozyme_1020; CaCl_210; Lysozyme_1110; BSA_90; Pep28_360; CaCl_990; Caffeine_1320; Lysozyme_660,class_weight=balanced; max_depth=None; max_features=log2; min_samples_leaf=1; min_samples_split=10; n_estimators=800,0.9444444444444444,94.44444444444444,0.4857142857142857,48.57142857142857
48,PF.QH_Chip4_Chan4,Random Forest,23,Lysozyme_60; Lysozyme_750; Lysozyme_720; Caffeine_660; Caffeine_1230; Lysine_690; MgCl_90; Caffeine_1140; Caffeine_990; Lysozyme_240; Lysozyme_1170; Lysozyme_960; LL37_540; Lysozyme_1080; MgCl_420; BSA_1290; CaCl_60; CaCl_210; CaCl_540; Lysozyme_1020; LL37_300; BSA_90; Lysozyme_120,class_weight=balanced; max_depth=20; max_features=sqrt; min_samples_leaf=1; min_samples_split=10; n_estimators=800,0.3888888888888889,38.88888888888889,0.28,28.000000000000004
49,PF.QL_Chip1_Chan1,Random Forest,17,Lysozyme_60; Lysozyme_750; Lysozyme_720; Lysine_690; Caffeine_660; Caffeine_990; MgCl_90; Caffeine_1140; Lysozyme_960; Lysozyme_1170; Caffeine_1230; BSA_1290; LL37_540; Lysozyme_1080; Lysozyme_240; CaCl_540; MgCl_300,class_weight=None; max_depth=None; max_features=sqrt; min_samples_leaf=1; min_samples_split=5; n_estimators=800,1.0,100.0,1.0,100.0
50,PF.QL_Chip1_Chan2,Random Forest,27,Lysozyme_60; Lysozyme_720; Lysozyme_750; Lysine_690; Caffeine_660; Caffeine_1230; BSA_1290; Caffeine_990; Caffeine_1140; MgCl_90; Lysozyme_1170; Lysozyme_960; LL37_540; Lysozyme_1080; CaCl_540; CaCl_60; LL37_300; Lysozyme_240; Caffeine_1320; Lysozyme_1020; Caffeine_1110; BSA_240; CaCl_210; MgCl_300; Lysozyme_660; MgCl_120; Pep28_360,class_weight=None; max_depth=None; max_features=sqrt; min_samples_leaf=1; min_samples_split=10; n_estimators=400,1.0,100.0,1.0,100.0
51,PF.QL_Chip1_Chan3,Random Forest,16,Lysozyme_60; Lysozyme_750; Lysozyme_720; Caffeine_660; Lysine_690; MgCl_90; Caffeine_990; BSA_1290; Caffeine_1230; Lysozyme_240; Lysozyme_1080; Caffeine_1140; Lysozyme_1170; Lysozyme_960; LL37_300; LL37_540,class_weight=None; max_depth=None; max_features=sqrt; min_samples_leaf=1; min_samples_split=10; n_estimators=200,0.7222222222222222,72.22222222222221,0.4193548387096774,41.93548387096774
52,PF.QL_Chip1_Chan4,Random Forest,26,Lysozyme_60; Caffeine_660; Lysozyme_750; Lysozyme_720; MgCl_90; Lysine_690; Caffeine_1230; Caffeine_1140; Lysozyme_960; Caffeine_990; BSA_1290; Lysozyme_240; LL37_540; Lysozyme_1170; CaCl_60; Lysozyme_1080; CaCl_540; LL37_300; CaCl_210; Lysozyme_1110; BSA_240; Caffeine_1320; Lysozyme_660; MgCl_420; Lysozyme_120; Lysozyme_510,class_weight=None; max_depth=None; max_features=log2; min_samples_leaf=1; min_samples_split=2; n_estimators=400,0.9444444444444444,94.44444444444444,0.4857142857142857,48.57142857142857
53,PF.QL_Chip3_Chan1,Random Forest,25,Lysozyme_60; Lysozyme_720; Lysozyme_750; Caffeine_660; Lysine_690; MgCl_90; Lysozyme_1170; Caffeine_1230; Caffeine_1140; Lysozyme_960; Lysozyme_1080; Caffeine_990; Lysozyme_240; LL37_540; LL37_300; BSA_1290; CaCl_60; Lysozyme_1020; CaCl_990; MgCl_420; CaCl_540; CaCl_210; MgCl_300; Caffeine_1320; BSA_240,class_weight=None; max_depth=None; max_features=sqrt; min_samples_leaf=1; min_samples_split=2; n_estimators=200,0.9444444444444444,94.44444444444444,0.4857142857142857,48.57142857142857
54,PF.QL_Chip3_Chan2,Random Forest,29,Lysozyme_60; Caffeine_660; Lysozyme_720; Lysozyme_750; Lysine_690; MgCl_90; Lysozyme_1170; Caffeine_1140; Caffeine_1230; BSA_1290; Lysozyme_240; Caffeine_990; CaCl_60; Lysozyme_1080; LL37_540; Lysozyme_960; CaCl_540; CaCl_780; LL37_300; MgCl_420; Lysozyme_1020; CaCl_210; BSA_930; BSA_210; BSA_90; MgCl_300; Caffeine_1320; Lysozyme_1110; Lysozyme_120,class_weight=balanced; max_depth=None; max_features=log2; min_samples_leaf=1; min_samples_split=10; n_estimators=400,1.0,100.0,1.0,100.0
55,PF.QL_Chip3_Chan3,Random Forest,33,Lysozyme_60; Lysozyme_720; Lysozyme_750; Caffeine_660; Lysine_690; Lysozyme_1170; Caffeine_1230; MgCl_90; Caffeine_990; BSA_1290; LL37_540; CaCl_60; Caffeine_1140; Lysozyme_240; LL37_300; Lysozyme_960; Lysozyme_1080; Lysozyme_1020; CaCl_780; MgCl_420; BSA_240; CaCl_540; BSA_90; Caffeine_1320; CaCl_990; Lysozyme_1110; MgCl_300; Lysozyme_660; BSA_300; BSA_210; LL37_1350; Lysozyme_120; Caffeine_1020,class_weight=balanced; max_depth=None; max_features=sqrt; min_samples_leaf=1; min_samples_split=10; n_estimators=200,1.0,100.0,1.0,100.0
56,PF.QL_Chip3_Chan4,Random Forest,44,Lysozyme_60; Lysozyme_720; Lysozyme_750; Caffeine_660; Lysine_690; Caffeine_1230; MgCl_90; Lysozyme_1170; BSA_1290; Caffeine_990; Caffeine_1140; LL37_300; Lysozyme_1080; Lysozyme_240; CaCl_60; LL37_540; MgCl_420; Lysozyme_1020; CaCl_210; Lysozyme_960; Caffeine_30; CaCl_780; CaCl_540; Lysozyme_1110; BSA_90; Caffeine_1320; BSA_240; Lysozyme_120; Lysine_720; MgCl_300; CaCl_990; Lysozyme_660; Caffeine_1110; BSA_30; Pep28_360; Lysozyme_90; LL37_180; CaCl_30; Lysine_1080; LL37_390; BSA_210; LL37_1350; BSA_930; LL37_60,class_weight=balanced; max_depth=None; max_features=log2; min_samples_leaf=1; min_samples_split=10; n_estimators=800,1.0,100.0,1.0,100.0
57,PF.QL_Chip4_Chan1,Random Forest,57,Lysozyme_60; Caffeine_660; Lysozyme_720; Lysozyme_750; Lysine_690; BSA_1290; Caffeine_1230; MgCl_90; CaCl_60; Caffeine_990; Lysozyme_1170; Lysozyme_1080; Lysozyme_960; Caffeine_1140; MgCl_420; CaCl_540; Lysozyme_240; LL37_300; CaCl_210; LL37_540; Lysozyme_1020; Lysozyme_120; CaCl_780; Lysozyme_1110; Caffeine_1110; Caffeine_1320; BSA_90; MgCl_300; Pep28_360; Lysine_1350; Lysozyme_930; Lysozyme_660; Lysozyme_600; Caffeine_1020; BSA_240; MgCl_120; BSA_930; Caffeine_30; LL37_180; CaCl_990; MgCl_270; BSA_30; CaCl_30; CaCl_900; Lysozyme_840; CaCl_570; Caffeine_1200; LL37_900; LL37_60; Lysozyme_1200; CaCl_90; Caffeine_690; BSA_1140; LL37_1350; Lysine_1080; BSA_210; Lysozyme_480,class_weight=balanced; max_depth=20; max_features=sqrt; min_samples_leaf=2; min_samples_split=10; n_estimators=400,1.0,100.0,1.0,100.0
58,PF.QL_Chip4_Chan2,Random Forest,54,Lysozyme_60; Lysozyme_720; Lysozyme_750; Caffeine_660; Lysine_690; MgCl_90; Caffeine_1230; Caffeine_990; Lysozyme_1170; BSA_1290; Caffeine_1140; Lysozyme_960; CaCl_540; MgCl_420; LL37_540; CaCl_60; Lysozyme_1080; Lysozyme_240; Lysozyme_1020; Lysozyme_660; LL37_300; CaCl_780; CaCl_210; MgCl_300; BSA_90; Caffeine_1320; Pep28_360; CaCl_990; BSA_240; Caffeine_30; BSA_30; BSA_210; Lysozyme_1110; Caffeine_690; Lysozyme_840; Caffeine_1200; BSA_930; BSA_300; CaCl_30; CaCl_90; Lysozyme_120; LL37_1350; Lysine_1350; Lysine_720; Caffeine_1110; CaCl_900; Lysozyme_510; LL37_180; Lysozyme_30; Caffeine_570; LL37_1020; LL37_60; MgCl_120; Lysine_1080,class_weight=balanced; max_depth=20; max_features=log2; min_samples_leaf=2; min_samples_split=10; n_estimators=800,1.0,100.0,1.0,100.0
59,PF.QL_Chip4_Chan3,Random Forest,58,Lysozyme_60; Lysozyme_720; Lysozyme_750; Caffeine_660; Lysine_690; MgCl_90; Caffeine_1230; Caffeine_990; BSA_1290; Lysozyme_1170; Caffeine_1140; Lysozyme_960; LL37_540; Lysozyme_1080; Lysozyme_240; CaCl_60; CaCl_210; LL37_300; Caffeine_1320; CaCl_540; Lysozyme_1020; MgCl_420; MgCl_300; BSA_90; BSA_210; Lysozyme_1110; Caffeine_30; Lysozyme_120; Lysine_1350; Lysozyme_660; Caffeine_1110; CaCl_90; CaCl_780; BSA_240; Pep28_360; BSA_1140; Lysozyme_510; Caffeine_690; Lysozyme_930; CaCl_570; Lysine_1080; LL37_180; CaCl_990; Lysine_720; LL37_120; BSA_930; BSA_30; Lysozyme_600; Lysozyme_1320; Pep28_30; MgCl_870; Caffeine_1020; CaCl_900; MgCl_60; LL37_1350; Caffeine_1200; Lysozyme_1200; BSA_300,class_weight=balanced; max_depth=20; max_features=log2; min_samples_leaf=1; min_samples_split=10; n_estimators=800,1.0,100.0,1.0,100.0
60,PF.QL_Chip4_Chan4,Random Forest,34,Lysozyme_60; Lysozyme_720; Caffeine_660; Lysozyme_750; Lysine_690; Caffeine_1230; MgCl_90; Caffeine_990; Lysozyme_1170; LL37_540; BSA_1290; CaCl_60; Lysozyme_1080; Caffeine_1140; Lysozyme_240; Lysozyme_960; LL37_300; Lysozyme_1020; CaCl_540; MgCl_300; Lysozyme_660; CaCl_210; MgCl_420; BSA_90; Lysozyme_1110; Caffeine_1110; Caffeine_1320; CaCl_990; BSA_240; LL37_60; CaCl_780; CaCl_570; BSA_30; BSA_210,class_weight=balanced; max_depth=None; max_features=sqrt; min_samples_leaf=1; min_samples_split=10; n_estimators=400,1.0,100.0,1.0,100.0
61,PF.QM_Chip1_Chan1,Random Forest,30,Lysozyme_60; Lysozyme_720; Caffeine_660; Lysozyme_750; Lysine_690; Caffeine_1230; Lysozyme_1170; MgCl_90; BSA_1290; Lysozyme_240; Caffeine_990; LL37_540; Lysozyme_1080; LL37_300; CaCl_60; Lysozyme_960; Caffeine_1140; MgCl_420; BSA_90; CaCl_540; Pep28_360; Lysozyme_660; MgCl_300; BSA_240; Caffeine_1320; CaCl_30; CaCl_210; Lysozyme_1020; BSA_210; Lysozyme_1110,class_weight=balanced; max_depth=20; max_features=log2; min_samples_leaf=1; min_samples_split=10; n_estimators=400,1.0,100.0,1.0,100.0
62,PF.QM_Chip1_Chan2,Random Forest,57,Lysozyme_60; Lysozyme_720; Caffeine_660; Lysozyme_750; Lysine_690; Caffeine_1230; MgCl_90; Caffeine_1140; Lysozyme_1170; BSA_1290; Caffeine_990; CaCl_60; LL37_540; Lysozyme_1080; Lysozyme_240; LL37_300; Lysozyme_960; Lysozyme_1020; BSA_90; MgCl_420; CaCl_540; Pep28_360; Caffeine_30; CaCl_210; Lysozyme_1110; Caffeine_1320; MgCl_300; BSA_240; CaCl_990; Caffeine_1200; Lysozyme_660; CaCl_780; CaCl_30; BSA_930; Lysine_720; CaCl_570; LL37_60; Lysine_1350; BSA_1140; Lysine_1080; Caffeine_1020; Caffeine_1110; Lysozyme_840; Lysozyme_600; Lysozyme_510; BSA_30; Lysozyme_30; BSA_300; LL37_900; BSA_210; Lysozyme_1200; CaCl_270; MgCl_120; MgCl_870; Lysozyme_120; LL37_180; Lysozyme_1320,class_weight=balanced; max_depth=None; max_features=log2; min_samples_leaf=1; min_samples_split=10; n_estimators=800,1.0,100.0,1.0,100.0
63,PF.QM_Chip1_Chan3,Random Forest,51,Lysozyme_60; Lysozyme_720; Lysozyme_750; Caffeine_660; Lysine_690; Caffeine_1230; Lysozyme_1080; Caffeine_990; Lysozyme_1170; MgCl_90; Lysozyme_960; LL37_540; BSA_1290; Lysozyme_240; MgCl_420; Caffeine_1140; CaCl_60; CaCl_780; Lysozyme_1020; LL37_300; MgCl_300; Lysozyme_1110; CaCl_210; CaCl_570; BSA_90; Lysozyme_660; Caffeine_1320; CaCl_540; Pep28_360; BSA_240; CaCl_30; Caffeine_30; Lysozyme_30; Lysozyme_120; Lysine_1350; BSA_30; Caffeine_1200; LL37_180; Lysozyme_840; BSA_930; Lysine_720; Lysozyme_1320; CaCl_990; Lysozyme_510; BSA_210; Caffeine_690; BSA_300; Caffeine_1110; BSA_1140; Lysine_1080; LL37_390,class_weight=balanced; max_depth=20; max_features=sqrt; min_samples_leaf=2; min_samples_split=10; n_estimators=400,1.0,100.0,1.0,100.0
64,PF.QM_Chip1_Chan4,Random Forest,37,Lysozyme_60; Lysozyme_720; Lysozyme_750; Caffeine_660; Lysine_690; Caffeine_1230; MgCl_90; BSA_1290; Caffeine_990; Lysozyme_1080; Lysozyme_1170; LL37_540; CaCl_60; LL37_300; Lysozyme_240; Lysozyme_960; MgCl_420; Lysozyme_1020; Caffeine_1140; CaCl_540; Lysozyme_1110; Pep28_360; CaCl_210; BSA_240; Caffeine_1320; BSA_90; MgCl_300; CaCl_570; CaCl_30; CaCl_990; Lysozyme_660; Lysozyme_600; BSA_1140; MgCl_120; Lysine_1080; CaCl_780; Lysine_720,class_weight=balanced; max_depth=None; max_features=log2; min_samples_leaf=2; min_samples_split=10; n_estimators=800,0.9444444444444444,94.44444444444444,0.4857142857142857,48.57142857142857
65,PF.QM_Chip3_Chan1,Random Forest,29,Lysozyme_60; Caffeine_660; Lysozyme_720; Lysozyme_750; Lysine_690; Caffeine_1230; Lysozyme_1170; LL37_540; MgCl_90; Caffeine_990; Lysozyme_1080; CaCl_60; Caffeine_1140; MgCl_420; LL37_300; BSA_1290; Lysozyme_1020; Lysozyme_240; Lysozyme_660; Lysozyme_960; MgCl_300; CaCl_540; BSA_90; Caffeine_1320; CaCl_210; BSA_240; Pep28_360; BSA_30; CaCl_990,class_weight=balanced; max_depth=None; max_features=sqrt; min_samples_leaf=4; min_samples_split=2; n_estimators=400,1.0,100.0,1.0,100.0
66,PF.QM_Chip3_Chan2,Random Forest,55,Lysozyme_60; Lysozyme_720; Caffeine_660; Lysozyme_750; Lysine_690; MgCl_90; Caffeine_1230; Lysozyme_1080; BSA_1290; LL37_540; CaCl_60; Lysozyme_1170; Caffeine_990; Caffeine_1140; MgCl_420; Lysozyme_240; Lysozyme_1020; MgCl_300; LL37_300; CaCl_540; BSA_90; Pep28_360; Lysozyme_960; CaCl_210; Caffeine_1320; CaCl_990; Lysozyme_1110; Caffeine_1200; BSA_30; BSA_240; Lysozyme_660; Lysozyme_120; CaCl_780; Lysine_720; Caffeine_30; LL37_930; BSA_1140; CaCl_900; CaCl_30; MgCl_120; CaCl_570; CaCl_270; LL37_1350; Caffeine_1020; Lysozyme_930; LL37_180; BSA_930; Caffeine_690; LL37_60; Lysozyme_1320; BSA_210; BSA_300; Caffeine_1110; LL37_1020; Lysine_1350,class_weight=balanced; max_depth=None; max_features=log2; min_samples_leaf=2; min_samples_split=10; n_estimators=800,1.0,100.0,1.0,100.0
67,PF.QM_Chip3_Chan3,Random Forest,51,Lysozyme_60; Lysozyme_720; Caffeine_660; Lysozyme_750; Lysine_690; Caffeine_1230; MgCl_90; Lysozyme_1170; BSA_1290; Lysozyme_1080; LL37_540; Caffeine_1140; Lysozyme_240; Lysozyme_1020; Caffeine_990; CaCl_60; MgCl_420; LL37_300; MgCl_300; CaCl_540; Lysozyme_960; CaCl_210; Caffeine_30; Caffeine_1320; CaCl_990; BSA_240; BSA_90; CaCl_30; Pep28_360; LL37_1350; BSA_30; Lysozyme_660; Caffeine_60; Caffeine_1200; BSA_1140; BSA_930; BSA_210; CaCl_780; Lysozyme_1110; Lysine_720; Lysozyme_120; Lysine_1350; BSA_300; MgCl_120; Caffeine_1110; Lysozyme_510; Lysozyme_1200; CaCl_570; Caffeine_690; Lysozyme_1320; LL37_60,class_weight=balanced; max_depth=None; max_features=sqrt; min_samples_leaf=1; min_samples_split=2; n_estimators=400,1.0,100.0,1.0,100.0
68,PF.QM_Chip3_Chan4,Random Forest,37,Lysozyme_60; Lysozyme_720; Lysozyme_750; Caffeine_660; Lysine_690; MgCl_90; BSA_1290; Caffeine_1230; Lysozyme_1170; Lysozyme_1080; LL37_540; CaCl_60; Caffeine_990; Caffeine_1140; Lysozyme_960; Lysozyme_240; CaCl_210; MgCl_300; Lysozyme_1020; Caffeine_1200; MgCl_420; LL37_300; BSA_1140; Pep28_360; BSA_300; CaCl_540; BSA_240; Lysozyme_660; BSA_30; Caffeine_1320; CaCl_30; BSA_90; CaCl_570; CaCl_990; Lysozyme_1110; MgCl_120; Lysine_720,class_weight=balanced; max_depth=20; max_features=sqrt; min_samples_leaf=1; min_samples_split=10; n_estimators=800,1.0,100.0,1.0,100.0
69,PF.QM_Chip4_Chan1,Random Forest,40,Lysozyme_60; Lysozyme_720; Caffeine_660; Lysozyme_750; Lysine_690; MgCl_90; Caffeine_1230; BSA_1290; Lysozyme_1080; Caffeine_1140; Caffeine_990; Lysozyme_1170; CaCl_60; LL37_540; Lysozyme_1020; Lysozyme_240; CaCl_540; MgCl_300; Lysozyme_960; Caffeine_30; LL37_300; CaCl_210; MgCl_420; BSA_90; BSA_240; Caffeine_1320; Lysozyme_660; Lysozyme_1110; BSA_1140; CaCl_30; BSA_30; CaCl_780; Caffeine_690; Lysine_1350; CaCl_990; BSA_210; BSA_930; Caffeine_1020; MgCl_120; Caffeine_1200,class_weight=None; max_depth=None; max_features=sqrt; min_samples_leaf=1; min_samples_split=2; n_estimators=400,1.0,100.0,1.0,100.0
70,PF.QM_Chip4_Chan2,Random Forest,41,Lysozyme_60; Lysozyme_720; Lysozyme_750; Caffeine_660; Lysine_690; Caffeine_1230; MgCl_90; Lysozyme_1080; BSA_1290; Caffeine_990; Caffeine_1140; Lysozyme_1170; Lysozyme_240; LL37_540; Lysozyme_1020; LL37_300; CaCl_210; CaCl_60; Lysozyme_960; MgCl_300; Lysozyme_660; CaCl_540; MgCl_420; Caffeine_1320; BSA_1140; Lysozyme_1110; BSA_300; BSA_240; BSA_90; CaCl_990; Lysozyme_120; LL37_1350; Caffeine_690; BSA_930; Caffeine_1200; CaCl_30; Pep28_360; Lysine_1350; BSA_30; CaCl_570; Lysine_720,class_weight=balanced; max_depth=None; max_features=log2; min_samples_leaf=1; min_samples_split=10; n_estimators=800,0.9444444444444444,94.44444444444444,0.4857142857142857,48.57142857142857
71,PF.QM_Chip4_Chan3,Random Forest,68,Lysozyme_60; Lysozyme_750; Lysozyme_720; Caffeine_660; MgCl_90; Lysine_690; Caffeine_1230; Lysozyme_1080; Caffeine_1140; BSA_1290; Lysozyme_240; CaCl_60; Lysozyme_1170; CaCl_210; LL37_540; Lysozyme_1020; Caffeine_990; LL37_300; Lysozyme_960; MgCl_300; CaCl_540; Caffeine_1320; MgCl_420; Lysozyme_1110; BSA_300; Lysozyme_120; BSA_90; Lysozyme_660; BSA_240; BSA_930; Caffeine_30; BSA_1140; Pep28_360; CaCl_570; Lysozyme_1320; Lysine_1350; Caffeine_1200; CaCl_900; BSA_210; BSA_30; Lysine_720; LL37_60; Lysozyme_930; CaCl_990; LL37_1350; LL37_1020; Caffeine_690; CaCl_30; LL37_390; LL37_930; Lysozyme_480; CaCl_780; MgCl_390; CaCl_270; Lysozyme_1200; Lysozyme_600; CaCl_90; MgCl_870; Lysozyme_450; CaCl_750; Lysozyme_840; Lysozyme_30; Lysine_210; Caffeine_1020; LL37_900; LL37_180; Lysozyme_510; MgCl_120,class_weight=balanced; max_depth=None; max_features=log2; min_samples_leaf=2; min_samples_split=10; n_estimators=200,1.0,100.0,1.0,100.0
72,PF.QM_Chip4_Chan4,Random Forest,22,Lysozyme_60; Lysozyme_750; Lysozyme_720; Caffeine_660; MgCl_90; Lysine_690; Caffeine_1230; Caffeine_990; Lysozyme_1080; Caffeine_1140; LL37_540; BSA_1290; Lysozyme_1170; Lysozyme_240; CaCl_60; CaCl_540; CaCl_210; Lysozyme_960; Lysozyme_1110; Lysozyme_660; Lysozyme_1020; LL37_300,class_weight=None; max_depth=None; max_features=sqrt; min_samples_leaf=1; min_samples_split=2; n_estimators=200,1.0,100.0,1.0,100.0
73,PK.QH_Chip1_Chan1,Random Forest,33,Lysozyme_60; Lysine_690; Lysozyme_720; Caffeine_660; MgCl_90; Lysozyme_750; CaCl_60; Caffeine_1140; Lysozyme_1170; Lysozyme_1080; Caffeine_990; Lysozyme_960; CaCl_210; Caffeine_1230; BSA_1290; Lysozyme_1020; CaCl_540; Lysozyme_240; MgCl_300; CaCl_990; MgCl_420; LL37_540; BSA_240; Lysozyme_1110; BSA_930; CaCl_90; BSA_300; MgCl_870; CaCl_570; CaCl_780; Caffeine_1320; Lysozyme_1320; Lysozyme_660,class_weight=balanced; max_depth=20; max_features=sqrt; min_samples_leaf=4; min_samples_split=2; n_estimators=200,0.8333333333333334,83.33333333333334,0.4545454545454545,45.454545454545446
74,PK.QH_Chip1_Chan2,Random Forest,17,Lysozyme_60; Lysozyme_720; Lysozyme_750; Caffeine_660; Lysine_690; MgCl_90; Caffeine_1230; Caffeine_990; Lysozyme_1170; CaCl_60; Caffeine_1140; BSA_1290; Lysozyme_1080; Lysozyme_240; Lysozyme_960; Lysozyme_1020; CaCl_540,class_weight=None; max_depth=20; max_features=sqrt; min_samples_leaf=1; min_samples_split=5; n_estimators=200,1.0,100.0,1.0,100.0
75,PK.QH_Chip1_Chan3,Random Forest,23,Lysozyme_60; Lysozyme_720; Caffeine_660; Lysine_690; Lysozyme_750; Caffeine_1230; MgCl_90; BSA_1290; Caffeine_990; Lysozyme_1170; Caffeine_1140; CaCl_60; CaCl_210; CaCl_540; Lysozyme_1080; Lysozyme_960; Lysozyme_240; MgCl_420; Lysozyme_1110; LL37_540; MgCl_300; Lysozyme_1020; CaCl_990,class_weight=None; max_depth=20; max_features=sqrt; min_samples_leaf=1; min_samples_split=10; n_estimators=200,0.8333333333333334,83.33333333333334,0.4545454545454545,45.454545454545446
76,PK.QH_Chip1_Chan4,Random Forest,37,Lysozyme_60; Lysozyme_720; Caffeine_660; Lysozyme_750; Lysine_690; MgCl_90; Caffeine_1230; Caffeine_1140; Lysozyme_1170; Lysozyme_1080; Lysozyme_240; LL37_540; Caffeine_990; Lysozyme_960; BSA_1290; CaCl_60; Caffeine_1320; LL37_300; CaCl_540; Lysozyme_1020; MgCl_420; Lysozyme_1110; BSA_300; Caffeine_1200; Lysozyme_660; CaCl_990; CaCl_780; Lysozyme_930; Caffeine_690; MgCl_300; CaCl_210; BSA_930; Caffeine_1110; BSA_30; LL37_1350; LL37_60; BSA_210,class_weight=None; max_depth=20; max_features=sqrt; min_samples_leaf=1; min_samples_split=5; n_estimators=200,0.3333333333333333,33.33333333333333,0.25,25.0
77,PK.QH_Chip3_Chan1,Random Forest,19,Lysozyme_60; Lysozyme_750; Lysozyme_720; Lysine_690; Caffeine_660; MgCl_90; Caffeine_1230; LL37_540; Lysozyme_1170; Lysozyme_1080; Caffeine_990; Lysozyme_240; BSA_1290; Caffeine_1140; Lysozyme_1020; LL37_300; Caffeine_1320; Lysozyme_1110; Lysozyme_960,class_weight=None; max_depth=None; max_features=sqrt; min_samples_leaf=1; min_samples_split=2; n_estimators=400,0.0555555555555555,5.55555555555555,0.0526315789473684,5.26315789473684
78,PK.QH_Chip3_Chan2,Random Forest,44,Lysozyme_60; Caffeine_660; Lysozyme_720; Lysozyme_750; Lysine_690; MgCl_90; Caffeine_1230; Lysozyme_1080; LL37_540; Lysozyme_240; BSA_1290; Lysozyme_960; Lysozyme_1170; CaCl_60; LL37_300; Caffeine_1320; MgCl_420; Lysozyme_1020; CaCl_210; Lysozyme_1110; Pep28_360; BSA_240; MgCl_300; Caffeine_990; BSA_90; BSA_210; Caffeine_1200; LL37_1020; CaCl_780; Lysine_720; CaCl_90; MgCl_120; CaCl_990; CaCl_540; CaCl_30; BSA_930; Caffeine_1140; BSA_30; Caffeine_1110; Lysozyme_930; BSA_300; LL37_60; LL37_1350; BSA_1140,class_weight=balanced; max_depth=20; max_features=sqrt; min_samples_leaf=2; min_samples_split=10; n_estimators=200,0.1111111111111111,11.11111111111111,0.1,10.0
79,PK.QH_Chip3_Chan3,Random Forest,24,Lysozyme_60; Caffeine_660; Lysozyme_720; Lysozyme_750; Lysine_690; MgCl_90; BSA_1290; LL37_540; Caffeine_1230; Lysozyme_240; Lysozyme_1080; CaCl_60; Lysozyme_960; Caffeine_1140; Lysozyme_1170; Pep28_360; BSA_240; Lysozyme_1020; Lysozyme_1110; MgCl_300; MgCl_420; LL37_300; BSA_30; CaCl_540,class_weight=None; max_depth=None; max_features=sqrt; min_samples_leaf=1; min_samples_split=10; n_estimators=200,0.5,50.0,0.3333333333333333,33.33333333333333
80,PK.QH_Chip3_Chan4,Random Forest,46,Lysozyme_60; Lysozyme_720; Lysozyme_750; Caffeine_660; Lysine_690; MgCl_90; Caffeine_1230; Caffeine_1140; Caffeine_990; Lysozyme_1080; Lysozyme_1170; BSA_1290; Lysozyme_240; LL37_540; MgCl_300; CaCl_60; LL37_300; Lysozyme_960; Lysozyme_1110; MgCl_420; Lysozyme_1020; Pep28_360; Caffeine_30; BSA_930; CaCl_540; BSA_240; CaCl_990; BSA_210; BSA_90; Caffeine_1320; Lysozyme_660; Caffeine_1200; BSA_30; Lysozyme_930; Lysozyme_1200; MgCl_870; MgCl_120; Lysozyme_510; Lysozyme_120; LL37_120; Lysozyme_1320; CaCl_270; Lysine_720; BSA_1140; LL37_1350; Lysozyme_840,class_weight=balanced; max_depth=None; max_features=log2; min_samples_leaf=2; min_samples_split=10; n_estimators=200,0.0,0.0,0.0,0.0
81,PK.QH_Chip4_Chan1,Random Forest,51,Lysozyme_60; Lysozyme_720; Caffeine_660; Lysozyme_750; MgCl_90; Lysine_690; Caffeine_1230; Caffeine_1140; BSA_1290; Lysozyme_240; Lysozyme_1080; LL37_540; CaCl_60; Caffeine_990; Lysozyme_960; CaCl_540; Lysozyme_1020; LL37_300; Lysozyme_1110; MgCl_420; Lysozyme_660; BSA_90; Caffeine_1320; Lysozyme_930; CaCl_90; BSA_930; Lysozyme_1170; BSA_210; MgCl_300; CaCl_210; Caffeine_1200; BSA_300; Caffeine_30; BSA_240; BSA_30; Lysine_1080; Caffeine_1020; Caffeine_1110; MgCl_120; CaCl_780; BSA_1140; CaCl_990; LL37_1350; Lysozyme_480; Lysozyme_1050; Lysozyme_600; CaCl_570; Lysozyme_1320; Lysozyme_90; LL37_900; Caffeine_690,class_weight=balanced; max_depth=20; max_features=log2; min_samples_leaf=2; min_samples_split=10; n_estimators=800,0.0,0.0,0.0,0.0
82,PK.QH_Chip4_Chan2,Random Forest,15,Lysozyme_60; Lysozyme_750; Caffeine_660; Lysozyme_720; Lysine_690; Caffeine_1230; Lysozyme_1170; Caffeine_1140; CaCl_540; BSA_1290; Caffeine_990; Lysozyme_1080; LL37_540; Lysozyme_960; Lysozyme_240,class_weight=None; max_depth=None; max_features=sqrt; min_samples_leaf=1; min_samples_split=5; n_estimators=200,0.0555555555555555,5.55555555555555,0.0526315789473684,5.26315789473684
83,PK.QH_Chip4_Chan3,Random Forest,31,Lysozyme_60; Caffeine_660; Lysozyme_750; Lysozyme_720; Lysine_690; Lysozyme_1170; Caffeine_1140; Lysozyme_1080; Caffeine_1230; Lysozyme_960; Caffeine_990; LL37_540; BSA_1290; Lysozyme_1020; Lysozyme_240; CaCl_540; MgCl_90; CaCl_60; LL37_300; BSA_210; Lysozyme_1110; CaCl_780; Pep28_360; BSA_90; CaCl_990; Lysozyme_660; Caffeine_1200; Caffeine_1320; CaCl_210; LL37_1350; MgCl_300,class_weight=balanced; max_depth=20; max_features=log2; min_samples_leaf=2; min_samples_split=10; n_estimators=400,0.6666666666666666,66.66666666666666,0.4,40.0
84,PK.QH_Chip4_Chan4,Random Forest,42,Lysozyme_60; Caffeine_660; Lysozyme_750; Lysozyme_720; Lysine_690; MgCl_90; Caffeine_1140; Caffeine_1230; LL37_540; Lysozyme_1080; CaCl_60; BSA_1290; Lysozyme_240; Lysozyme_1110; Caffeine_990; Lysozyme_960; CaCl_540; Lysozyme_1020; Caffeine_1320; LL37_300; MgCl_300; Pep28_360; BSA_210; BSA_930; CaCl_210; LL37_1350; Caffeine_30; CaCl_780; MgCl_420; CaCl_570; CaCl_90; Caffeine_690; Lysozyme_930; Lysozyme_1170; BSA_240; BSA_1140; Lysine_720; Lysozyme_660; LL37_60; Lysine_1080; CaCl_990; Lysozyme_510,class_weight=balanced; max_depth=None; max_features=log2; min_samples_leaf=1; min_samples_split=10; n_estimators=400,0.1111111111111111,11.11111111111111,0.1,10.0
85,PK.QL_Chip1_Chan1,Random Forest,41,Lysozyme_60; Lysozyme_720; MgCl_90; Lysine_690; Lysozyme_750; Caffeine_990; Caffeine_660; Caffeine_1140; Lysozyme_960; Lysozyme_1170; LL37_300; Lysozyme_1110; BSA_1290; Lysozyme_240; Caffeine_1230; CaCl_60; LL37_540; Lysozyme_1020; Caffeine_1320; CaCl_210; CaCl_780; Pep28_360; CaCl_540; Caffeine_1200; MgCl_420; BSA_240; Lysozyme_1080; Lysozyme_120; Caffeine_1110; Lysozyme_660; BSA_90; Caffeine_30; CaCl_990; BSA_300; Lysine_1350; BSA_930; CaCl_570; BSA_210; LL37_1350; BSA_30; Lysozyme_600,class_weight=balanced; max_depth=None; max_features=sqrt; min_samples_leaf=1; min_samples_split=10; n_estimators=400,1.0,100.0,1.0,100.0
86,PK.QL_Chip1_Chan2,Random Forest,38,Lysozyme_60; Lysozyme_720; Lysine_690; MgCl_90; Lysozyme_750; Caffeine_660; Lysozyme_1170; Caffeine_1230; BSA_1290; Caffeine_990; LL37_540; Caffeine_1140; CaCl_60; Lysozyme_240; Lysozyme_1110; Lysozyme_1020; LL37_300; Caffeine_1200; Lysozyme_960; CaCl_540; Pep28_360; BSA_90; Lysozyme_1080; BSA_210; CaCl_990; MgCl_420; CaCl_570; Caffeine_30; Caffeine_1320; BSA_1140; Lysozyme_660; Lysozyme_1200; CaCl_210; MgCl_300; BSA_300; BSA_930; CaCl_90; CaCl_900,class_weight=balanced; max_depth=20; max_features=log2; min_samples_leaf=2; min_samples_split=10; n_estimators=200,0.8333333333333334,83.33333333333334,0.4545454545454545,45.454545454545446
87,PK.QL_Chip1_Chan3,Random Forest,13,Lysozyme_60; Lysozyme_720; Lysozyme_750; MgCl_90; Lysine_690; Caffeine_1230; Lysozyme_240; Caffeine_660; Caffeine_1140; Caffeine_990; Lysozyme_1080; LL37_540; Lysozyme_1170,class_weight=None; max_depth=None; max_features=sqrt; min_samples_leaf=1; min_samples_split=2; n_estimators=200,0.0,0.0,0.0,0.0
88,PK.QL_Chip1_Chan4,Random Forest,34,Lysozyme_60; Lysozyme_720; MgCl_90; Lysozyme_750; Lysine_690; Caffeine_1140; Caffeine_990; Lysozyme_1170; Caffeine_1230; LL37_540; Lysozyme_240; BSA_1290; Caffeine_660; Lysozyme_960; CaCl_60; Lysozyme_1080; Lysozyme_1110; Lysozyme_1020; Caffeine_30; Pep28_360; LL37_300; Caffeine_1320; CaCl_540; CaCl_210; BSA_930; BSA_90; BSA_210; LL37_1350; Caffeine_1200; MgCl_300; MgCl_420; Lysozyme_120; Caffeine_690; BSA_300,class_weight=balanced; max_depth=None; max_features=sqrt; min_samples_leaf=4; min_samples_split=2; n_estimators=800,0.1666666666666666,16.66666666666666,0.1428571428571428,14.28571428571428
89,PK.QL_Chip3_Chan1,Random Forest,46,Lysozyme_60; Caffeine_660; Lysine_690; Lysozyme_720; Lysozyme_750; Caffeine_1230; Lysozyme_1170; Caffeine_990; Caffeine_1140; MgCl_90; CaCl_60; Lysozyme_240; LL37_540; Lysozyme_1080; Lysozyme_1110; Caffeine_1320; CaCl_210; Lysozyme_960; MgCl_420; Lysozyme_1020; Pep28_360; CaCl_540; LL37_300; BSA_300; LL37_60; Caffeine_1200; MgCl_300; Lysine_720; BSA_1290; CaCl_90; LL37_1350; BSA_30; Caffeine_690; LL37_180; BSA_240; BSA_90; Lysozyme_660; Lysine_1350; BSA_210; MgCl_870; CaCl_990; Caffeine_1110; Caffeine_1020; Lysine_1080; CaCl_780; Lysozyme_1200,class_weight=balanced; max_depth=20; max_features=sqrt; min_samples_leaf=2; min_samples_split=10; n_estimators=200,1.0,100.0,1.0,100.0
90,PK.QL_Chip3_Chan2,Random Forest,55,Lysozyme_60; Lysozyme_720; Lysozyme_750; Lysine_690; MgCl_90; Caffeine_660; Caffeine_1230; Caffeine_990; Lysozyme_1170; CaCl_60; LL37_540; Caffeine_1140; BSA_1290; Lysozyme_240; Lysozyme_960; Lysozyme_1110; Lysozyme_1080; Caffeine_1320; MgCl_420; MgCl_300; Lysine_720; Pep28_360; Lysozyme_1020; CaCl_780; BSA_90; LL37_60; CaCl_540; BSA_300; LL37_300; Caffeine_30; Lysozyme_930; Caffeine_1200; MgCl_870; LL37_1350; CaCl_210; Lysozyme_660; Caffeine_1020; BSA_30; Caffeine_690; CaCl_990; BSA_210; BSA_240; Lysine_1350; BSA_330; MgCl_120; Lysozyme_1200; CaCl_30; LL37_180; Lysozyme_30; CaCl_750; CaCl_570; Lysozyme_120; BSA_420; Lysine_1080; MgCl_270,class_weight=balanced; max_depth=20; max_features=log2; min_samples_leaf=1; min_samples_split=10; n_estimators=200,0.4444444444444444,44.44444444444444,0.3076923076923077,30.76923076923077
91,PK.QL_Chip3_Chan3,Random Forest,22,Lysozyme_60; Lysozyme_720; Caffeine_660; MgCl_90; Lysine_690; Lysozyme_750; Lysozyme_1170; Caffeine_1230; BSA_1290; LL37_540; Lysozyme_240; Caffeine_1140; Lysozyme_1080; CaCl_60; Caffeine_1320; Lysozyme_960; Caffeine_990; Lysozyme_1020; Lysozyme_660; Lysozyme_1110; MgCl_420; BSA_240,class_weight=None; max_depth=None; max_features=sqrt; min_samples_leaf=1; min_samples_split=2; n_estimators=400,0.4444444444444444,44.44444444444444,0.3076923076923077,30.76923076923077
92,PK.QL_Chip3_Chan4,Random Forest,32,Lysozyme_60; Lysozyme_750; Caffeine_660; Lysozyme_720; Lysine_690; MgCl_90; Lysozyme_1170; Caffeine_1230; Caffeine_1140; CaCl_60; Caffeine_990; Lysozyme_1080; Lysozyme_240; Lysozyme_960; LL37_540; Lysozyme_1020; Pep28_360; MgCl_420; Lysozyme_1110; Caffeine_1320; CaCl_540; BSA_90; LL37_300; Caffeine_1200; BSA_210; Lysozyme_660; Caffeine_30; BSA_240; BSA_300; CaCl_210; Caffeine_690; Lysine_720,class_weight=None; max_depth=None; max_features=sqrt; min_samples_leaf=1; min_samples_split=5; n_estimators=400,0.3333333333333333,33.33333333333333,0.25,25.0
93,PK.QL_Chip4_Chan1,Random Forest,28,Lysozyme_60; Lysozyme_720; Caffeine_660; Lysine_690; MgCl_90; Caffeine_1230; BSA_1290; Lysozyme_750; Caffeine_1140; Caffeine_990; LL37_540; CaCl_60; Lysozyme_1080; Lysozyme_1110; Lysozyme_240; Pep28_360; Lysozyme_1170; Lysozyme_1020; Lysozyme_960; MgCl_420; Lysozyme_660; CaCl_540; LL37_300; Caffeine_1200; CaCl_210; Caffeine_1320; BSA_30; BSA_300,class_weight=None; max_depth=None; max_features=sqrt; min_samples_leaf=1; min_samples_split=2; n_estimators=200,0.5,50.0,0.3333333333333333,33.33333333333333
94,PK.QL_Chip4_Chan2,Random Forest,41,Lysozyme_60; Lysozyme_720; Lysine_690; Caffeine_660; Lysozyme_750; MgCl_90; Caffeine_1230; BSA_1290; LL37_540; Lysozyme_1080; Caffeine_990; Lysozyme_960; Lysozyme_240; Caffeine_1140; CaCl_60; Lysozyme_1170; Caffeine_1200; Pep28_360; Lysozyme_1020; Caffeine_1320; MgCl_300; MgCl_420; LL37_300; CaCl_540; Lysozyme_660; Lysozyme_930; BSA_90; BSA_240; Lysozyme_1110; BSA_210; CaCl_210; BSA_930; Lysine_720; Caffeine_30; CaCl_30; LL37_900; CaCl_990; BSA_300; Caffeine_60; Caffeine_690; LL37_1350,class_weight=balanced; max_depth=None; max_features=sqrt; min_samples_leaf=1; min_samples_split=10; n_estimators=200,0.1111111111111111,11.11111111111111,0.1,10.0
95,PK.QL_Chip4_Chan3,Random Forest,41,Lysozyme_60; MgCl_90; Caffeine_660; Lysozyme_720; Lysine_690; Lysozyme_750; CaCl_60; Caffeine_1230; Caffeine_990; BSA_1290; Caffeine_1140; Lysozyme_240; Lysozyme_1080; Lysozyme_1170; LL37_540; Lysozyme_1020; Lysozyme_960; MgCl_420; Lysozyme_1110; Caffeine_1320; Lysozyme_660; BSA_240; Pep28_360; Caffeine_30; LL37_300; Caffeine_1200; Caffeine_60; CaCl_900; BSA_210; CaCl_540; MgCl_300; CaCl_990; CaCl_570; BSA_90; CaCl_780; BSA_930; Lysine_720; BSA_30; CaCl_210; Caffeine_690; Caffeine_1110,class_weight=balanced; max_depth=None; max_features=sqrt; min_samples_leaf=2; min_samples_split=5; n_estimators=200,0.1111111111111111,11.11111111111111,0.1,10.0
96,PK.QL_Chip4_Chan4,Random Forest,27,Lysozyme_60; Caffeine_660; Lysozyme_720; Lysine_690; MgCl_90; Caffeine_1230; Lysozyme_750; Caffeine_1140; LL37_540; BSA_1290; Caffeine_990; Lysozyme_1170; Lysozyme_1020; Lysozyme_1080; CaCl_60; Lysozyme_240; Lysozyme_960; MgCl_420; Lysozyme_1110; MgCl_300; Caffeine_1320; LL37_300; CaCl_780; CaCl_990; BSA_240; CaCl_540; Lysine_1350,class_weight=None; max_depth=None; max_features=log2; min_samples_leaf=1; min_samples_split=2; n_estimators=200,0.3333333333333333,33.33333333333333,0.25,25.0
97,PK.QM_Chip1_Chan1,Random Forest,33,Lysozyme_60; Caffeine_660; Lysine_690; MgCl_90; Lysozyme_750; Caffeine_990; Lysozyme_1170; Lysozyme_720; BSA_1290; Lysozyme_960; LL37_540; Caffeine_1140; Caffeine_1230; Lysozyme_240; Lysozyme_1080; Pep28_360; Caffeine_1320; CaCl_60; MgCl_420; CaCl_540; BSA_930; MgCl_300; Lysozyme_1020; CaCl_210; BSA_240; CaCl_990; Lysozyme_660; Caffeine_1200; Lysozyme_120; LL37_300; CaCl_570; Caffeine_690; Lysozyme_1110,class_weight=balanced; max_depth=None; max_features=sqrt; min_samples_leaf=2; min_samples_split=5; n_estimators=200,0.5555555555555556,55.55555555555556,0.3571428571428571,35.71428571428571
98,PK.QM_Chip1_Chan2,Random Forest,28,Lysozyme_60; MgCl_90; Lysozyme_750; Caffeine_660; Lysine_690; Lysozyme_720; Caffeine_1140; LL37_540; Lysozyme_1170; Caffeine_990; Lysozyme_240; Lysozyme_960; Caffeine_1230; BSA_1290; MgCl_420; Lysozyme_1020; CaCl_60; BSA_90; Caffeine_1320; CaCl_210; Lysozyme_1080; Lysozyme_1110; CaCl_990; Lysozyme_660; BSA_300; BSA_930; CaCl_540; Lysine_1350,class_weight=None; max_depth=None; max_features=sqrt; min_samples_leaf=1; min_samples_split=2; n_estimators=200,0.9444444444444444,94.44444444444444,0.4857142857142857,48.57142857142857
99,PK.QM_Chip1_Chan3,Random Forest,11,Lysozyme_60; Lysine_690; Caffeine_660; MgCl_90; Lysozyme_750; Lysozyme_720; Lysozyme_1170; LL37_540; BSA_1290; Caffeine_1140; Caffeine_1230,class_weight=None; max_depth=20; max_features=sqrt; min_samples_leaf=1; min_samples_split=5; n_estimators=400,0.8888888888888888,88.88888888888889,0.4705882352941176,47.05882352941176
100,PK.QM_Chip1_Chan4,Random Forest,38,Lysozyme_60; Caffeine_660; Lysozyme_720; Lysozyme_750; MgCl_90; Lysine_690; Caffeine_1140; LL37_540; Lysozyme_1170; Caffeine_990; Caffeine_1230; Lysozyme_240; BSA_1290; Lysozyme_1080; Lysozyme_960; CaCl_60; Caffeine_1320; CaCl_540; CaCl_210; MgCl_420; Lysozyme_1020; CaCl_990; Caffeine_1200; BSA_90; Pep28_360; BSA_210; BSA_930; BSA_240; Caffeine_1020; Lysine_1350; Lysozyme_930; CaCl_900; Lysozyme_840; Lysine_720; MgCl_300; Lysozyme_660; BSA_30; LL37_300,class_weight=balanced; max_depth=None; max_features=sqrt; min_samples_leaf=1; min_samples_split=10; n_estimators=800,0.8888888888888888,88.88888888888889,0.4705882352941176,47.05882352941176
101,PK.QM_Chip3_Chan1,Random Forest,26,Lysozyme_60; Lysozyme_720; Caffeine_660; Lysozyme_750; Lysine_690; MgCl_90; BSA_1290; Caffeine_1140; Lysozyme_1170; Caffeine_990; Lysozyme_960; Lysozyme_1080; LL37_540; Caffeine_1230; Lysozyme_1020; CaCl_60; Lysozyme_240; Caffeine_1200; BSA_240; Pep28_360; Caffeine_1320; Lysozyme_660; LL37_300; MgCl_420; Lysozyme_1110; MgCl_300,class_weight=None; max_depth=None; max_features=sqrt; min_samples_leaf=1; min_samples_split=5; n_estimators=800,0.0,0.0,0.0,0.0
102,PK.QM_Chip3_Chan2,Random Forest,46,Lysozyme_60; Lysozyme_720; Lysine_690; Caffeine_660; Lysozyme_750; Lysozyme_1170; MgCl_90; BSA_1290; Caffeine_1140; LL37_540; Caffeine_1230; Lysozyme_960; CaCl_60; Lysozyme_1020; Caffeine_990; Lysozyme_240; Lysozyme_1080; Lysozyme_660; Pep28_360; CaCl_210; MgCl_300; CaCl_990; Caffeine_1200; LL37_390; Lysozyme_1110; CaCl_540; Caffeine_1320; BSA_930; LL37_300; Caffeine_30; Lysozyme_840; MgCl_420; LL37_1350; Lysozyme_930; Lysine_720; Lysozyme_1200; Lysozyme_120; Lysine_1080; Lysine_600; Lysozyme_30; BSA_90; Lysine_210; Lysine_1350; Caffeine_1020; LL37_1020; BSA_300,class_weight=balanced; max_depth=None; max_features=log2; min_samples_leaf=1; min_samples_split=10; n_estimators=200,0.5555555555555556,55.55555555555556,0.3571428571428571,35.71428571428571
103,PK.QM_Chip3_Chan3,Random Forest,55,Lysozyme_60; Lysine_690; Lysozyme_720; Caffeine_660; Lysozyme_750; MgCl_90; Lysozyme_1170; BSA_1290; CaCl_60; LL37_540; Lysozyme_1020; Caffeine_1140; Lysozyme_1080; Caffeine_990; Lysozyme_1110; Caffeine_1230; Lysozyme_240; CaCl_990; Lysozyme_960; MgCl_300; BSA_930; Pep28_360; Lysozyme_660; BSA_240; BSA_90; CaCl_780; CaCl_540; Caffeine_60; MgCl_270; LL37_60; BSA_300; CaCl_210; Caffeine_690; BSA_30; Lysozyme_600; MgCl_420; Lysozyme_930; MgCl_870; Lysozyme_1200; LL37_300; Lysozyme_1050; Lysozyme_120; LL37_1020; Caffeine_30; Caffeine_1200; BSA_330; Lysine_210; Lysine_1350; LL37_1350; LL37_390; Lysozyme_1320; MgCl_60; BSA_1140; Lysozyme_840; Lysine_720,class_weight=balanced; max_depth=20; max_features=log2; min_samples_leaf=2; min_samples_split=10; n_estimators=200,1.0,100.0,1.0,100.0
104,PK.QM_Chip3_Chan4,Random Forest,45,Lysozyme_60; Lysine_690; Caffeine_660; Lysozyme_720; Lysozyme_750; MgCl_90; BSA_1290; Lysozyme_1170; LL37_540; Caffeine_1140; Lysozyme_1080; Lysozyme_1020; Caffeine_1230; CaCl_60; Caffeine_990; Lysozyme_240; BSA_930; Caffeine_1200; MgCl_420; Lysozyme_960; Lysozyme_1110; Lysine_1350; LL37_300; BSA_240; Pep28_360; MgCl_300; Lysine_1080; BSA_90; Lysozyme_930; Lysozyme_660; CaCl_780; CaCl_210; BSA_30; LL37_1350; MgCl_60; Caffeine_1020; Lysozyme_120; BSA_300; CaCl_900; MgCl_870; CaCl_570; Lysozyme_1320; CaCl_990; CaCl_30; CaCl_90,class_weight=balanced; max_depth=None; max_features=log2; min_samples_leaf=2; min_samples_split=10; n_estimators=200,0.0,0.0,0.0,0.0
105,PK.QM_Chip4_Chan1,Random Forest,40,Lysozyme_60; Lysozyme_750; Caffeine_1140; MgCl_90; Lysozyme_720; Caffeine_1230; Lysozyme_1170; LL37_540; Caffeine_660; BSA_1290; Lysozyme_960; CaCl_60; Lysozyme_1080; Lysozyme_240; Lysozyme_1020; Caffeine_990; Caffeine_1320; LL37_300; Caffeine_1200; CaCl_540; Lysozyme_660; Lysozyme_1110; BSA_240; Pep28_360; MgCl_300; BSA_90; Lysine_690; Lysine_1080; LL37_1350; CaCl_990; BSA_210; Caffeine_30; MgCl_420; Lysozyme_840; BSA_300; BSA_930; Lysine_1350; CaCl_210; CaCl_900; Lysozyme_1320,class_weight=balanced; max_depth=None; max_features=sqrt; min_samples_leaf=2; min_samples_split=10; n_estimators=400,0.3333333333333333,33.33333333333333,0.25,25.0
106,PK.QM_Chip4_Chan2,Random Forest,27,Lysozyme_60; Caffeine_660; Lysozyme_1170; MgCl_90; Lysozyme_750; Lysozyme_720; Caffeine_1230; Lysozyme_1020; LL37_540; Caffeine_1140; BSA_1290; CaCl_60; Lysozyme_1080; Caffeine_990; Lysine_690; Pep28_360; MgCl_300; Lysozyme_960; BSA_240; Lysozyme_1110; Caffeine_1200; Lysozyme_240; LL37_300; CaCl_540; CaCl_990; MgCl_420; CaCl_210,class_weight=balanced; max_depth=20; max_features=log2; min_samples_leaf=2; min_samples_split=10; n_estimators=200,0.3888888888888889,38.88888888888889,0.28,28.000000000000004
107,PK.QM_Chip4_Chan3,Random Forest,53,Lysozyme_60; Lysozyme_750; Caffeine_660; Lysozyme_720; Lysine_690; Caffeine_1230; MgCl_90; BSA_1290; Lysozyme_1170; LL37_540; Caffeine_1140; Caffeine_990; Lysozyme_1020; CaCl_60; Lysozyme_1080; Pep28_360; LL37_300; CaCl_540; Lysozyme_240; Lysozyme_1110; MgCl_420; Caffeine_1200; MgCl_300; Caffeine_1320; Caffeine_1020; Lysozyme_930; Caffeine_30; CaCl_990; BSA_930; MgCl_870; BSA_90; BSA_240; Lysozyme_960; LL37_1020; CaCl_210; CaCl_780; BSA_300; Lysine_1080; MgCl_120; LL37_390; LL37_1350; BSA_210; Lysozyme_1200; Lysozyme_30; BSA_1140; Lysozyme_1320; Lysine_600; Lysozyme_600; CaCl_570; LL37_60; Lysozyme_480; LL37_210; Lysine_1350,class_weight=balanced; max_depth=20; max_features=log2; min_samples_leaf=4; min_samples_split=10; n_estimators=200,0.2777777777777778,27.77777777777778,0.217391304347826,21.7391304347826
108,PK.QM_Chip4_Chan4,Random Forest,41,Lysozyme_60; Lysozyme_720; Lysine_690; Caffeine_660; Lysozyme_1170; MgCl_90; Lysozyme_750; BSA_1290; LL37_540; Caffeine_1230; Caffeine_1140; CaCl_60; Lysozyme_1080; Lysozyme_1020; Pep28_360; Caffeine_1320; Caffeine_990; Lysozyme_240; CaCl_540; Lysozyme_1110; CaCl_780; MgCl_420; Lysine_1080; Lysine_1350; Caffeine_30; Caffeine_1200; Lysozyme_960; MgCl_300; Caffeine_1020; LL37_300; CaCl_30; BSA_240; BSA_930; Lysozyme_600; BSA_300; CaCl_570; Lysozyme_1320; Lysozyme_930; CaCl_990; Lysozyme_1200; LL37_1350,class_weight=balanced; max_depth=20; max_features=log2; min_samples_leaf=1; min_samples_split=10; n_estimators=400,0.3888888888888889,38.88888888888889,0.28,28.000000000000004
109,PR.QH_Chip1_Chan1,Random Forest,47,Lysozyme_60; Lysozyme_720; Caffeine_660; Lysine_690; MgCl_90; Lysozyme_750; BSA_1290; Lysozyme_1170; Caffeine_1230; Caffeine_1140; LL37_540; Lysozyme_240; Lysozyme_1020; Lysozyme_1080; CaCl_60; Caffeine_1320; CaCl_540; Caffeine_990; Lysozyme_1110; Lysozyme_960; Caffeine_1200; Pep28_360; LL37_300; MgCl_300; Lysozyme_930; BSA_90; Lysine_1350; MgCl_420; Lysine_720; Caffeine_1020; CaCl_90; CaCl_570; CaCl_990; Lysozyme_660; CaCl_210; BSA_1140; CaCl_780; Lysine_1080; BSA_930; Caffeine_30; BSA_300; LL37_1350; BSA_30; Lysozyme_480; Lysozyme_1320; Lysozyme_1200; CaCl_270,class_weight=balanced; max_depth=None; max_features=sqrt; min_samples_leaf=1; min_samples_split=10; n_estimators=200,1.0,100.0,1.0,100.0
110,PR.QH_Chip1_Chan2,Random Forest,53,Lysozyme_60; Lysozyme_720; Caffeine_660; MgCl_90; Lysozyme_750; Lysine_690; Lysozyme_1170; Caffeine_1230; Lysozyme_240; LL37_540; BSA_1290; Lysozyme_1080; Caffeine_1140; Lysozyme_1110; Caffeine_990; Caffeine_1320; Lysozyme_1020; Lysozyme_960; CaCl_60; Lysine_1350; CaCl_540; LL37_300; BSA_90; Pep28_360; CaCl_210; MgCl_300; MgCl_420; Lysine_720; Caffeine_1020; CaCl_990; Caffeine_1200; Lysozyme_930; Caffeine_30; CaCl_30; CaCl_570; Lysozyme_660; BSA_930; BSA_300; CaCl_90; CaCl_900; BSA_210; BSA_30; LL37_390; CaCl_780; Lysozyme_1050; LL37_1350; BSA_1140; Caffeine_60; BSA_240; Lysine_1080; MgCl_870; Lysozyme_1200; Caffeine_1110,class_weight=balanced; max_depth=None; max_features=log2; min_samples_leaf=4; min_samples_split=10; n_estimators=800,1.0,100.0,1.0,100.0
111,PR.QH_Chip1_Chan3,Random Forest,40,Lysozyme_60; Caffeine_660; Lysozyme_720; Lysine_690; MgCl_90; Lysozyme_750; Lysozyme_1170; LL37_540; BSA_1290; Caffeine_1230; CaCl_540; Caffeine_990; Caffeine_1140; Lysozyme_1080; Lysozyme_240; Lysozyme_1110; CaCl_60; Lysozyme_1020; Caffeine_1200; MgCl_300; Lysozyme_960; Caffeine_1320; Pep28_360; CaCl_30; CaCl_210; LL37_300; Lysine_1350; CaCl_990; LL37_1350; CaCl_780; CaCl_570; Lysozyme_660; MgCl_420; BSA_300; Lysozyme_120; BSA_90; BSA_930; Caffeine_30; BSA_240; BSA_30,class_weight=balanced; max_depth=None; max_features=sqrt; min_samples_leaf=1; min_samples_split=10; n_estimators=400,0.9444444444444444,94.44444444444444,0.4857142857142857,48.57142857142857
112,PR.QH_Chip1_Chan4,Random Forest,61,Lysozyme_60; Lysine_690; Caffeine_660; Lysozyme_750; Lysozyme_720; MgCl_90; Lysozyme_1170; LL37_540; Lysozyme_1080; BSA_1290; Lysozyme_240; Lysozyme_1020; Caffeine_1230; Caffeine_990; CaCl_540; Caffeine_1140; CaCl_60; Lysozyme_1110; Caffeine_1320; Lysozyme_960; Caffeine_1200; CaCl_900; MgCl_300; Pep28_360; BSA_90; MgCl_420; Lysozyme_660; CaCl_90; Lysine_1350; LL37_300; CaCl_780; Caffeine_30; CaCl_990; Caffeine_60; Lysine_720; CaCl_210; Lysozyme_1200; LL37_1350; Lysozyme_930; Caffeine_690; BSA_930; Caffeine_1020; Lysozyme_600; BSA_1140; Lysine_240; BSA_240; LL37_930; Lysozyme_1320; MgCl_120; CaCl_570; MgCl_870; Lysozyme_510; Lysine_1080; BSA_300; BSA_30; MgCl_60; Lysozyme_840; LL37_1020; CaCl_30; BSA_330; BSA_210,class_weight=balanced; max_depth=None; max_features=log2; min_samples_leaf=4; min_samples_split=2; n_estimators=800,0.8888888888888888,88.88888888888889,0.4705882352941176,47.05882352941176
113,PR.QH_Chip3_Chan1,Random Forest,46,Lysozyme_60; Lysine_690; Lysozyme_750; Caffeine_660; Lysozyme_1170; Lysozyme_720; MgCl_90; Caffeine_990; BSA_1290; LL37_540; Caffeine_1230; Caffeine_1140; Lysozyme_1080; Lysozyme_1020; Lysozyme_1110; CaCl_60; Lysozyme_240; CaCl_540; MgCl_300; Lysozyme_960; MgCl_420; Caffeine_1200; Caffeine_1320; Lysine_1350; CaCl_210; Pep28_360; LL37_300; Caffeine_690; Lysozyme_660; Lysine_1080; CaCl_90; CaCl_780; Lysozyme_1200; CaCl_30; CaCl_990; BSA_930; Lysozyme_930; Caffeine_1020; BSA_90; CaCl_570; MgCl_120; Lysozyme_120; BSA_30; MgCl_60; BSA_210; LL37_1020,class_weight=balanced; max_depth=None; max_features=log2; min_samples_leaf=4; min_samples_split=10; n_estimators=800,1.0,100.0,1.0,100.0
114,PR.QH_Chip3_Chan2,Random Forest,60,Lysozyme_60; Lysine_690; Caffeine_660; Lysozyme_750; Lysozyme_720; MgCl_90; Lysozyme_1170; LL37_540; BSA_1290; Caffeine_990; Caffeine_1230; Lysozyme_240; Caffeine_1140; Lysozyme_1080; CaCl_540; Lysozyme_1110; Lysozyme_1020; CaCl_60; Lysozyme_960; Caffeine_1200; LL37_300; MgCl_300; Pep28_360; Caffeine_1320; Caffeine_690; Lysine_1080; Lysine_1350; MgCl_420; CaCl_570; BSA_1140; Lysozyme_1320; CaCl_210; CaCl_780; Lysozyme_660; LL37_1350; Lysozyme_600; Caffeine_1020; Lysozyme_510; Lysozyme_930; CaCl_990; Lysozyme_30; BSA_930; CaCl_90; LL37_180; CaCl_30; Lysozyme_1200; BSA_300; MgCl_120; BSA_330; Lysozyme_120; LL37_390; Lysine_240; MgCl_270; LL37_1020; BSA_240; Lysine_720; CaCl_750; BSA_30; BSA_90; Lysozyme_450,class_weight=balanced; max_depth=None; max_features=sqrt; min_samples_leaf=1; min_samples_split=2; n_estimators=200,1.0,100.0,1.0,100.0
115,PR.QH_Chip3_Chan3,Random Forest,49,Lysozyme_60; Lysine_690; Caffeine_660; MgCl_90; Lysozyme_750; Lysozyme_720; Lysozyme_1170; Caffeine_1140; Caffeine_990; BSA_1290; LL37_540; Caffeine_1230; Lysozyme_1110; Lysozyme_1080; Lysozyme_1020; Lysozyme_240; Lysozyme_960; CaCl_540; CaCl_60; Lysine_1350; Lysozyme_660; Caffeine_1200; Caffeine_1320; Pep28_360; MgCl_420; LL37_300; Caffeine_690; MgCl_300; Lysine_1080; Caffeine_1020; CaCl_210; BSA_90; LL37_1020; CaCl_990; Lysine_720; CaCl_30; Lysine_600; Lysozyme_930; BSA_30; Lysine_240; Lysozyme_1320; BSA_210; MgCl_870; LL37_1350; BSA_930; Lysozyme_1200; CaCl_570; BSA_1140; BSA_300,class_weight=balanced; max_depth=None; max_features=log2; min_samples_leaf=4; min_samples_split=10; n_estimators=400,1.0,100.0,1.0,100.0
116,PR.QH_Chip3_Chan4,Random Forest,65,Lysozyme_60; Caffeine_660; Lysozyme_720; Lysine_690; Lysozyme_750; MgCl_90; Lysozyme_1170; LL37_540; Caffeine_1230; Caffeine_1140; BSA_1290; MgCl_420; Caffeine_990; CaCl_540; Lysozyme_1020; Lysozyme_1080; Lysozyme_1110; Caffeine_1320; CaCl_60; Lysozyme_960; Lysozyme_240; Caffeine_1200; MgCl_300; Lysine_1350; Lysozyme_660; LL37_300; CaCl_210; BSA_90; Pep28_360; BSA_930; Caffeine_1020; Caffeine_690; Lysine_720; CaCl_900; CaCl_990; CaCl_30; Lysozyme_1200; Lysozyme_930; CaCl_780; Lysine_1080; Lysozyme_90; Lysozyme_600; Caffeine_30; MgCl_120; CaCl_570; BSA_240; CaCl_150; LL37_1350; LL37_1020; BSA_30; Lysozyme_1320; CaCl_270; Lysozyme_840; LL37_390; BSA_330; Lysozyme_120; Lysozyme_510; CaCl_90; MgCl_870; BSA_1140; Lysine_600; CaCl_750; MgCl_270; BSA_300; LL37_180,class_weight=balanced; max_depth=20; max_features=log2; min_samples_leaf=4; min_samples_split=10; n_estimators=400,1.0,100.0,1.0,100.0
117,PR.QH_Chip4_Chan1,Random Forest,55,Lysozyme_60; Lysozyme_750; MgCl_90; Lysine_690; Caffeine_660; Lysozyme_720; LL37_540; Lysozyme_1170; Caffeine_990; Caffeine_1230; BSA_1290; Caffeine_1140; Lysozyme_1020; CaCl_60; Caffeine_1200; Lysozyme_240; CaCl_540; Lysozyme_1110; Lysozyme_1080; MgCl_420; Lysozyme_960; BSA_930; BSA_300; Caffeine_1320; MgCl_300; CaCl_990; Pep28_360; LL37_300; Lysine_1350; Lysozyme_930; Lysine_1080; CaCl_210; Caffeine_690; BSA_90; BSA_30; CaCl_570; Caffeine_1020; BSA_1140; Caffeine_60; Lysine_720; LL37_60; LL37_930; LL37_180; CaCl_30; CaCl_270; Lysine_600; LL37_1350; LL37_1020; Lysozyme_480; LL37_480; BSA_210; Lysozyme_600; MgCl_870; CaCl_780; Lysozyme_660,class_weight=balanced; max_depth=20; max_features=log2; min_samples_leaf=2; min_samples_split=10; n_estimators=200,1.0,100.0,1.0,100.0
118,PR.QH_Chip4_Chan2,Random Forest,36,Lysozyme_60; Lysine_690; Lysozyme_720; Lysozyme_750; Caffeine_660; MgCl_90; Caffeine_990; Lysozyme_1170; LL37_540; BSA_1290; Caffeine_1230; Caffeine_1140; Lysozyme_1080; BSA_90; CaCl_60; Lysozyme_1110; Lysozyme_960; Lysozyme_1020; Lysozyme_240; MgCl_300; Pep28_360; LL37_300; BSA_930; MgCl_420; Caffeine_1200; CaCl_570; Caffeine_1320; LL37_1350; CaCl_540; Caffeine_1020; BSA_30; Lysine_1080; Lysozyme_660; Caffeine_690; CaCl_30; CaCl_210,class_weight=balanced; max_depth=20; max_features=sqrt; min_samples_leaf=2; min_samples_split=10; n_estimators=400,0.8888888888888888,88.88888888888889,0.4705882352941176,47.05882352941176
119,PR.QH_Chip4_Chan3,Random Forest,39,Lysozyme_60; Lysine_690; Lysozyme_750; Lysozyme_720; MgCl_90; Caffeine_660; Lysozyme_1170; BSA_1290; Caffeine_1140; Caffeine_1230; Caffeine_990; CaCl_60; Lysozyme_1080; LL37_540; Lysozyme_1020; Lysozyme_960; MgCl_420; Lysozyme_240; Caffeine_1320; MgCl_300; Caffeine_1200; CaCl_540; Lysozyme_1110; LL37_300; BSA_90; CaCl_210; Lysine_1350; Pep28_360; LL37_1350; CaCl_30; Lysozyme_660; BSA_300; BSA_30; CaCl_990; Lysine_1080; BSA_930; Lysine_720; Caffeine_1020; MgCl_120,class_weight=balanced; max_depth=20; max_features=sqrt; min_samples_leaf=2; min_samples_split=5; n_estimators=200,0.9444444444444444,94.44444444444444,0.4857142857142857,48.57142857142857
120,PR.QH_Chip4_Chan4,Random Forest,42,Lysozyme_60; Lysine_690; Lysozyme_720; Caffeine_660; Lysozyme_750; MgCl_90; BSA_1290; Lysozyme_1170; Caffeine_990; Caffeine_1140; Caffeine_1230; LL37_540; Lysozyme_240; CaCl_60; Lysozyme_1080; Caffeine_1200; Lysozyme_960; Pep28_360; Lysozyme_1110; Lysozyme_1020; BSA_90; CaCl_540; Caffeine_1320; MgCl_420; LL37_300; BSA_930; LL37_1350; BSA_300; MgCl_300; Lysine_1350; CaCl_210; Lysine_1080; CaCl_990; Caffeine_1020; Caffeine_690; CaCl_30; Lysozyme_660; LL37_180; BSA_30; LL37_60; CaCl_570; Lysozyme_90,class_weight=balanced; max_depth=20; max_features=log2; min_samples_leaf=1; min_samples_split=10; n_estimators=200,0.9444444444444444,94.44444444444444,0.4857142857142857,48.57142857142857
121,PR.QL_Chip1_Chan1,Random Forest,31,Lysozyme_60; Lysozyme_750; MgCl_90; Lysine_690; Lysozyme_720; Caffeine_660; Lysozyme_1170; Caffeine_1230; Caffeine_990; BSA_1290; Caffeine_1140; CaCl_60; Lysozyme_1020; Lysozyme_960; Lysozyme_240; Lysozyme_1080; LL37_540; Caffeine_1200; MgCl_420; Caffeine_1320; Lysozyme_1110; CaCl_540; MgCl_300; LL37_300; Pep28_360; Lysine_1350; BSA_930; BSA_30; BSA_300; CaCl_990; CaCl_210,class_weight=balanced; max_depth=20; max_features=sqrt; min_samples_leaf=1; min_samples_split=5; n_estimators=200,1.0,100.0,1.0,100.0
122,PR.QL_Chip1_Chan2,Random Forest,51,Lysozyme_60; Lysozyme_750; Lysine_690; Lysozyme_720; Caffeine_660; MgCl_90; Lysozyme_1170; BSA_1290; Caffeine_990; Caffeine_1230; LL37_540; Caffeine_1140; Lysozyme_1080; CaCl_60; Lysozyme_1020; Caffeine_1200; Lysozyme_960; Lysozyme_240; Pep28_360; MgCl_300; Lysozyme_1110; Caffeine_1320; MgCl_420; CaCl_210; Lysine_1350; CaCl_540; LL37_300; BSA_930; BSA_300; BSA_90; Lysozyme_930; BSA_210; Lysozyme_660; BSA_30; Lysine_1080; CaCl_900; CaCl_570; CaCl_990; CaCl_780; CaCl_30; Caffeine_1110; Lysozyme_600; Caffeine_1020; BSA_240; LL37_180; LL37_1350; Caffeine_690; Lysine_720; MgCl_120; Lysozyme_510; CaCl_90,class_weight=balanced; max_depth=None; max_features=sqrt; min_samples_leaf=2; min_samples_split=10; n_estimators=200,1.0,100.0,1.0,100.0
123,PR.QL_Chip1_Chan3,Random Forest,46,Lysozyme_60; Lysine_690; Lysozyme_750; Lysozyme_720; MgCl_90; Caffeine_660; Caffeine_1230; Caffeine_990; Lysozyme_1170; BSA_1290; LL37_540; CaCl_60; Lysozyme_1080; Caffeine_1140; Lysozyme_1020; Lysozyme_240; MgCl_420; Lysozyme_960; Caffeine_1320; Lysozyme_1110; MgCl_300; CaCl_540; Pep28_360; BSA_90; BSA_210; LL37_300; CaCl_210; LL37_1350; Caffeine_1200; CaCl_990; BSA_930; Lysine_1350; Lysine_720; CaCl_30; BSA_240; Lysozyme_1200; Lysine_1080; LL37_60; BSA_300; CaCl_570; BSA_30; CaCl_90; MgCl_120; Lysozyme_660; Caffeine_1110; CaCl_900,class_weight=balanced; max_depth=20; max_features=log2; min_samples_leaf=1; min_samples_split=10; n_estimators=800,1.0,100.0,1.0,100.0
124,PR.QL_Chip1_Chan4,Random Forest,41,Lysozyme_60; Lysine_690; Lysozyme_750; Lysozyme_720; MgCl_90; Caffeine_660; Lysozyme_1170; Caffeine_1230; BSA_1290; Caffeine_990; Lysozyme_1080; LL37_540; Caffeine_1140; CaCl_60; Lysozyme_240; Lysozyme_1020; MgCl_300; CaCl_540; Lysozyme_1110; CaCl_210; Caffeine_1320; Lysozyme_960; Caffeine_1200; Pep28_360; MgCl_420; Lysine_1350; CaCl_30; LL37_300; CaCl_990; Lysozyme_930; CaCl_900; CaCl_90; BSA_930; BSA_210; Lysozyme_660; BSA_30; LL37_1350; CaCl_270; CaCl_570; LL37_930; LL37_180,class_weight=balanced; max_depth=None; max_features=sqrt; min_samples_leaf=4; min_samples_split=2; n_estimators=400,1.0,100.0,1.0,100.0
125,PR.QL_Chip3_Chan1,Random Forest,45,Lysozyme_60; Lysozyme_750; Lysine_690; Lysozyme_720; Caffeine_660; MgCl_90; BSA_1290; Caffeine_1230; Caffeine_990; Lysozyme_1170; LL37_540; Caffeine_1140; CaCl_60; Lysozyme_240; Lysozyme_1080; Lysozyme_1020; Caffeine_1200; MgCl_300; Lysozyme_1110; Lysozyme_960; LL37_300; CaCl_210; Pep28_360; CaCl_540; BSA_90; Caffeine_1320; Lysozyme_660; MgCl_420; CaCl_30; BSA_930; Lysine_1350; MgCl_120; BSA_30; Caffeine_690; CaCl_990; BSA_240; LL37_1350; MgCl_390; Caffeine_1020; LL37_930; Lysozyme_600; Lysozyme_120; BSA_210; Lysine_1080; BSA_300,class_weight=balanced; max_depth=None; max_features=log2; min_samples_leaf=1; min_samples_split=2; n_estimators=400,1.0,100.0,1.0,100.0
126,PR.QL_Chip3_Chan2,Random Forest,46,Lysozyme_60; MgCl_90; Lysozyme_750; Lysozyme_720; Lysine_690; Caffeine_660; Lysozyme_1170; Lysozyme_1080; LL37_540; Caffeine_1140; Caffeine_1230; Caffeine_990; BSA_1290; Lysozyme_240; CaCl_60; Lysozyme_1020; MgCl_300; Lysozyme_960; MgCl_420; LL37_300; Caffeine_1200; CaCl_540; Pep28_360; BSA_930; Lysozyme_660; Caffeine_690; CaCl_990; Lysozyme_1110; CaCl_210; Caffeine_1320; Caffeine_1020; MgCl_120; Lysine_1350; BSA_90; LL37_1350; CaCl_780; BSA_30; BSA_210; Lysine_720; Lysozyme_600; LL37_930; BSA_1140; Lysozyme_1200; CaCl_30; BSA_240; Lysine_240,class_weight=balanced; max_depth=20; max_features=sqrt; min_samples_leaf=2; min_samples_split=2; n_estimators=200,1.0,100.0,1.0,100.0
127,PR.QL_Chip3_Chan3,Random Forest,36,Lysozyme_60; Lysozyme_750; MgCl_90; Lysine_690; Lysozyme_720; Caffeine_660; Lysozyme_1170; Caffeine_1140; LL37_540; Lysozyme_1080; Caffeine_990; Lysozyme_240; BSA_1290; CaCl_60; Caffeine_1230; Lysozyme_1020; Lysozyme_960; LL37_300; CaCl_540; Caffeine_1200; Lysozyme_1110; BSA_930; MgCl_420; Lysozyme_660; MgCl_300; Pep28_360; Lysine_1350; MgCl_120; Caffeine_690; CaCl_990; Lysozyme_930; BSA_210; CaCl_210; BSA_30; BSA_240; LL37_1350,class_weight=balanced; max_depth=None; max_features=sqrt; min_samples_leaf=1; min_samples_split=10; n_estimators=800,1.0,100.0,1.0,100.0
128,PR.QL_Chip3_Chan4,Random Forest,34,Lysozyme_60; Lysine_690; Lysozyme_750; MgCl_90; Lysozyme_720; Caffeine_660; LL37_540; Lysozyme_1170; Lysozyme_1080; Caffeine_1230; Caffeine_1140; Caffeine_990; Lysozyme_1020; Lysozyme_240; CaCl_60; BSA_1290; CaCl_540; Lysozyme_960; Pep28_360; Lysozyme_1110; Caffeine_1200; MgCl_300; BSA_930; LL37_300; Caffeine_690; MgCl_120; CaCl_990; MgCl_420; BSA_90; BSA_300; CaCl_210; BSA_240; Lysozyme_660; Lysozyme_90,class_weight=balanced; max_depth=None; max_features=sqrt; min_samples_leaf=1; min_samples_split=10; n_estimators=400,0.9444444444444444,94.44444444444444,0.4857142857142857,48.57142857142857
129,PR.QL_Chip4_Chan1,Random Forest,38,Lysozyme_60; Lysozyme_750; MgCl_90; Lysozyme_720; Lysine_690; Caffeine_660; Caffeine_1230; Lysozyme_1170; LL37_540; Caffeine_1140; Caffeine_990; BSA_1290; CaCl_60; Lysozyme_1080; Lysozyme_960; Lysozyme_1020; CaCl_540; LL37_300; Lysozyme_1110; Lysozyme_240; MgCl_300; MgCl_420; Caffeine_1200; BSA_930; CaCl_210; BSA_90; CaCl_990; Pep28_360; Lysozyme_930; Caffeine_690; Lysozyme_660; Caffeine_1320; BSA_210; BSA_240; Lysozyme_90; Lysine_1350; CaCl_780; LL37_930,class_weight=balanced; max_depth=20; max_features=log2; min_samples_leaf=2; min_samples_split=10; n_estimators=200,0.8888888888888888,88.88888888888889,0.4705882352941176,47.05882352941176
130,PR.QL_Chip4_Chan2,Random Forest,41,Lysozyme_60; MgCl_90; Lysozyme_1170; Lysozyme_750; Lysine_690; Lysozyme_720; Caffeine_660; Caffeine_1140; LL37_540; Caffeine_1230; Lysozyme_1080; CaCl_60; BSA_1290; Lysozyme_240; Caffeine_990; Lysozyme_1020; Lysozyme_960; MgCl_420; LL37_300; Caffeine_1200; Lysozyme_1110; Caffeine_1320; MgCl_120; BSA_930; CaCl_210; Pep28_360; Caffeine_30; MgCl_300; CaCl_990; BSA_30; CaCl_540; BSA_300; Lysine_1080; BSA_240; CaCl_780; Caffeine_1020; Caffeine_690; LL37_180; Lysine_720; Lysozyme_660; BSA_90,class_weight=balanced; max_depth=20; max_features=log2; min_samples_leaf=1; min_samples_split=10; n_estimators=800,0.5,50.0,0.3333333333333333,33.33333333333333
131,PR.QL_Chip4_Chan3,Random Forest,37,Lysozyme_60; Lysine_690; Lysozyme_750; MgCl_90; Lysozyme_720; Lysozyme_1170; Caffeine_660; Lysozyme_1080; LL37_540; Caffeine_1140; CaCl_60; Caffeine_1230; BSA_1290; Lysozyme_1020; LL37_300; Lysozyme_960; Caffeine_990; Lysozyme_240; Caffeine_690; Lysozyme_1110; CaCl_540; BSA_930; CaCl_210; MgCl_420; Caffeine_1200; Caffeine_1320; Pep28_360; MgCl_300; CaCl_780; BSA_210; MgCl_120; Lysozyme_660; Lysine_1080; CaCl_30; BSA_90; BSA_240; Lysine_1350,class_weight=balanced; max_depth=20; max_features=sqrt; min_samples_leaf=2; min_samples_split=10; n_estimators=400,1.0,100.0,1.0,100.0
132,PR.QL_Chip4_Chan4,Random Forest,26,Lysozyme_60; Lysozyme_750; Lysine_690; MgCl_90; Lysozyme_720; Caffeine_660; Lysozyme_1170; LL37_540; CaCl_60; Caffeine_1140; BSA_1290; Caffeine_1230; Lysozyme_1080; Lysozyme_960; Lysozyme_240; Caffeine_990; LL37_300; Lysozyme_1020; Caffeine_1200; CaCl_210; Pep28_360; BSA_930; MgCl_420; CaCl_540; BSA_30; BSA_210,class_weight=balanced; max_depth=None; max_features=sqrt; min_samples_leaf=1; min_samples_split=5; n_estimators=200,1.0,100.0,1.0,100.0
133,PR.QM_Chip1_Chan1,Random Forest,27,Lysozyme_60; Lysine_690; Lysozyme_750; MgCl_90; Lysozyme_720; Caffeine_660; Caffeine_1230; BSA_1290; Lysozyme_1080; Caffeine_1140; Lysozyme_1170; Lysozyme_240; LL37_540; CaCl_60; Lysozyme_960; Lysozyme_1020; Caffeine_990; Caffeine_1200; CaCl_540; Lysozyme_1110; MgCl_300; BSA_930; BSA_1140; LL37_300; Lysozyme_660; MgCl_420; CaCl_990,class_weight=balanced; max_depth=None; max_features=log2; min_samples_leaf=2; min_samples_split=10; n_estimators=400,0.9444444444444444,94.44444444444444,0.4857142857142857,48.57142857142857
134,PR.QM_Chip1_Chan2,Random Forest,48,Lysozyme_60; Lysine_690; MgCl_90; Lysozyme_750; Lysozyme_720; Lysozyme_1170; Caffeine_660; LL37_540; BSA_1290; Lysozyme_1080; Caffeine_1230; Caffeine_1140; Lysozyme_240; Caffeine_990; CaCl_60; Lysozyme_960; Lysozyme_1020; Pep28_360; CaCl_540; Caffeine_1320; CaCl_210; Caffeine_1200; CaCl_900; MgCl_300; LL37_300; Lysozyme_660; BSA_930; MgCl_420; LL37_180; CaCl_570; Lysozyme_1110; CaCl_990; BSA_210; BSA_90; Lysine_1080; Caffeine_690; BSA_30; Lysine_1350; BSA_240; BSA_300; CaCl_30; LL37_1350; Lysozyme_1200; CaCl_90; CaCl_750; LL37_1020; Caffeine_1020; MgCl_870,class_weight=balanced; max_depth=20; max_features=log2; min_samples_leaf=2; min_samples_split=10; n_estimators=200,1.0,100.0,1.0,100.0
135,PR.QM_Chip1_Chan3,Random Forest,37,Lysozyme_60; Lysozyme_720; Lysine_690; Lysozyme_750; MgCl_90; Caffeine_1230; Caffeine_660; Lysozyme_1170; CaCl_60; Lysozyme_1080; Caffeine_990; Lysozyme_960; Caffeine_1140; LL37_540; Lysozyme_240; BSA_1290; Lysozyme_1020; Pep28_360; MgCl_300; MgCl_420; CaCl_540; LL37_300; CaCl_990; BSA_90; CaCl_210; Lysozyme_660; Caffeine_1200; BSA_930; Caffeine_1320; BSA_210; CaCl_30; Caffeine_1020; Lysozyme_1110; BSA_30; Lysozyme_510; BSA_1140; Lysine_1350,class_weight=balanced; max_depth=None; max_features=sqrt; min_samples_leaf=2; min_samples_split=10; n_estimators=200,0.3333333333333333,33.33333333333333,0.25,25.0
136,PR.QM_Chip1_Chan4,Random Forest,25,Lysozyme_60; MgCl_90; Lysozyme_750; Lysozyme_720; Caffeine_660; Lysine_690; BSA_1290; Lysozyme_1170; Lysozyme_240; Caffeine_1140; LL37_540; Caffeine_990; Lysozyme_1080; CaCl_60; Caffeine_1230; Lysozyme_1020; Lysozyme_960; CaCl_540; Lysozyme_1110; Pep28_360; CaCl_990; MgCl_420; MgCl_300; BSA_210; Lysozyme_660,class_weight=balanced; max_depth=20; max_features=sqrt; min_samples_leaf=2; min_samples_split=10; n_estimators=800,1.0,100.0,1.0,100.0
137,PR.QM_Chip3_Chan1,Random Forest,43,Lysozyme_60; Lysozyme_750; Lysine_690; MgCl_90; Lysozyme_720; Caffeine_660; LL37_540; Caffeine_1230; Lysozyme_1170; CaCl_60; Caffeine_1140; Lysozyme_1080; BSA_1290; Lysozyme_240; Lysozyme_1020; Caffeine_990; Lysozyme_960; MgCl_420; Pep28_360; CaCl_540; BSA_930; LL37_300; MgCl_300; Lysozyme_1110; Caffeine_1320; CaCl_990; Caffeine_1200; BSA_300; CaCl_210; BSA_210; Caffeine_690; Lysozyme_930; BSA_1140; Lysine_720; Lysine_1350; Lysine_1080; LL37_180; CaCl_30; BSA_90; Lysozyme_840; LL37_1350; BSA_240; Lysozyme_1320,class_weight=balanced; max_depth=20; max_features=log2; min_samples_leaf=4; min_samples_split=2; n_estimators=400,1.0,100.0,1.0,100.0
138,PR.QM_Chip3_Chan2,Random Forest,31,Lysozyme_60; Lysozyme_720; Lysine_690; MgCl_90; Lysozyme_750; Caffeine_660; Caffeine_1140; Caffeine_1230; Lysozyme_1170; Lysozyme_1080; LL37_540; Lysozyme_960; Lysozyme_240; BSA_1290; Caffeine_990; CaCl_60; Lysozyme_1020; MgCl_300; LL37_300; Pep28_360; MgCl_420; CaCl_540; Caffeine_1200; CaCl_990; BSA_300; Lysozyme_1110; Caffeine_1320; CaCl_210; BSA_930; Lysozyme_660; Caffeine_690,class_weight=balanced; max_depth=None; max_features=sqrt; min_samples_leaf=2; min_samples_split=10; n_estimators=400,1.0,100.0,1.0,100.0
139,PR.QM_Chip3_Chan3,Random Forest,25,Lysozyme_60; Lysozyme_720; MgCl_90; Caffeine_660; Lysine_690; Lysozyme_750; Caffeine_1230; Caffeine_1140; Lysozyme_1170; Lysozyme_1080; Caffeine_990; LL37_540; Lysozyme_240; CaCl_60; BSA_1290; Lysozyme_1020; Lysozyme_960; MgCl_420; CaCl_540; Lysozyme_1110; LL37_300; Caffeine_1200; Lysozyme_660; BSA_930; Pep28_360,class_weight=None; max_depth=None; max_features=sqrt; min_samples_leaf=1; min_samples_split=10; n_estimators=200,1.0,100.0,1.0,100.0
140,PR.QM_Chip3_Chan4,Random Forest,22,Lysozyme_60; MgCl_90; Lysozyme_750; Lysine_690; Lysozyme_720; Caffeine_660; Caffeine_1230; Lysozyme_1080; Caffeine_1140; Lysozyme_1170; LL37_540; CaCl_60; Lysozyme_1020; BSA_1290; Caffeine_990; Lysozyme_240; LL37_300; Lysozyme_960; CaCl_540; MgCl_300; Lysozyme_1110; Lysozyme_660,class_weight=balanced; max_depth=None; max_features=sqrt; min_samples_leaf=4; min_samples_split=10; n_estimators=800,1.0,100.0,1.0,100.0
141,PR.QM_Chip4_Chan1,Random Forest,30,Lysozyme_60; Lysine_690; Lysozyme_720; MgCl_90; Caffeine_660; Lysozyme_750; Caffeine_1140; Lysozyme_1170; Caffeine_1230; CaCl_60; Lysozyme_240; Lysozyme_1080; BSA_1290; Lysozyme_1020; Caffeine_990; LL37_540; Caffeine_1200; MgCl_300; Lysozyme_960; MgCl_420; Lysine_1350; BSA_930; CaCl_540; Caffeine_1320; Lysozyme_660; LL37_300; Pep28_360; Lysozyme_1110; Lysozyme_930; LL37_1350,class_weight=balanced; max_depth=20; max_features=log2; min_samples_leaf=4; min_samples_split=2; n_estimators=800,1.0,100.0,1.0,100.0
142,PR.QM_Chip4_Chan2,Random Forest,20,Lysozyme_60; Lysine_690; Lysozyme_750; Lysozyme_720; MgCl_90; Caffeine_660; Lysozyme_1170; Caffeine_1230; Lysozyme_240; BSA_1290; Caffeine_990; Caffeine_1140; Lysozyme_1020; CaCl_60; Lysozyme_1080; LL37_540; MgCl_420; CaCl_540; Lysozyme_960; Caffeine_1200,class_weight=None; max_depth=None; max_features=sqrt; min_samples_leaf=1; min_samples_split=10; n_estimators=200,1.0,100.0,1.0,100.0
143,PR.QM_Chip4_Chan3,Random Forest,54,Lysozyme_60; Lysine_690; Lysozyme_750; MgCl_90; Lysozyme_720; Caffeine_660; Lysozyme_1170; Caffeine_1230; BSA_1290; Caffeine_1140; CaCl_60; Caffeine_990; Lysozyme_1020; Lysozyme_1080; LL37_540; Lysozyme_240; Lysozyme_960; MgCl_420; Pep28_360; Caffeine_1200; MgCl_300; Lysozyme_1110; LL37_300; Caffeine_1320; BSA_90; BSA_930; CaCl_540; BSA_210; Lysine_1350; CaCl_210; Lysozyme_660; Lysozyme_930; MgCl_270; Lysine_1080; BSA_300; CaCl_780; CaCl_30; Lysozyme_480; MgCl_390; Lysine_210; Caffeine_30; Caffeine_690; LL37_1350; LL37_180; CaCl_990; BSA_240; Lysozyme_1320; MgCl_120; CaCl_570; Lysozyme_600; Lysozyme_30; BSA_1140; Caffeine_1020; CaCl_90,class_weight=balanced; max_depth=20; max_features=log2; min_samples_leaf=1; min_samples_split=10; n_estimators=400,1.0,100.0,1.0,100.0
144,PR.QM_Chip4_Chan4,Random Forest,25,Lysozyme_60; Lysine_690; Lysozyme_750; MgCl_90; Lysozyme_720; Caffeine_660; CaCl_60; BSA_1290; Lysozyme_1020; Caffeine_990; Caffeine_1230; Lysozyme_1080; Lysozyme_1170; Caffeine_1140; LL37_540; Lysozyme_960; Lysozyme_240; Caffeine_1200; MgCl_420; CaCl_540; Lysozyme_1110; Caffeine_1320; Lysozyme_660; BSA_930; Pep28_360,class_weight=balanced; max_depth=None; max_features=sqrt; min_samples_leaf=2; min_samples_split=10; n_estimators=800,0.8333333333333334,83.33333333333334,0.4545454545454545,45.454545454545446
1,PE.QH_Chip1_Chan1,SVM,78,Lysozyme_60; Lysozyme_750; Caffeine_660; LL37_1020; Pep28_360; CaCl_990; Lysozyme_1170; Caffeine_1020; MgCl_270; LL37_390; LL37_1350; Lysozyme_30; Lysozyme_960; Caffeine_690; Lysozyme_90; BSA_210; BSA_90; CaCl_30; BSA_930; LL37_750; Caffeine_1230; Caffeine_990; Lysine_690; MgCl_660; Lysozyme_690; Lysine_240; Lysozyme_1260; LL37_540; Lysozyme_720; Lysozyme_1200; MgCl_870; CaCl_540; Caffeine_570; CaCl_150; Lysozyme_120; LL37_300; Pep28_570; MgCl_1140; LL37_990; CaCl_270; CaCl_1110; Lysozyme_1290; CaCl_90; Lysozyme_1020; MgCl_450; MgCl_420; Caffeine_1080; Pep28_150; LL37_1260; Pep28_180; CaCl_1350; Lysozyme_240; Pep28_30; Pep28_1080; CaCl_900; MgCl_480; LL37_1110; LL37_180; Caffeine_1200; CaCl_780; Caffeine_90; LL37_480; Lysine_390; Pep28_720; MgCl_1110; BSA_240; BSA_600; LL37_420; Pep28_690; LL37_1050; LL37_1140; Lysine_1290; BSA_690; BSA_1290; MgCl_180; CaCl_1140; Lysine_750; Caffeine_630,C=1; class_weight=None; gamma=0.01; kernel=rbf,1.0,100.0,1.0,100.0
2,PE.QH_Chip1_Chan2,SVM,82,Lysozyme_60; Lysozyme_750; Caffeine_660; LL37_1020; Pep28_360; CaCl_990; Caffeine_1020; Lysozyme_1170; MgCl_270; LL37_390; LL37_1350; Lysozyme_30; BSA_210; Caffeine_690; BSA_930; Lysozyme_90; Lysozyme_960; BSA_90; CaCl_30; Caffeine_1230; Caffeine_990; Lysine_690; MgCl_660; Lysozyme_690; Lysozyme_720; LL37_750; Lysozyme_1200; Lysozyme_1260; MgCl_870; LL37_300; Lysine_240; Caffeine_570; CaCl_150; LL37_540; CaCl_780; MgCl_420; Lysozyme_120; Pep28_570; CaCl_540; LL37_990; CaCl_1110; Lysozyme_1020; Lysozyme_1290; MgCl_1140; MgCl_450; CaCl_270; LL37_480; CaCl_900; CaCl_90; Pep28_1080; Pep28_150; Caffeine_1080; Pep28_180; Lysozyme_240; CaCl_1350; Caffeine_1200; Pep28_30; LL37_1260; Caffeine_90; MgCl_480; Lysine_390; LL37_180; LL37_1050; MgCl_180; Pep28_720; BSA_240; Caffeine_630; BSA_690; MgCl_1110; BSA_1290; LL37_1140; LL37_1110; Pep28_690; BSA_600; Lysozyme_270; Caffeine_360; MgCl_1170; CaCl_1140; Lysozyme_810; LL37_420; Lysine_750; Lysine_1290,C=1; class_weight=balanced; gamma=0.01; kernel=rbf,0.9444444444444444,94.44444444444444,0.4857142857142857,48.57142857142857
3,PE.QH_Chip1_Chan3,SVM,77,Lysozyme_60; Lysozyme_750; Caffeine_660; Pep28_360; LL37_1020; CaCl_990; Lysozyme_1170; Caffeine_1020; MgCl_270; LL37_390; Lysozyme_30; LL37_1350; Caffeine_690; Lysozyme_960; BSA_210; Lysozyme_90; CaCl_30; BSA_90; BSA_930; LL37_750; Caffeine_990; Caffeine_1230; Lysine_690; Lysine_240; Lysozyme_690; MgCl_660; Lysozyme_1260; Lysozyme_720; LL37_540; Lysozyme_1200; MgCl_870; CaCl_540; Lysozyme_120; Caffeine_570; CaCl_150; MgCl_1140; Pep28_570; LL37_990; MgCl_420; LL37_300; MgCl_450; CaCl_270; Caffeine_1080; Pep28_180; CaCl_1350; CaCl_90; Lysozyme_1290; Lysozyme_1020; LL37_1260; CaCl_1110; Pep28_150; Pep28_1080; Pep28_30; Lysozyme_240; MgCl_480; LL37_1110; CaCl_900; Pep28_720; MgCl_180; LL37_180; Caffeine_90; LL37_480; MgCl_1110; BSA_240; CaCl_780; LL37_1140; Lysine_390; Caffeine_1200; BSA_600; BSA_1290; LL37_1050; BSA_690; Pep28_690; Lysine_1290; CaCl_1140; Caffeine_630; LL37_420,C=1; class_weight=None; gamma=0.01; kernel=rbf,1.0,100.0,1.0,100.0
4,PE.QH_Chip1_Chan4,SVM,86,Lysozyme_60; Lysozyme_750; Caffeine_660; LL37_1020; Pep28_360; CaCl_990; Caffeine_1020; Lysozyme_1170; MgCl_270; LL37_390; Lysozyme_30; Lysozyme_960; LL37_1350; Caffeine_690; BSA_210; Lysozyme_90; BSA_90; CaCl_30; BSA_930; Caffeine_990; Lysine_690; LL37_750; Caffeine_1230; MgCl_660; LL37_540; Lysozyme_690; Lysozyme_1260; Lysine_240; LL37_300; Lysozyme_720; MgCl_870; Lysozyme_1200; Lysozyme_120; Caffeine_570; MgCl_1140; CaCl_90; LL37_1260; CaCl_1110; Pep28_570; CaCl_540; Lysozyme_1290; LL37_990; Pep28_150; Pep28_180; MgCl_450; Caffeine_1080; CaCl_150; Lysozyme_1020; MgCl_420; Lysozyme_240; MgCl_480; Pep28_30; CaCl_270; Caffeine_1200; Pep28_1080; Pep28_720; CaCl_1350; LL37_180; LL37_480; CaCl_900; Caffeine_90; Lysine_390; MgCl_180; LL37_420; CaCl_780; BSA_600; Caffeine_630; CaCl_1140; Lysine_600; BSA_1290; Caffeine_360; MgCl_1110; Lysine_750; Lysozyme_630; LL37_1050; Pep28_690; BSA_690; BSA_240; Lysine_1290; Lysozyme_270; LL37_1140; LL37_1110; MgCl_240; MgCl_1170; LL37_330; Lysozyme_810,C=1; class_weight=None; gamma=0.01; kernel=rbf,1.0,100.0,1.0,100.0
5,PE.QH_Chip3_Chan1,SVM,69,Lysozyme_60; Lysozyme_750; Caffeine_660; LL37_1020; Pep28_360; Lysozyme_1170; MgCl_270; CaCl_990; BSA_210; Lysozyme_30; LL37_390; Lysozyme_960; LL37_1350; Caffeine_690; Caffeine_1020; CaCl_30; BSA_90; Lysozyme_90; Caffeine_990; Lysine_690; BSA_930; LL37_750; Lysozyme_720; Caffeine_1230; Lysozyme_690; Lysozyme_1200; Lysozyme_1260; MgCl_660; Lysine_240; MgCl_870; LL37_540; Caffeine_570; CaCl_540; LL37_1260; MgCl_420; LL37_300; CaCl_90; Lysozyme_1290; Lysozyme_1020; Lysozyme_240; MgCl_1140; Pep28_180; Lysozyme_120; Pep28_570; CaCl_1110; Caffeine_1080; LL37_990; MgCl_450; LL37_1110; CaCl_270; Pep28_720; BSA_1290; CaCl_150; LL37_480; CaCl_1350; LL37_1140; Pep28_150; CaCl_900; Pep28_1080; LL37_180; Caffeine_1200; BSA_690; Pep28_30; LL37_420; Lysine_390; Caffeine_630; MgCl_480; CaCl_1140; Lysozyme_630,C=1; class_weight=None; gamma=0.01; kernel=rbf,0.9444444444444444,94.44444444444444,0.4857142857142857,48.57142857142857
6,PE.QH_Chip3_Chan2,SVM,78,Lysozyme_60; Lysozyme_750; Caffeine_660; LL37_1020; Pep28_360; CaCl_990; Lysozyme_1170; MgCl_270; Caffeine_1020; LL37_390; LL37_1350; Lysozyme_30; Caffeine_690; BSA_210; Lysozyme_960; CaCl_30; Lysozyme_90; BSA_930; BSA_90; Caffeine_990; LL37_750; Caffeine_1230; Lysine_690; MgCl_660; Lysozyme_690; Lysine_240; Lysozyme_1200; Lysozyme_1260; Lysozyme_720; MgCl_870; LL37_540; Caffeine_570; Lysozyme_120; CaCl_540; LL37_300; CaCl_150; Pep28_570; MgCl_1140; MgCl_420; Lysozyme_1290; Lysozyme_1020; CaCl_270; CaCl_1110; LL37_1260; MgCl_450; LL37_990; CaCl_90; Pep28_180; Pep28_150; CaCl_1350; Caffeine_1080; Lysozyme_240; Pep28_1080; CaCl_900; Pep28_30; CaCl_780; LL37_1110; Pep28_720; Caffeine_1200; Lysine_390; MgCl_480; LL37_480; Caffeine_90; LL37_180; LL37_420; MgCl_180; MgCl_1110; BSA_240; LL37_1140; BSA_600; LL37_1050; BSA_690; CaCl_1140; BSA_1290; Lysine_1290; Caffeine_630; Lysine_750; Pep28_690,C=1; class_weight=balanced; gamma=0.01; kernel=rbf,1.0,100.0,1.0,100.0
7,PE.QH_Chip3_Chan3,SVM,129,Lysozyme_60; Lysozyme_750; Caffeine_660; LL37_1020; Pep28_360; Lysozyme_1170; Caffeine_1020; CaCl_990; LL37_390; MgCl_270; LL37_1350; BSA_210; Caffeine_690; Lysozyme_960; Lysozyme_30; Lysozyme_90; CaCl_30; BSA_90; BSA_930; Caffeine_990; Caffeine_1230; LL37_750; MgCl_660; Lysine_690; Lysozyme_690; Lysine_240; Lysozyme_1260; Lysozyme_1200; Lysozyme_720; MgCl_870; LL37_540; MgCl_1140; Lysozyme_1290; CaCl_540; Pep28_570; CaCl_150; LL37_300; MgCl_420; CaCl_1110; CaCl_270; Lysozyme_120; Caffeine_570; LL37_990; CaCl_90; Lysozyme_1020; LL37_1260; Pep28_180; MgCl_450; Pep28_150; CaCl_1350; Caffeine_1080; MgCl_180; Pep28_30; Pep28_1080; CaCl_900; Lysozyme_240; LL37_480; LL37_1110; CaCl_780; Lysine_390; LL37_180; Pep28_720; LL37_1140; Caffeine_1200; MgCl_480; LL37_1050; BSA_240; MgCl_1110; Caffeine_630; CaCl_1140; BSA_690; Lysine_1290; Caffeine_90; Lysine_750; Pep28_690; Lysozyme_630; LL37_420; MgCl_1170; Pep28_480; MgCl_240; Lysozyme_270; BSA_1290; Lysozyme_810; Caffeine_360; MgCl_120; Lysozyme_510; Lysine_1170; MgCl_30; Lysine_600; CaCl_1020; Caffeine_1110; LL37_330; Pep28_90; BSA_1260; BSA_600; Lysine_930; LL37_1170; Lysozyme_480; BSA_1140; BSA_390; Lysine_540; Lysine_1050; MgCl_1020; Lysine_210; Caffeine_1140; Lysine_840; MgCl_1350; Caffeine_1050; Lysine_30; CaCl_390; LL37_30; Caffeine_120; CaCl_300; Lysine_420; BSA_1200; Caffeine_150; Lysine_660; Caffeine_30; Caffeine_870; LL37_840; Caffeine_390; Caffeine_510; BSA_30; Lysozyme_840; Pep28_810; Caffeine_930; CaCl_1170; BSA_300; Pep28_870,C=0.1; class_weight=balanced; gamma=0.01; kernel=rbf,1.0,100.0,1.0,100.0
8,PE.QH_Chip3_Chan4,SVM,80,Lysozyme_60; Lysozyme_750; Caffeine_660; Pep28_360; LL37_1020; Caffeine_1020; CaCl_990; Lysozyme_1170; MgCl_270; BSA_210; Caffeine_690; LL37_1350; Lysozyme_960; BSA_930; LL37_390; CaCl_30; Lysozyme_30; BSA_90; Lysozyme_90; LL37_750; Caffeine_990; MgCl_660; Lysine_690; Caffeine_1230; Lysozyme_1260; Lysine_240; LL37_540; Lysozyme_120; Lysozyme_720; Lysozyme_690; MgCl_870; Lysozyme_1200; CaCl_150; CaCl_540; Caffeine_570; Lysozyme_1290; MgCl_420; MgCl_1140; LL37_300; Pep28_570; Lysozyme_1020; LL37_990; CaCl_90; CaCl_1350; LL37_1260; Pep28_150; CaCl_1110; MgCl_450; Caffeine_1080; CaCl_270; Lysozyme_240; Caffeine_90; Pep28_720; BSA_600; Pep28_180; CaCl_780; Pep28_1080; Pep28_30; LL37_1110; LL37_420; MgCl_480; Caffeine_1200; Lysine_390; CaCl_900; LL37_1140; LL37_1050; Lysine_1290; Lysine_750; BSA_690; BSA_240; MgCl_1110; LL37_180; MgCl_180; LL37_480; BSA_1290; Caffeine_360; Pep28_690; Caffeine_630; CaCl_1140; Lysozyme_630,C=0.1; class_weight=balanced; gamma=scale; kernel=rbf,1.0,100.0,1.0,100.0
9,PE.QH_Chip4_Chan1,SVM,77,Lysozyme_60; Lysozyme_750; Caffeine_660; LL37_1020; Pep28_360; CaCl_990; Lysozyme_1170; Caffeine_1020; MgCl_270; LL37_390; LL37_1350; Lysozyme_30; Lysozyme_960; Caffeine_690; BSA_210; CaCl_30; BSA_930; BSA_90; Caffeine_990; Lysozyme_90; LL37_750; Caffeine_1230; Lysine_690; MgCl_660; Lysozyme_690; Lysozyme_1260; Lysine_240; Lysozyme_1200; Lysozyme_720; MgCl_870; LL37_540; Caffeine_570; Lysozyme_120; CaCl_540; Pep28_570; CaCl_150; LL37_300; MgCl_420; MgCl_1140; Lysozyme_1290; LL37_1260; CaCl_1110; Lysozyme_1020; MgCl_450; CaCl_270; LL37_990; CaCl_90; CaCl_1350; Pep28_150; Pep28_180; Pep28_1080; Caffeine_1080; CaCl_900; Lysozyme_240; Pep28_30; Pep28_720; CaCl_780; LL37_1110; Lysine_390; MgCl_480; LL37_480; Caffeine_1200; LL37_180; Caffeine_90; MgCl_1110; BSA_600; BSA_240; LL37_420; LL37_1140; MgCl_180; LL37_1050; BSA_1290; CaCl_1140; Caffeine_630; BSA_690; Lysine_1290; Pep28_690,C=1; class_weight=None; gamma=0.01; kernel=rbf,1.0,100.0,1.0,100.0
10,PE.QH_Chip4_Chan2,SVM,77,Lysozyme_60; Lysozyme_750; Caffeine_660; LL37_1020; Pep28_360; CaCl_990; Lysozyme_1170; Caffeine_1020; MgCl_270; LL37_390; Lysozyme_30; LL37_1350; Lysozyme_960; Caffeine_690; BSA_210; Lysozyme_90; BSA_90; BSA_930; CaCl_30; LL37_750; Caffeine_990; Caffeine_1230; Lysine_690; MgCl_660; Lysozyme_1260; Lysozyme_690; Lysine_240; Lysozyme_720; LL37_540; Lysozyme_1200; MgCl_870; CaCl_540; Lysozyme_120; Caffeine_570; CaCl_150; LL37_300; MgCl_1140; Pep28_570; CaCl_1110; LL37_990; CaCl_270; CaCl_90; MgCl_450; Lysozyme_1290; Lysozyme_1020; MgCl_420; Pep28_180; LL37_1260; CaCl_1350; Caffeine_1080; Pep28_150; CaCl_900; Pep28_30; Pep28_1080; Lysozyme_240; LL37_1110; LL37_180; MgCl_480; Caffeine_1200; CaCl_780; Pep28_720; LL37_480; Caffeine_90; Lysine_390; BSA_600; BSA_240; MgCl_1110; MgCl_180; LL37_420; LL37_1140; BSA_1290; LL37_1050; Pep28_690; Lysine_1290; Caffeine_630; CaCl_1140; BSA_690,C=1; class_weight=None; gamma=0.01; kernel=rbf,1.0,100.0,1.0,100.0
11,PE.QH_Chip4_Chan3,SVM,75,Lysozyme_60; Caffeine_660; Lysozyme_750; LL37_1020; Pep28_360; CaCl_990; Lysozyme_1170; Caffeine_1020; MgCl_270; Lysozyme_30; LL37_390; LL37_1350; Caffeine_690; BSA_210; Lysozyme_90; Lysozyme_960; CaCl_30; BSA_930; Caffeine_1230; BSA_90; Caffeine_990; MgCl_660; Lysozyme_1260; LL37_750; Lysozyme_1200; Lysozyme_690; Lysozyme_720; LL37_540; Lysine_690; LL37_300; Lysine_240; MgCl_1140; CaCl_540; CaCl_150; CaCl_90; Caffeine_570; Lysozyme_120; MgCl_420; CaCl_1110; Pep28_570; Lysozyme_1020; CaCl_270; Pep28_180; MgCl_870; MgCl_450; Lysozyme_1290; Pep28_150; LL37_990; CaCl_900; Lysozyme_240; CaCl_1350; Pep28_1080; Caffeine_1080; Pep28_720; LL37_1110; CaCl_780; Caffeine_90; LL37_1260; LL37_480; Pep28_30; LL37_180; BSA_1290; MgCl_480; MgCl_180; LL37_1140; BSA_600; BSA_240; Lysine_390; LL37_1050; Pep28_690; MgCl_1110; Caffeine_630; Caffeine_1200; LL37_420; CaCl_1140,C=1; class_weight=balanced; gamma=0.01; kernel=rbf,1.0,100.0,1.0,100.0
12,PE.QH_Chip4_Chan4,SVM,78,Lysozyme_60; Lysozyme_750; Caffeine_660; LL37_1020; Pep28_360; CaCl_990; Lysozyme_1170; Caffeine_1020; MgCl_270; LL37_390; LL37_1350; Lysozyme_30; Lysozyme_960; Caffeine_690; BSA_210; Lysozyme_90; BSA_90; BSA_930; CaCl_30; LL37_750; Caffeine_990; Caffeine_1230; Lysine_690; MgCl_660; Lysozyme_1260; Lysozyme_690; Lysine_240; LL37_540; Lysozyme_720; Lysozyme_1200; Lysozyme_120; CaCl_540; Caffeine_570; LL37_300; CaCl_150; MgCl_1140; MgCl_870; Pep28_570; CaCl_1110; CaCl_270; CaCl_90; MgCl_420; LL37_990; MgCl_450; Lysozyme_1290; Lysozyme_1020; Pep28_180; LL37_1260; CaCl_1350; Pep28_150; Caffeine_1080; CaCl_900; Pep28_1080; Lysozyme_240; Pep28_30; MgCl_480; LL37_1110; LL37_180; Pep28_720; CaCl_780; Caffeine_1200; LL37_480; Caffeine_90; Lysine_390; MgCl_1110; BSA_600; BSA_240; MgCl_180; LL37_420; BSA_1290; LL37_1140; Pep28_690; LL37_1050; Caffeine_630; BSA_690; Lysine_750; CaCl_1140; Lysine_1290,C=1; class_weight=balanced; gamma=0.01; kernel=rbf,1.0,100.0,1.0,100.0
13,PE.QL_Chip1_Chan1,SVM,77,Lysozyme_60; Lysozyme_750; Caffeine_660; LL37_1020; Pep28_360; CaCl_990; Lysozyme_1170; MgCl_270; Caffeine_1020; LL37_390; LL37_1350; Lysozyme_30; Caffeine_690; BSA_210; Lysozyme_960; Lysozyme_90; CaCl_30; BSA_90; BSA_930; Caffeine_990; LL37_750; Caffeine_1230; Lysine_690; MgCl_660; Lysozyme_1260; Lysine_240; Lysozyme_690; Lysozyme_1200; LL37_540; MgCl_870; Lysozyme_720; CaCl_540; Caffeine_570; Lysozyme_120; LL37_300; CaCl_150; MgCl_420; MgCl_1140; Pep28_570; LL37_990; CaCl_90; CaCl_1110; Lysozyme_1020; MgCl_450; LL37_1260; Lysozyme_1290; CaCl_270; Pep28_180; Pep28_150; CaCl_1350; CaCl_900; Lysozyme_240; LL37_1110; Caffeine_1200; Caffeine_1080; CaCl_780; MgCl_480; Pep28_1080; Pep28_30; LL37_480; LL37_180; Caffeine_90; BSA_240; Pep28_720; MgCl_1110; Lysine_390; BSA_600; LL37_420; MgCl_180; CaCl_1140; LL37_1050; LL37_1140; BSA_690; Caffeine_630; Lysine_1290; Pep28_690; BSA_1290,C=1; class_weight=None; gamma=0.01; kernel=rbf,1.0,100.0,1.0,100.0
14,PE.QL_Chip1_Chan2,SVM,78,Lysozyme_60; Lysozyme_750; Caffeine_660; LL37_1020; Pep28_360; CaCl_990; Lysozyme_1170; Caffeine_1020; LL37_390; MgCl_270; LL37_1350; Caffeine_690; Lysozyme_30; Lysozyme_960; BSA_90; BSA_210; CaCl_30; Lysozyme_90; BSA_930; Caffeine_990; LL37_750; Lysozyme_690; Caffeine_1230; Lysine_690; Lysozyme_1260; Lysozyme_1200; Lysozyme_720; Lysine_240; MgCl_660; LL37_300; LL37_540; MgCl_870; Caffeine_570; CaCl_540; Pep28_570; CaCl_150; Lysozyme_120; Lysozyme_1290; MgCl_1140; LL37_990; CaCl_270; CaCl_1110; Lysozyme_1020; MgCl_420; MgCl_450; LL37_1260; Pep28_180; Lysozyme_240; Pep28_150; LL37_1110; CaCl_900; Pep28_1080; CaCl_90; MgCl_480; Lysine_390; CaCl_1350; Caffeine_90; LL37_180; Pep28_30; Caffeine_1080; LL37_420; CaCl_780; LL37_480; Pep28_690; MgCl_1110; Pep28_720; Caffeine_1200; LL37_1140; Lysine_750; BSA_600; BSA_240; BSA_690; LL37_1050; BSA_1290; Caffeine_360; CaCl_1140; Caffeine_630; Lysine_1290,C=1; class_weight=balanced; gamma=scale; kernel=rbf,1.0,100.0,1.0,100.0
15,PE.QL_Chip1_Chan3,SVM,77,Lysozyme_60; Lysozyme_750; Caffeine_660; LL37_1020; Pep28_360; CaCl_990; Lysozyme_1170; MgCl_270; Caffeine_1020; LL37_390; LL37_1350; Lysozyme_30; Caffeine_690; Lysozyme_960; BSA_210; Lysozyme_90; BSA_90; CaCl_30; BSA_930; LL37_750; Caffeine_990; Caffeine_1230; Lysine_690; MgCl_660; Lysozyme_1260; Lysozyme_690; Lysine_240; LL37_540; Lysozyme_720; Lysozyme_1200; MgCl_870; CaCl_540; Caffeine_570; Lysozyme_120; LL37_300; CaCl_150; MgCl_1140; Pep28_570; CaCl_1110; LL37_990; CaCl_270; MgCl_450; Lysozyme_1290; Lysozyme_1020; CaCl_90; LL37_1260; Pep28_180; MgCl_420; Caffeine_1080; CaCl_1350; Lysozyme_240; Pep28_150; CaCl_900; Pep28_1080; CaCl_780; Pep28_30; Caffeine_1200; LL37_1110; MgCl_480; LL37_180; LL37_480; Lysine_390; Caffeine_90; Pep28_720; BSA_240; MgCl_1110; BSA_600; LL37_420; Pep28_690; MgCl_180; LL37_1050; BSA_1290; LL37_1140; CaCl_1140; Lysine_750; Lysine_1290; Caffeine_630,C=1; class_weight=None; gamma=0.01; kernel=rbf,1.0,100.0,1.0,100.0
16,PE.QL_Chip1_Chan4,SVM,77,Lysozyme_60; Lysozyme_750; Caffeine_660; LL37_1020; Pep28_360; CaCl_990; Lysozyme_1170; Caffeine_1020; MgCl_270; LL37_390; LL37_1350; Lysozyme_30; Caffeine_690; Lysozyme_960; Lysozyme_90; BSA_210; BSA_90; CaCl_30; BSA_930; LL37_750; Caffeine_990; Caffeine_1230; Lysine_690; MgCl_660; Lysozyme_1260; Lysozyme_690; Lysine_240; Lysozyme_1200; LL37_540; Lysozyme_720; MgCl_870; Lysozyme_120; CaCl_540; Caffeine_570; CaCl_150; LL37_300; MgCl_1140; Pep28_570; CaCl_1110; LL37_990; MgCl_450; CaCl_270; Lysozyme_1290; MgCl_420; CaCl_90; Lysozyme_1020; LL37_1260; Pep28_180; Caffeine_1080; CaCl_1350; Pep28_150; CaCl_900; Lysozyme_240; Pep28_1080; Pep28_30; LL37_1110; LL37_180; MgCl_480; Caffeine_1200; CaCl_780; LL37_480; Caffeine_90; Lysine_390; Pep28_720; MgCl_1110; BSA_240; MgCl_180; BSA_600; LL37_420; Pep28_690; LL37_1050; LL37_1140; BSA_1290; CaCl_1140; Lysine_1290; Caffeine_630; BSA_690,C=1; class_weight=None; gamma=0.01; kernel=rbf,1.0,100.0,1.0,100.0
17,PE.QL_Chip3_Chan1,SVM,80,Lysozyme_60; Caffeine_660; Lysozyme_750; LL37_1020; Pep28_360; CaCl_990; Lysozyme_1170; MgCl_270; Caffeine_1020; LL37_390; LL37_1350; BSA_210; Lysozyme_30; Caffeine_690; Lysozyme_960; CaCl_30; Lysozyme_90; BSA_930; BSA_90; Caffeine_990; LL37_750; Caffeine_1230; Lysine_690; MgCl_660; Lysozyme_690; Lysozyme_1200; Lysine_240; Lysozyme_1260; MgCl_870; Lysozyme_720; LL37_540; Caffeine_570; Lysozyme_120; LL37_300; CaCl_150; CaCl_540; Pep28_570; MgCl_420; MgCl_1140; Lysozyme_1290; Lysozyme_1020; CaCl_270; LL37_1260; CaCl_1110; MgCl_450; LL37_990; CaCl_90; Pep28_180; Pep28_150; Lysozyme_240; Caffeine_1080; CaCl_1350; Pep28_1080; CaCl_780; CaCl_900; Pep28_30; LL37_1110; Pep28_720; Caffeine_1200; Lysine_390; MgCl_480; LL37_480; Caffeine_90; LL37_420; LL37_180; MgCl_180; LL37_1140; MgCl_1110; BSA_240; BSA_600; LL37_1050; BSA_690; Caffeine_630; CaCl_1140; Lysozyme_630; BSA_1290; Lysine_750; Lysine_1290; Pep28_690; Caffeine_360,C=1; class_weight=balanced; gamma=0.01; kernel=rbf,1.0,100.0,1.0,100.0
18,PE.QL_Chip3_Chan2,SVM,77,Lysozyme_60; Lysozyme_750; Caffeine_660; LL37_1020; Pep28_360; CaCl_990; Lysozyme_1170; MgCl_270; Caffeine_1020; LL37_390; LL37_1350; Lysozyme_30; Caffeine_690; Lysozyme_960; BSA_210; CaCl_30; Lysozyme_90; BSA_90; BSA_930; Caffeine_990; LL37_750; Caffeine_1230; Lysine_690; MgCl_660; Lysozyme_690; Lysozyme_1260; Lysine_240; Lysozyme_720; Lysozyme_1200; LL37_540; MgCl_870; Lysozyme_120; Caffeine_570; CaCl_150; CaCl_540; LL37_300; MgCl_1140; Pep28_570; CaCl_1110; MgCl_420; LL37_990; Lysozyme_1290; CaCl_270; Lysozyme_1020; CaCl_90; MgCl_450; Pep28_180; LL37_1260; Pep28_150; CaCl_1350; Caffeine_1080; Lysozyme_240; Pep28_1080; CaCl_900; Pep28_30; LL37_1110; CaCl_780; Caffeine_1200; MgCl_480; Pep28_720; LL37_480; LL37_180; Caffeine_90; Lysine_390; MgCl_180; BSA_240; MgCl_1110; LL37_420; LL37_1140; BSA_600; Caffeine_630; LL37_1050; BSA_1290; Lysine_1290; BSA_690; Pep28_690; CaCl_1140,C=1; class_weight=None; gamma=0.01; kernel=rbf,1.0,100.0,1.0,100.0
19,PE.QL_Chip3_Chan3,SVM,86,Lysozyme_60; Lysozyme_750; Caffeine_660; LL37_1020; Pep28_360; CaCl_990; Lysozyme_1170; Caffeine_1020; MgCl_270; LL37_390; LL37_1350; Lysozyme_30; Caffeine_690; Lysozyme_960; Lysozyme_90; BSA_210; BSA_90; BSA_930; CaCl_30; LL37_750; Caffeine_990; Caffeine_1230; Lysine_690; Lysozyme_1260; MgCl_660; Lysozyme_690; Lysine_240; LL37_540; Lysozyme_1200; Lysozyme_720; MgCl_870; CaCl_540; Lysozyme_120; CaCl_150; Caffeine_570; LL37_300; Pep28_570; MgCl_1140; LL37_990; CaCl_1110; Lysozyme_1290; CaCl_90; MgCl_450; CaCl_270; MgCl_420; Pep28_180; Caffeine_1080; Lysozyme_1020; Pep28_150; LL37_1260; CaCl_1350; CaCl_900; Pep28_30; Pep28_1080; Lysozyme_240; LL37_180; LL37_1110; Caffeine_1200; CaCl_780; MgCl_480; LL37_480; Caffeine_90; Pep28_720; Lysine_390; BSA_240; BSA_600; MgCl_1110; MgCl_180; LL37_420; Lysine_1290; Pep28_690; LL37_1140; BSA_1290; LL37_1050; Lysine_750; BSA_690; Caffeine_630; CaCl_1140; MgCl_240; Pep28_480; Lysozyme_630; Caffeine_360; MgCl_1170; Lysozyme_270; LL37_330; Caffeine_1110,C=1; class_weight=balanced; gamma=0.01; kernel=rbf,1.0,100.0,1.0,100.0
20,PE.QL_Chip3_Chan4,SVM,80,Lysozyme_60; Lysozyme_750; Caffeine_660; LL37_1020; Pep28_360; Lysozyme_1170; CaCl_990; BSA_210; MgCl_270; Lysozyme_960; LL37_1350; Caffeine_1020; LL37_390; CaCl_30; Caffeine_690; BSA_90; LL37_750; BSA_930; Lysozyme_90; Lysine_690; Lysozyme_1260; Lysozyme_690; CaCl_1110; Caffeine_570; Caffeine_1230; Lysozyme_720; Lysine_240; Lysozyme_1200; Caffeine_990; Lysozyme_120; MgCl_660; LL37_300; CaCl_150; LL37_540; MgCl_870; Lysozyme_1290; MgCl_1140; Pep28_30; LL37_990; CaCl_270; MgCl_420; CaCl_1350; Pep28_570; LL37_180; LL37_1260; Pep28_1080; Lysozyme_1020; Pep28_150; Lysozyme_30; MgCl_450; Pep28_180; BSA_600; CaCl_780; Caffeine_90; Lysine_390; LL37_1110; Caffeine_1080; CaCl_540; LL37_480; Lysine_1290; Caffeine_630; Lysozyme_240; MgCl_480; LL37_1050; MgCl_1110; Pep28_690; CaCl_90; LL37_330; BSA_690; CaCl_900; Lysine_750; CaCl_1140; BSA_1260; BSA_1290; Pep28_720; Caffeine_1200; Caffeine_1110; BSA_240; LL37_420; Caffeine_360,C=1; class_weight=balanced; gamma=scale; kernel=rbf,0.8888888888888888,88.88888888888889,0.4705882352941176,47.05882352941176
21,PE.QL_Chip4_Chan1,SVM,85,Lysozyme_60; Lysozyme_750; Caffeine_660; LL37_1020; Pep28_360; CaCl_990; Lysozyme_1170; Caffeine_1020; LL37_390; MgCl_270; LL37_1350; Lysozyme_960; BSA_210; Lysozyme_30; Caffeine_690; BSA_90; CaCl_30; BSA_930; Caffeine_990; Lysozyme_90; LL37_750; Lysozyme_690; Lysozyme_1200; Lysine_240; Caffeine_1230; Lysine_690; MgCl_660; Lysozyme_720; MgCl_870; Lysozyme_1260; Caffeine_570; CaCl_150; LL37_540; Lysozyme_120; LL37_990; LL37_300; MgCl_1140; CaCl_540; MgCl_420; Lysozyme_1290; Lysozyme_1020; LL37_1260; MgCl_450; Pep28_180; Pep28_570; CaCl_90; Caffeine_1080; CaCl_1350; Pep28_150; LL37_1110; CaCl_270; CaCl_900; Caffeine_1200; Lysozyme_240; Pep28_30; LL37_180; Pep28_1080; Lysine_390; CaCl_780; Caffeine_90; BSA_240; LL37_420; BSA_600; LL37_480; MgCl_480; Pep28_720; LL37_1050; MgCl_1110; CaCl_1140; BSA_1290; Lysozyme_630; MgCl_180; BSA_690; Lysine_750; LL37_1140; Lysine_1290; Pep28_690; LL37_330; MgCl_1170; Pep28_90; Caffeine_630; Caffeine_1110; BSA_1260; Pep28_480; Caffeine_360,C=0.1; class_weight=balanced; gamma=scale; kernel=rbf,0.6111111111111112,61.111111111111114,0.3793103448275862,37.93103448275862
22,PE.QL_Chip4_Chan2,SVM,91,Lysozyme_60; Caffeine_660; Lysozyme_750; LL37_1020; Pep28_360; CaCl_990; LL37_390; Caffeine_1230; Lysozyme_30; Caffeine_690; BSA_210; MgCl_270; LL37_1350; Lysozyme_90; Caffeine_1020; Lysozyme_1170; Caffeine_990; Lysozyme_960; CaCl_30; MgCl_870; Lysine_240; LL37_750; Lysozyme_1260; BSA_930; MgCl_660; Lysine_690; LL37_300; Lysozyme_1200; CaCl_150; LL37_1260; CaCl_1110; LL37_540; BSA_90; Pep28_570; CaCl_540; Lysozyme_720; Lysozyme_690; Lysozyme_1020; Caffeine_570; Lysine_390; LL37_990; BSA_1020; Lysozyme_120; MgCl_1140; Pep28_180; Pep28_1080; MgCl_420; CaCl_270; Pep28_150; MgCl_450; Caffeine_1200; Caffeine_1080; Lysozyme_630; Caffeine_360; Caffeine_630; Lysozyme_1290; CaCl_1350; LL37_1110; BSA_1290; LL37_180; Pep28_720; CaCl_90; Pep28_30; BSA_240; MgCl_1110; Caffeine_90; MgCl_180; MgCl_480; BSA_690; Pep28_90; CaCl_780; Caffeine_1110; Lysozyme_240; LL37_1050; CaCl_900; BSA_990; LL37_420; LL37_1140; Lysine_1290; LL37_480; Lysine_540; BSA_600; CaCl_1140; Caffeine_120; Lysine_750; MgCl_120; Lysine_210; LL37_330; Lysozyme_510; Lysozyme_810; Pep28_690,C=0.1; class_weight=balanced; gamma=scale; kernel=rbf,0.7222222222222222,72.22222222222221,0.4193548387096774,41.93548387096774
23,PE.QL_Chip4_Chan3,SVM,81,Lysozyme_60; Lysozyme_750; Caffeine_660; LL37_1020; Pep28_360; CaCl_990; Caffeine_1020; Lysozyme_30; LL37_390; Lysozyme_90; Lysozyme_1170; MgCl_270; Caffeine_690; CaCl_30; LL37_1350; Lysozyme_960; BSA_210; LL37_750; BSA_90; BSA_930; Lysine_690; Lysozyme_690; Lysozyme_1200; MgCl_870; MgCl_660; Caffeine_990; Lysozyme_1260; Caffeine_1230; LL37_540; Lysine_240; Lysozyme_120; Lysozyme_720; CaCl_540; CaCl_150; CaCl_270; Pep28_570; Caffeine_570; Lysozyme_240; CaCl_1110; LL37_300; CaCl_90; MgCl_1140; Pep28_180; Caffeine_1080; Lysozyme_1290; Lysozyme_1020; Pep28_30; CaCl_900; LL37_180; CaCl_1350; Caffeine_1200; MgCl_450; LL37_1260; MgCl_420; MgCl_480; Pep28_150; MgCl_180; Pep28_1080; LL37_990; Lysine_390; CaCl_780; Caffeine_90; Pep28_720; LL37_1110; Caffeine_630; LL37_480; BSA_600; Pep28_690; Lysine_750; Lysozyme_630; LL37_1140; MgCl_1110; MgCl_240; LL37_420; Lysine_1290; LL37_1050; MgCl_1170; BSA_1290; Pep28_480; Caffeine_360; BSA_240,C=1; class_weight=balanced; gamma=0.01; kernel=rbf,0.7777777777777778,77.77777777777779,0.4375,43.75
24,PE.QL_Chip4_Chan4,SVM,81,Lysozyme_750; Lysozyme_60; Caffeine_660; LL37_1020; Pep28_360; CaCl_990; Lysozyme_1170; Caffeine_1020; MgCl_270; Lysozyme_30; LL37_390; LL37_1350; CaCl_30; Caffeine_690; Lysozyme_960; BSA_90; BSA_210; BSA_930; Lysozyme_90; Caffeine_1230; Caffeine_990; Lysozyme_690; Lysine_690; LL37_750; Lysozyme_720; LL37_540; CaCl_1110; Lysozyme_1200; MgCl_660; Lysine_240; Lysozyme_120; Lysozyme_1260; Lysozyme_1290; MgCl_1140; CaCl_150; Caffeine_570; MgCl_870; LL37_990; CaCl_540; Pep28_150; LL37_300; CaCl_1350; Lysozyme_1020; Pep28_1080; LL37_480; CaCl_270; Caffeine_1080; MgCl_450; Pep28_720; MgCl_420; Pep28_570; CaCl_90; Lysozyme_240; Pep28_180; LL37_1260; LL37_180; CaCl_1140; LL37_1110; BSA_690; Caffeine_90; BSA_240; Caffeine_1200; MgCl_1110; CaCl_900; BSA_600; CaCl_780; Lysine_390; Pep28_30; BSA_1290; MgCl_480; LL37_420; MgCl_180; LL37_1050; Lysine_750; Lysine_1170; Caffeine_360; Lysozyme_630; LL37_1140; MgCl_240; Caffeine_630; Lysine_1290,C=0.1; class_weight=balanced; gamma=scale; kernel=rbf,1.0,100.0,1.0,100.0
25,PE.QM_Chip1_Chan1,SVM,77,Lysozyme_60; Lysozyme_750; Caffeine_660; LL37_1020; Pep28_360; CaCl_990; Lysozyme_1170; Caffeine_1020; MgCl_270; LL37_390; LL37_1350; Lysozyme_30; Caffeine_690; BSA_210; Lysozyme_960; CaCl_30; Lysozyme_90; BSA_930; BSA_90; Caffeine_990; LL37_750; Caffeine_1230; Lysine_690; MgCl_660; Lysozyme_690; Lysine_240; Lysozyme_1260; Lysozyme_1200; MgCl_870; Lysozyme_720; LL37_540; Caffeine_570; Lysozyme_120; CaCl_540; CaCl_150; LL37_300; Pep28_570; MgCl_1140; Lysozyme_1290; Lysozyme_1020; CaCl_1110; MgCl_420; LL37_1260; LL37_990; CaCl_270; MgCl_450; CaCl_90; Pep28_150; CaCl_1350; Pep28_180; Caffeine_1080; Lysozyme_240; CaCl_900; Pep28_1080; LL37_1110; Pep28_720; CaCl_780; Pep28_30; Caffeine_1200; LL37_480; MgCl_480; Caffeine_90; Lysine_390; LL37_180; BSA_240; MgCl_180; MgCl_1110; LL37_420; LL37_1140; BSA_600; LL37_1050; Pep28_690; BSA_1290; BSA_690; Lysine_1290; Caffeine_630; CaCl_1140,C=1; class_weight=balanced; gamma=scale; kernel=rbf,1.0,100.0,1.0,100.0
26,PE.QM_Chip1_Chan2,SVM,88,Lysozyme_60; Lysozyme_750; Caffeine_660; LL37_1020; CaCl_990; Pep28_360; MgCl_270; Lysozyme_1170; Caffeine_1020; BSA_210; LL37_1350; LL37_390; Lysozyme_960; Caffeine_690; CaCl_30; Lysozyme_30; Lysozyme_90; BSA_930; LL37_750; Caffeine_1230; Lysozyme_720; Caffeine_990; BSA_90; Lysine_690; Lysozyme_1200; Lysozyme_120; CaCl_1110; LL37_300; Caffeine_570; MgCl_870; Lysine_240; LL37_540; MgCl_660; CaCl_780; MgCl_1140; CaCl_540; Pep28_570; Lysozyme_1260; Lysozyme_690; MgCl_450; CaCl_90; Pep28_1080; Lysine_1290; LL37_1260; LL37_990; CaCl_150; Lysozyme_1290; Pep28_180; CaCl_270; Lysozyme_240; Pep28_720; MgCl_420; Pep28_150; LL37_1140; LL37_180; LL37_480; Caffeine_1200; CaCl_900; Caffeine_1080; Lysozyme_1020; CaCl_1350; MgCl_480; Caffeine_630; Caffeine_90; MgCl_180; LL37_1110; Pep28_690; BSA_600; BSA_240; Lysine_390; MgCl_1110; BSA_690; BSA_1290; LL37_420; Lysine_600; LL37_1050; LL37_330; Lysine_540; LL37_30; Lysine_660; Caffeine_30; Lysozyme_630; Lysine_750; CaCl_1140; Caffeine_360; MgCl_1020; CaCl_750; MgCl_1350,C=1; class_weight=None; gamma=0.01; kernel=rbf,0.8888888888888888,88.88888888888889,0.4705882352941176,47.05882352941176
27,PE.QM_Chip1_Chan3,SVM,78,Lysozyme_60; Lysozyme_750; Caffeine_660; LL37_1020; Pep28_360; CaCl_990; Lysozyme_1170; Caffeine_1020; MgCl_270; LL37_1350; LL37_390; Lysozyme_30; Lysozyme_960; Caffeine_690; BSA_210; Lysozyme_90; BSA_90; BSA_930; CaCl_30; LL37_750; Caffeine_990; Caffeine_1230; Lysine_690; Lysozyme_690; Lysine_240; MgCl_660; Lysozyme_1260; LL37_540; Lysozyme_1200; MgCl_870; Lysozyme_720; CaCl_540; CaCl_150; Caffeine_570; Lysozyme_120; Pep28_570; LL37_300; MgCl_1140; Lysozyme_1020; CaCl_1110; CaCl_270; LL37_990; LL37_1260; MgCl_450; MgCl_420; CaCl_1350; CaCl_90; Caffeine_1080; Lysozyme_1290; Pep28_150; Pep28_180; Pep28_30; Lysozyme_240; CaCl_900; LL37_1110; CaCl_780; MgCl_480; Lysine_390; Caffeine_90; Pep28_720; Caffeine_1200; LL37_180; LL37_480; Pep28_1080; BSA_240; LL37_420; LL37_1050; MgCl_1110; MgCl_180; Pep28_690; CaCl_1140; BSA_600; Lysine_1290; LL37_1140; BSA_690; BSA_1290; Lysine_750; Caffeine_630,C=0.1; class_weight=balanced; gamma=scale; kernel=rbf,1.0,100.0,1.0,100.0
28,PE.QM_Chip1_Chan4,SVM,85,Lysozyme_60; Lysozyme_750; Caffeine_660; LL37_1020; Pep28_360; CaCl_990; Lysozyme_1170; Caffeine_1020; MgCl_270; LL37_390; LL37_1350; Lysozyme_30; Caffeine_690; BSA_210; Lysozyme_960; CaCl_30; Lysozyme_90; BSA_90; BSA_930; LL37_750; Caffeine_1230; Caffeine_990; Lysine_690; MgCl_660; Lysozyme_1260; Lysozyme_690; Lysine_240; LL37_540; Lysozyme_1200; MgCl_870; Lysozyme_720; CaCl_150; Caffeine_570; CaCl_540; Pep28_570; Lysozyme_120; LL37_300; Pep28_180; MgCl_420; LL37_990; Lysozyme_1020; Lysozyme_1290; Pep28_150; MgCl_1140; MgCl_450; CaCl_90; CaCl_1110; CaCl_270; CaCl_1350; Caffeine_1080; LL37_1260; Lysozyme_240; CaCl_900; Pep28_1080; CaCl_780; LL37_180; Caffeine_1200; LL37_480; Pep28_30; Lysine_390; LL37_1110; Pep28_720; MgCl_480; BSA_600; BSA_240; LL37_1050; Caffeine_90; BSA_690; LL37_1140; MgCl_1110; Pep28_690; MgCl_180; Lysine_750; LL37_420; BSA_1290; CaCl_1140; Pep28_480; Caffeine_630; MgCl_240; Lysozyme_270; Lysozyme_630; Caffeine_360; LL37_330; Caffeine_1110; MgCl_1170,C=0.1; class_weight=balanced; gamma=scale; kernel=rbf,0.8333333333333334,83.33333333333334,0.4545454545454545,45.454545454545446
29,PE.QM_Chip3_Chan1,SVM,80,Lysozyme_60; Caffeine_660; Lysozyme_750; Pep28_360; LL37_1020; CaCl_990; Lysozyme_1170; Caffeine_1020; MgCl_270; LL37_390; LL37_1350; Caffeine_690; BSA_210; Lysozyme_30; Lysozyme_960; BSA_930; Lysozyme_90; CaCl_30; BSA_90; Lysine_690; Caffeine_1230; LL37_750; Caffeine_990; Lysozyme_690; Lysine_240; MgCl_660; Lysozyme_1260; LL37_540; Lysozyme_720; Lysozyme_1200; CaCl_540; MgCl_870; Lysozyme_120; Caffeine_570; CaCl_270; CaCl_150; CaCl_1110; Pep28_570; MgCl_1140; MgCl_450; LL37_300; MgCl_420; CaCl_90; Pep28_180; LL37_990; Lysozyme_1290; Lysozyme_1020; LL37_1260; Pep28_150; CaCl_900; Pep28_1080; CaCl_1350; Caffeine_1080; CaCl_780; Lysozyme_240; Caffeine_1200; Pep28_720; Pep28_30; BSA_240; LL37_1110; MgCl_480; LL37_180; MgCl_180; LL37_480; Caffeine_90; Pep28_690; Lysine_1290; Lysine_390; BSA_600; MgCl_1110; LL37_1050; Caffeine_630; LL37_420; BSA_690; CaCl_1140; Lysine_750; Lysozyme_630; LL37_1140; BSA_1290; MgCl_1170,C=0.1; class_weight=balanced; gamma=scale; kernel=rbf,0.9444444444444444,94.44444444444444,0.4857142857142857,48.57142857142857
30,PE.QM_Chip3_Chan2,SVM,78,Lysozyme_60; Lysozyme_750; Caffeine_660; LL37_1020; Pep28_360; CaCl_990; Lysozyme_1170; LL37_1350; MgCl_270; LL37_390; Lysozyme_30; Lysozyme_90; Caffeine_1020; BSA_210; Lysozyme_960; Caffeine_690; CaCl_30; Caffeine_990; Lysozyme_1200; BSA_930; Caffeine_1230; Lysine_240; LL37_750; BSA_90; MgCl_660; MgCl_870; Lysine_690; Lysozyme_690; Lysozyme_1260; LL37_540; LL37_300; MgCl_1140; CaCl_540; MgCl_420; CaCl_150; Lysozyme_720; Caffeine_570; Lysozyme_120; CaCl_90; Lysozyme_1290; LL37_1260; MgCl_450; CaCl_270; CaCl_1110; Pep28_150; Pep28_180; Pep28_570; Lysozyme_1020; LL37_990; Lysozyme_240; Pep28_1080; LL37_1110; Lysine_390; CaCl_780; BSA_1290; CaCl_1350; LL37_1050; MgCl_480; LL37_180; Pep28_720; Caffeine_1200; BSA_240; Pep28_30; Caffeine_1080; CaCl_900; MgCl_300; CaCl_1140; MgCl_180; LL37_480; LL37_1140; Caffeine_90; BSA_600; LL37_420; BSA_690; Lysozyme_630; Caffeine_630; MgCl_1110; Lysine_1290,C=1; class_weight=balanced; gamma=0.01; kernel=rbf,0.8333333333333334,83.33333333333334,0.4545454545454545,45.454545454545446
31,PE.QM_Chip3_Chan3,SVM,77,Lysozyme_60; Lysozyme_750; Caffeine_660; LL37_1020; Pep28_360; CaCl_990; Lysozyme_1170; MgCl_270; Caffeine_1020; LL37_390; LL37_1350; Lysozyme_30; Caffeine_690; BSA_210; Lysozyme_960; CaCl_30; Lysozyme_90; BSA_930; BSA_90; Caffeine_990; LL37_750; Caffeine_1230; Lysine_690; MgCl_660; Lysozyme_690; Lysine_240; Lysozyme_1260; Lysozyme_1200; Lysozyme_720; MgCl_870; LL37_540; Lysozyme_120; Caffeine_570; LL37_300; CaCl_540; CaCl_150; Pep28_570; MgCl_1140; MgCl_420; Lysozyme_1290; Lysozyme_1020; CaCl_1110; CaCl_270; LL37_1260; MgCl_450; LL37_990; CaCl_90; Pep28_180; Pep28_150; CaCl_1350; Caffeine_1080; Lysozyme_240; Pep28_1080; CaCl_900; Pep28_30; CaCl_780; LL37_1110; Pep28_720; Caffeine_1200; Lysine_390; MgCl_480; LL37_480; Caffeine_90; LL37_180; LL37_420; MgCl_180; BSA_240; MgCl_1110; BSA_600; LL37_1140; Caffeine_630; LL37_1050; BSA_690; CaCl_1140; Lysine_1290; BSA_1290; Pep28_690,C=1; class_weight=balanced; gamma=0.01; kernel=rbf,1.0,100.0,1.0,100.0
32,PE.QM_Chip3_Chan4,SVM,74,Lysozyme_60; Lysozyme_750; Caffeine_660; LL37_1020; Pep28_360; CaCl_990; Lysozyme_1170; MgCl_270; Caffeine_1020; Lysozyme_30; LL37_390; LL37_1350; Lysozyme_960; Caffeine_690; BSA_210; CaCl_30; Lysozyme_90; BSA_90; BSA_930; LL37_750; Caffeine_990; Lysine_690; Caffeine_1230; MgCl_660; Lysozyme_1260; Lysozyme_690; Lysozyme_720; Lysine_240; MgCl_870; Lysozyme_1200; LL37_540; Caffeine_570; CaCl_540; Lysozyme_120; LL37_300; Pep28_570; CaCl_150; Lysozyme_1020; CaCl_270; Lysozyme_1290; MgCl_1140; LL37_990; CaCl_1350; MgCl_450; CaCl_1110; MgCl_420; Caffeine_1080; Pep28_180; Pep28_150; LL37_1260; CaCl_900; Pep28_30; CaCl_90; Pep28_1080; Lysozyme_240; LL37_1110; MgCl_480; Pep28_720; Caffeine_1200; Caffeine_90; LL37_480; Lysine_390; LL37_1140; LL37_180; LL37_420; CaCl_780; LL37_1050; BSA_240; BSA_1290; MgCl_180; MgCl_1110; BSA_600; Lysine_1290; Caffeine_630,C=1; class_weight=None; gamma=0.01; kernel=rbf,1.0,100.0,1.0,100.0
33,PE.QM_Chip4_Chan1,SVM,75,Lysozyme_60; Lysozyme_750; Caffeine_660; LL37_1020; Pep28_360; CaCl_990; Lysozyme_1170; Caffeine_1020; MgCl_270; LL37_390; LL37_1350; Lysozyme_960; Lysozyme_30; Caffeine_690; BSA_210; Lysozyme_90; BSA_930; BSA_90; CaCl_30; Caffeine_990; LL37_750; Caffeine_1230; Lysine_690; MgCl_660; Lysozyme_1260; Lysozyme_690; Lysine_240; LL37_540; Lysozyme_720; Lysozyme_1200; MgCl_870; Lysozyme_120; CaCl_540; Caffeine_570; LL37_300; MgCl_1140; CaCl_1110; Pep28_570; MgCl_420; Lysozyme_1020; Lysozyme_1290; LL37_990; LL37_1260; Pep28_180; MgCl_450; CaCl_150; Caffeine_1080; CaCl_1350; CaCl_270; CaCl_90; Pep28_150; Pep28_30; CaCl_900; Caffeine_1200; Pep28_1080; CaCl_780; LL37_1110; Pep28_720; MgCl_480; Lysozyme_240; LL37_180; Caffeine_90; LL37_480; BSA_600; Lysine_390; MgCl_180; LL37_420; Pep28_690; BSA_240; MgCl_1110; LL37_1050; Caffeine_630; CaCl_1140; Lysine_1290; Lysozyme_630,C=1; class_weight=balanced; gamma=scale; kernel=rbf,1.0,100.0,1.0,100.0
34,PE.QM_Chip4_Chan2,SVM,77,Lysozyme_60; Lysozyme_750; Caffeine_660; LL37_1020; Pep28_360; CaCl_990; Lysozyme_1170; Caffeine_1020; MgCl_270; LL37_390; Lysozyme_30; LL37_1350; Lysozyme_960; Caffeine_690; Lysozyme_90; BSA_210; BSA_90; CaCl_30; BSA_930; LL37_750; Caffeine_1230; Caffeine_990; Lysine_690; MgCl_660; Lysozyme_1260; Lysozyme_690; Lysine_240; LL37_540; Lysozyme_720; Lysozyme_1200; CaCl_540; MgCl_870; CaCl_150; Caffeine_570; Lysozyme_120; LL37_300; MgCl_1140; Pep28_570; CaCl_1110; LL37_990; CaCl_270; CaCl_90; MgCl_450; Lysozyme_1290; Lysozyme_1020; Pep28_180; MgCl_420; Caffeine_1080; LL37_1260; CaCl_1350; Pep28_150; Pep28_30; CaCl_900; Pep28_1080; Lysozyme_240; LL37_180; Caffeine_1200; MgCl_480; Pep28_720; LL37_1110; CaCl_780; Caffeine_90; LL37_480; Lysine_390; BSA_600; MgCl_180; BSA_240; MgCl_1110; LL37_420; LL37_1140; Pep28_690; BSA_1290; Lysine_750; Lysine_1290; CaCl_1140; LL37_1050; Caffeine_630,C=1; class_weight=None; gamma=scale; kernel=rbf,1.0,100.0,1.0,100.0
35,PE.QM_Chip4_Chan3,SVM,77,Lysozyme_60; Lysozyme_750; Caffeine_660; LL37_1020; Pep28_360; CaCl_990; Lysozyme_1170; Caffeine_1020; MgCl_270; LL37_390; Lysozyme_30; LL37_1350; Lysozyme_960; Caffeine_690; Lysozyme_90; BSA_210; BSA_90; BSA_930; CaCl_30; LL37_750; Caffeine_990; Caffeine_1230; Lysine_690; MgCl_660; Lysozyme_1260; Lysozyme_690; Lysine_240; Lysozyme_720; Lysozyme_1200; LL37_540; MgCl_870; CaCl_540; Lysozyme_120; Caffeine_570; CaCl_150; LL37_300; MgCl_1140; Pep28_570; CaCl_1110; LL37_990; MgCl_450; CaCl_270; Lysozyme_1290; CaCl_90; MgCl_420; Lysozyme_1020; Pep28_180; LL37_1260; Caffeine_1080; CaCl_1350; Pep28_150; CaCl_900; Pep28_30; Pep28_1080; Lysozyme_240; LL37_180; Caffeine_1200; LL37_1110; MgCl_480; Pep28_720; LL37_480; CaCl_780; Caffeine_90; Lysine_390; BSA_600; MgCl_1110; BSA_240; MgCl_180; LL37_420; BSA_1290; LL37_1140; Pep28_690; Lysine_750; Lysine_1290; LL37_1050; CaCl_1140; Caffeine_630,C=1; class_weight=None; gamma=scale; kernel=rbf,1.0,100.0,1.0,100.0
36,PE.QM_Chip4_Chan4,SVM,70,Lysozyme_60; Lysozyme_750; Caffeine_660; Pep28_360; LL37_1020; CaCl_990; Caffeine_1020; MgCl_270; BSA_210; Lysozyme_1170; LL37_390; LL37_1350; Lysozyme_30; Lysozyme_960; Caffeine_690; BSA_930; BSA_90; Lysozyme_90; Caffeine_990; Lysine_690; CaCl_30; Lysine_240; Caffeine_1230; LL37_540; Lysozyme_690; Lysozyme_720; MgCl_660; Lysozyme_1200; Lysozyme_1260; Caffeine_570; LL37_750; LL37_300; MgCl_420; LL37_1260; MgCl_870; CaCl_540; Pep28_570; Lysozyme_1020; CaCl_1110; CaCl_150; LL37_990; MgCl_1140; Lysozyme_120; Lysozyme_1290; CaCl_900; Pep28_30; Pep28_180; CaCl_270; Lysozyme_240; CaCl_1350; Caffeine_1080; MgCl_480; MgCl_450; Pep28_150; Lysine_390; Pep28_1080; LL37_180; BSA_600; LL37_480; BSA_1290; Pep28_720; CaCl_780; LL37_1110; Caffeine_90; Caffeine_630; Caffeine_1200; LL37_1140; BSA_240; CaCl_1140; Lysine_1290,C=1; class_weight=balanced; gamma=0.01; kernel=rbf,0.8333333333333334,83.33333333333334,0.4545454545454545,45.454545454545446
37,PF.QH_Chip1_Chan1,SVM,81,Lysozyme_60; Caffeine_660; Lysozyme_750; LL37_1020; Pep28_360; Caffeine_690; CaCl_990; Lysozyme_1170; Caffeine_1020; MgCl_270; LL37_1350; LL37_390; BSA_210; CaCl_30; Lysozyme_960; Lysozyme_30; Caffeine_1230; Lysozyme_90; BSA_90; BSA_930; Caffeine_990; MgCl_660; Lysozyme_720; LL37_750; Lysozyme_1200; Lysozyme_1260; CaCl_90; Lysozyme_120; Lysine_690; MgCl_870; Caffeine_570; LL37_540; Lysine_240; Pep28_570; CaCl_150; Pep28_150; Lysozyme_690; LL37_300; Lysozyme_1290; CaCl_1110; LL37_1260; CaCl_270; MgCl_450; Lysozyme_1020; Pep28_180; CaCl_540; MgCl_1140; MgCl_420; LL37_990; Caffeine_90; CaCl_780; Lysine_390; LL37_1110; Pep28_30; Pep28_1080; Pep28_720; CaCl_900; Caffeine_1080; Lysozyme_240; MgCl_1110; BSA_240; LL37_420; Caffeine_630; MgCl_480; Caffeine_1200; LL37_480; Pep28_690; MgCl_180; CaCl_1350; CaCl_1140; CaCl_1020; LL37_1050; BSA_600; LL37_1140; Caffeine_360; BSA_1290; BSA_690; Lysine_750; LL37_180; Lysozyme_810; MgCl_1350,C=1; class_weight=None; gamma=0.01; kernel=rbf,0.9444444444444444,94.44444444444444,0.4857142857142857,48.57142857142857
38,PF.QH_Chip1_Chan2,SVM,77,Lysozyme_60; Lysozyme_750; Caffeine_660; LL37_1020; Pep28_360; CaCl_990; Lysozyme_1170; Caffeine_1020; MgCl_270; LL37_390; LL37_1350; Lysozyme_30; Caffeine_690; Lysozyme_960; BSA_210; Lysozyme_90; BSA_90; CaCl_30; BSA_930; LL37_750; Caffeine_1230; Caffeine_990; Lysine_690; MgCl_660; Lysozyme_1260; LL37_540; Lysine_240; Lysozyme_690; Lysozyme_1200; Lysozyme_720; MgCl_870; CaCl_540; Lysozyme_120; Caffeine_570; CaCl_150; LL37_300; MgCl_1140; Pep28_570; LL37_990; MgCl_420; CaCl_1110; CaCl_270; CaCl_90; MgCl_450; Lysozyme_1290; Lysozyme_1020; LL37_1260; Pep28_150; CaCl_1350; Caffeine_1080; Pep28_180; Lysozyme_240; Pep28_1080; CaCl_900; Pep28_30; MgCl_480; Caffeine_1200; LL37_180; LL37_1110; LL37_480; CaCl_780; Lysine_390; Caffeine_90; Pep28_720; MgCl_180; BSA_600; MgCl_1110; BSA_240; Pep28_690; LL37_1140; BSA_1290; CaCl_1140; Lysine_1290; LL37_420; BSA_690; LL37_1050; Caffeine_630,C=1; class_weight=balanced; gamma=0.01; kernel=rbf,1.0,100.0,1.0,100.0
39,PF.QH_Chip1_Chan3,SVM,77,Lysozyme_60; Caffeine_660; Lysozyme_750; LL37_1020; Pep28_360; CaCl_990; Lysozyme_1170; Caffeine_1020; Lysozyme_30; MgCl_270; LL37_390; LL37_1350; BSA_210; CaCl_30; Lysozyme_960; Caffeine_690; Lysozyme_90; BSA_930; BSA_90; Caffeine_990; Caffeine_1230; Lysine_690; LL37_750; MgCl_660; Lysozyme_1260; Lysine_240; MgCl_870; Lysozyme_690; LL37_540; Lysozyme_1200; Caffeine_570; Lysozyme_720; LL37_300; CaCl_150; MgCl_1140; CaCl_540; Lysozyme_120; CaCl_270; Lysozyme_1290; Pep28_570; Lysozyme_1020; CaCl_1110; LL37_1260; LL37_990; MgCl_450; MgCl_420; Pep28_180; CaCl_1350; Pep28_150; CaCl_90; Lysozyme_240; CaCl_780; CaCl_900; Pep28_30; Caffeine_1080; Pep28_720; Pep28_1080; LL37_1110; MgCl_480; Caffeine_1200; Lysine_390; Caffeine_90; LL37_480; LL37_180; LL37_1140; MgCl_1110; LL37_1050; MgCl_180; BSA_1290; BSA_240; BSA_600; Caffeine_630; Pep28_690; LL37_420; BSA_690; Lysine_1290; CaCl_1140,C=1; class_weight=balanced; gamma=0.01; kernel=rbf,1.0,100.0,1.0,100.0
40,PF.QH_Chip1_Chan4,SVM,72,Lysozyme_60; Caffeine_660; Lysozyme_750; LL37_1020; Pep28_360; CaCl_990; Lysozyme_1170; Caffeine_1020; MgCl_270; LL37_1350; LL37_390; BSA_210; Caffeine_690; Lysozyme_30; CaCl_30; Lysozyme_960; Lysozyme_90; Caffeine_990; BSA_930; BSA_90; Caffeine_1230; LL37_750; Lysine_690; Lysozyme_1200; MgCl_660; MgCl_870; Lysozyme_690; Lysozyme_1260; Lysine_240; LL37_540; Caffeine_570; Lysozyme_720; Lysozyme_120; LL37_300; MgCl_1140; CaCl_540; Lysozyme_1020; CaCl_1110; MgCl_450; Lysozyme_1290; CaCl_150; LL37_1260; Pep28_570; MgCl_420; CaCl_90; LL37_990; Pep28_1080; CaCl_270; Pep28_180; CaCl_780; Caffeine_1080; Lysozyme_240; Pep28_720; LL37_1110; Pep28_30; CaCl_900; Pep28_150; CaCl_1350; Caffeine_1200; Lysine_390; MgCl_480; Caffeine_90; LL37_480; LL37_1140; LL37_180; LL37_1050; LL37_420; Caffeine_630; BSA_1290; BSA_240; CaCl_1140; BSA_600,C=1; class_weight=None; gamma=0.01; kernel=rbf,1.0,100.0,1.0,100.0
41,PF.QH_Chip3_Chan1,SVM,99,Lysozyme_60; Caffeine_660; Lysozyme_750; LL37_1020; Pep28_360; CaCl_990; MgCl_270; Lysozyme_1170; Caffeine_1020; LL37_390; LL37_1350; Caffeine_690; Lysozyme_30; BSA_210; CaCl_30; Lysozyme_960; Lysozyme_90; BSA_930; BSA_90; Caffeine_1230; LL37_750; Caffeine_990; MgCl_660; Lysozyme_690; Lysine_240; Lysozyme_1260; Lysine_690; Lysozyme_1200; CaCl_540; Lysozyme_720; MgCl_870; LL37_540; Caffeine_570; Pep28_570; CaCl_150; LL37_300; Lysozyme_120; MgCl_1140; Lysozyme_1020; MgCl_420; MgCl_450; Pep28_180; CaCl_1110; LL37_990; LL37_1260; Pep28_150; CaCl_270; Lysozyme_240; Lysozyme_1290; Caffeine_1080; Pep28_1080; CaCl_1350; CaCl_90; CaCl_900; LL37_480; LL37_1110; Pep28_30; CaCl_780; Pep28_720; MgCl_480; LL37_420; Lysine_390; LL37_180; Lysine_1290; Caffeine_1200; BSA_600; Caffeine_90; MgCl_1110; BSA_240; MgCl_180; Caffeine_630; BSA_690; Lysine_750; LL37_1050; Caffeine_360; LL37_1140; Lysozyme_630; BSA_1290; Pep28_690; MgCl_240; Lysozyme_810; MgCl_1170; CaCl_1140; Caffeine_30; Caffeine_1110; LL37_330; Pep28_480; Lysine_1170; Lysine_600; MgCl_120; Lysozyme_270; MgCl_1020; Lysine_1050; Lysine_930; BSA_1260; Pep28_90; LL37_840; Caffeine_150; Caffeine_1050,C=0.1; class_weight=balanced; gamma=scale; kernel=rbf,1.0,100.0,1.0,100.0
42,PF.QH_Chip3_Chan2,SVM,75,Lysozyme_60; Lysozyme_750; Caffeine_660; Pep28_360; LL37_1020; CaCl_990; Lysozyme_1170; Caffeine_1020; MgCl_270; LL37_390; LL37_1350; Lysozyme_30; Caffeine_690; Lysozyme_960; Lysozyme_90; CaCl_30; BSA_930; BSA_210; BSA_90; Caffeine_990; Caffeine_1230; Lysine_690; LL37_750; MgCl_660; Lysozyme_690; Lysine_240; Lysozyme_1260; Lysozyme_1200; LL37_540; Lysozyme_720; Lysozyme_120; Caffeine_570; CaCl_90; CaCl_540; MgCl_870; CaCl_150; MgCl_450; LL37_300; CaCl_270; Pep28_570; Lysozyme_1020; MgCl_1140; Lysozyme_1290; CaCl_1350; LL37_990; Pep28_180; MgCl_420; CaCl_1110; LL37_1260; Pep28_150; Pep28_1080; Caffeine_1080; CaCl_900; Pep28_30; Lysozyme_240; LL37_1110; CaCl_780; Caffeine_1200; MgCl_480; Caffeine_90; Lysine_390; Pep28_720; LL37_180; MgCl_1110; LL37_480; MgCl_180; BSA_240; BSA_1290; LL37_420; LL37_1140; Lysine_1290; Caffeine_630; Pep28_690; Lysine_750; BSA_600,C=1; class_weight=balanced; gamma=scale; kernel=rbf,1.0,100.0,1.0,100.0
43,PF.QH_Chip3_Chan3,SVM,86,Lysozyme_60; Lysozyme_750; Caffeine_660; LL37_1020; Pep28_360; CaCl_990; Lysozyme_1170; MgCl_270; Caffeine_1020; LL37_390; LL37_1350; Caffeine_690; Lysozyme_960; Lysozyme_30; Lysozyme_90; BSA_210; BSA_90; BSA_930; CaCl_30; Caffeine_990; Caffeine_1230; LL37_750; Lysine_690; MgCl_660; Lysozyme_1260; Lysozyme_690; LL37_540; Lysozyme_1200; Lysozyme_720; Lysine_240; MgCl_870; CaCl_150; Lysozyme_120; CaCl_540; Caffeine_570; MgCl_1140; Pep28_570; LL37_300; LL37_990; CaCl_270; Lysozyme_1290; CaCl_90; MgCl_450; MgCl_420; CaCl_1110; Lysozyme_1020; LL37_1260; Pep28_180; Caffeine_1080; CaCl_1350; Pep28_150; CaCl_900; Pep28_1080; Lysozyme_240; Pep28_30; LL37_1110; CaCl_780; Caffeine_90; Caffeine_1200; MgCl_480; LL37_480; Pep28_720; LL37_180; Lysine_390; MgCl_180; MgCl_1110; BSA_600; BSA_240; LL37_420; BSA_1290; Lysine_1290; LL37_1140; Lysine_750; Pep28_690; BSA_690; Caffeine_630; Lysozyme_630; Caffeine_360; Pep28_480; LL37_1050; MgCl_1170; MgCl_240; Lysozyme_810; LL37_330; Lysozyme_270; CaCl_1140,C=0.1; class_weight=balanced; gamma=0.01; kernel=rbf,1.0,100.0,1.0,100.0
44,PF.QH_Chip3_Chan4,SVM,78,Lysozyme_60; Lysozyme_750; Caffeine_660; LL37_1020; Pep28_360; CaCl_990; Lysozyme_1170; MgCl_270; Caffeine_1020; LL37_390; LL37_1350; Lysozyme_30; Caffeine_690; Lysozyme_960; BSA_210; CaCl_30; Lysozyme_90; BSA_930; BSA_90; LL37_750; Caffeine_990; Caffeine_1230; Lysine_690; MgCl_660; Lysozyme_1260; Lysozyme_690; Lysine_240; Lysozyme_720; Lysozyme_1200; LL37_540; MgCl_870; CaCl_540; Lysozyme_120; Caffeine_570; CaCl_150; LL37_300; Pep28_570; MgCl_1140; LL37_990; CaCl_1110; Lysozyme_1020; CaCl_270; Lysozyme_1290; MgCl_420; CaCl_90; Pep28_180; LL37_1260; MgCl_450; CaCl_1350; Pep28_150; Caffeine_1080; Lysozyme_240; Pep28_30; CaCl_900; Pep28_1080; LL37_1110; CaCl_780; MgCl_480; Caffeine_1200; Caffeine_90; LL37_180; Pep28_720; Lysine_390; LL37_480; BSA_240; MgCl_1110; MgCl_180; LL37_420; BSA_600; LL37_1140; BSA_1290; LL37_1050; BSA_690; Pep28_690; Lysine_1290; CaCl_1140; Caffeine_630; Lysine_750,C=1; class_weight=None; gamma=0.01; kernel=rbf,1.0,100.0,1.0,100.0
45,PF.QH_Chip4_Chan1,SVM,76,Lysozyme_60; Lysozyme_750; Caffeine_660; LL37_1020; Pep28_360; CaCl_990; Caffeine_1020; MgCl_270; Lysozyme_1170; BSA_210; LL37_390; CaCl_30; LL37_1350; Caffeine_690; Lysozyme_960; Lysozyme_30; Lysozyme_90; BSA_930; BSA_90; Caffeine_990; Caffeine_1230; Lysozyme_690; Lysine_690; Lysine_240; MgCl_660; MgCl_870; Lysozyme_1200; Lysozyme_720; Lysozyme_1260; LL37_750; Lysozyme_120; Caffeine_570; LL37_540; MgCl_1140; CaCl_540; Lysozyme_1020; CaCl_150; Pep28_570; MgCl_420; CaCl_270; MgCl_450; LL37_990; LL37_300; CaCl_1110; Pep28_1080; CaCl_1350; LL37_1110; CaCl_90; CaCl_900; Pep28_720; Lysozyme_1290; Pep28_180; Caffeine_1080; LL37_480; Pep28_150; LL37_1260; Lysozyme_240; CaCl_780; Caffeine_1200; BSA_1290; BSA_240; Lysine_390; Caffeine_630; MgCl_480; MgCl_180; Pep28_30; LL37_180; LL37_1140; LL37_1050; Caffeine_90; BSA_600; LL37_420; Lysine_750; Lysine_1290; Lysozyme_630; MgCl_1110,C=1; class_weight=None; gamma=scale; kernel=rbf,1.0,100.0,1.0,100.0
46,PF.QH_Chip4_Chan2,SVM,102,Lysozyme_60; Lysozyme_750; Caffeine_660; LL37_1020; Pep28_360; CaCl_990; MgCl_270; Lysozyme_1170; Caffeine_1020; LL37_390; Caffeine_690; LL37_1350; Lysozyme_90; Lysozyme_960; Caffeine_990; BSA_90; Lysozyme_30; Caffeine_1230; LL37_750; BSA_930; BSA_210; CaCl_30; Lysine_690; Lysozyme_1200; Lysozyme_1260; MgCl_660; MgCl_870; Lysozyme_690; LL37_540; Lysozyme_120; MgCl_420; Lysine_240; MgCl_1140; CaCl_1110; Caffeine_570; Lysozyme_720; CaCl_270; Lysozyme_1020; CaCl_540; MgCl_450; Pep28_150; CaCl_1350; Pep28_180; Pep28_570; Lysine_390; LL37_1260; CaCl_900; LL37_300; Caffeine_90; CaCl_90; CaCl_150; LL37_990; Pep28_720; Caffeine_1080; LL37_1110; Lysozyme_240; MgCl_480; Lysozyme_1290; Pep28_30; LL37_1140; Caffeine_1200; MgCl_1110; CaCl_780; LL37_180; Caffeine_630; BSA_690; LL37_1050; LL37_480; Lysine_1290; Pep28_480; Pep28_1080; LL37_420; MgCl_180; Pep28_690; LL37_30; BSA_600; BSA_1140; BSA_1290; BSA_240; Caffeine_1110; Lysozyme_510; MgCl_240; LL37_330; Caffeine_30; CaCl_1140; Lysine_600; Lysine_1170; Caffeine_360; MgCl_1020; Lysine_840; Lysozyme_810; MgCl_1170; BSA_1260; Pep28_90; Lysine_930; CaCl_300; Lysozyme_270; BSA_1200; MgCl_300; CaCl_1020; Caffeine_150; Lysine_660,C=0.1; class_weight=balanced; gamma=scale; kernel=rbf,0.7777777777777778,77.77777777777779,0.4375,43.75
47,PF.QH_Chip4_Chan3,SVM,79,Lysozyme_60; Lysozyme_750; Caffeine_660; LL37_1020; Pep28_360; CaCl_990; Lysozyme_1170; Caffeine_1020; MgCl_270; LL37_390; BSA_210; LL37_1350; Lysozyme_960; Caffeine_690; CaCl_30; Lysozyme_30; BSA_930; Lysozyme_90; Caffeine_990; BSA_90; Caffeine_1230; Lysozyme_1260; Lysine_690; LL37_750; Lysozyme_690; MgCl_660; Lysozyme_1200; MgCl_870; Lysine_240; Caffeine_570; LL37_300; LL37_540; Lysozyme_720; MgCl_420; Lysozyme_1290; Lysozyme_120; CaCl_1110; Lysozyme_1020; CaCl_540; MgCl_1140; CaCl_150; Pep28_570; CaCl_270; MgCl_450; Pep28_150; Lysozyme_240; CaCl_90; Pep28_180; LL37_990; CaCl_1350; CaCl_900; Caffeine_1080; Pep28_30; CaCl_780; Pep28_1080; Pep28_720; MgCl_480; Lysine_390; Caffeine_1200; CaCl_1140; Caffeine_90; LL37_1260; LL37_180; LL37_480; LL37_420; LL37_1110; BSA_1290; BSA_600; MgCl_180; MgCl_1110; Caffeine_630; BSA_690; LL37_1140; BSA_240; Pep28_690; Lysozyme_630; Lysine_1290; LL37_1050; MgCl_1170,C=1; class_weight=None; gamma=0.01; kernel=rbf,1.0,100.0,1.0,100.0
48,PF.QH_Chip4_Chan4,SVM,73,Lysozyme_60; Lysozyme_750; Caffeine_660; LL37_1020; Pep28_360; CaCl_990; Lysozyme_1170; MgCl_270; Caffeine_1020; LL37_1350; BSA_210; LL37_390; Caffeine_690; Lysozyme_960; Lysozyme_30; Lysozyme_90; BSA_930; Caffeine_990; BSA_90; Caffeine_1230; Lysine_690; CaCl_30; Lysozyme_690; Lysozyme_1200; MgCl_660; Lysozyme_1260; LL37_750; Lysine_240; MgCl_870; Caffeine_570; Lysozyme_720; LL37_540; Lysozyme_120; CaCl_540; LL37_300; Pep28_570; MgCl_1140; LL37_1260; MgCl_420; Lysozyme_1020; Lysozyme_1290; CaCl_150; MgCl_450; CaCl_1110; LL37_990; CaCl_270; Pep28_180; Pep28_1080; Lysozyme_240; CaCl_90; Pep28_150; CaCl_900; CaCl_1350; Pep28_720; Caffeine_1080; Caffeine_1200; Pep28_30; Lysine_390; CaCl_780; LL37_480; MgCl_480; LL37_1050; LL37_180; LL37_1110; MgCl_180; Caffeine_630; BSA_1290; Caffeine_90; BSA_600; LL37_1140; MgCl_1110; CaCl_1140; LL37_420,C=1; class_weight=None; gamma=0.01; kernel=rbf,1.0,100.0,1.0,100.0
49,PF.QL_Chip1_Chan1,SVM,78,Lysozyme_60; Lysozyme_750; Caffeine_660; LL37_1020; Pep28_360; CaCl_990; Lysozyme_1170; Caffeine_1020; MgCl_270; LL37_390; LL37_1350; Lysozyme_30; Caffeine_690; Lysozyme_960; Lysozyme_90; BSA_210; BSA_930; CaCl_30; BSA_90; LL37_750; Caffeine_990; Caffeine_1230; Lysine_690; MgCl_660; Lysozyme_1260; Lysine_240; Lysozyme_690; Lysozyme_720; Lysozyme_1200; MgCl_870; LL37_540; Lysozyme_120; CaCl_150; Caffeine_570; CaCl_540; Pep28_570; LL37_300; CaCl_1110; MgCl_1140; MgCl_450; LL37_1260; CaCl_270; Lysozyme_1290; LL37_990; CaCl_90; Lysozyme_1020; Pep28_180; Caffeine_1080; MgCl_420; CaCl_1350; Pep28_150; Lysozyme_240; CaCl_900; Pep28_30; Pep28_1080; Caffeine_1200; LL37_1110; Pep28_720; MgCl_480; LL37_420; CaCl_780; BSA_240; Caffeine_90; MgCl_180; Lysine_390; LL37_180; BSA_600; MgCl_1110; LL37_480; LL37_1050; LL37_1140; Lysine_1290; BSA_690; Caffeine_630; BSA_1290; CaCl_1140; Lysine_750; Pep28_690,C=1; class_weight=None; gamma=scale; kernel=rbf,1.0,100.0,1.0,100.0
50,PF.QL_Chip1_Chan2,SVM,78,Lysozyme_60; Caffeine_660; Lysozyme_750; LL37_1020; Pep28_360; CaCl_990; Lysozyme_1170; MgCl_270; Caffeine_1020; LL37_1350; Lysozyme_30; LL37_390; BSA_210; CaCl_30; Caffeine_690; Lysozyme_960; Caffeine_1230; BSA_90; Lysozyme_90; BSA_930; Caffeine_990; LL37_750; Lysine_690; MgCl_660; Lysozyme_1200; Lysozyme_1260; Lysine_240; Lysozyme_690; MgCl_870; LL37_540; Lysozyme_120; Lysozyme_720; CaCl_540; CaCl_150; Caffeine_570; MgCl_420; MgCl_1140; Pep28_570; Lysozyme_1290; LL37_300; LL37_1260; LL37_990; CaCl_1110; Pep28_180; CaCl_90; CaCl_1350; MgCl_450; CaCl_270; CaCl_900; Lysozyme_1020; Pep28_150; Pep28_1080; Lysozyme_240; Caffeine_1080; LL37_180; Lysine_390; LL37_420; LL37_480; CaCl_780; MgCl_480; Pep28_720; BSA_240; Pep28_30; LL37_1110; Caffeine_90; Caffeine_1200; Caffeine_630; MgCl_1110; MgCl_180; LL37_1050; BSA_1290; CaCl_1140; BSA_690; Lysine_750; Lysozyme_810; BSA_600; Pep28_690; LL37_1140,C=0.1; class_weight=balanced; gamma=scale; kernel=rbf,1.0,100.0,1.0,100.0
51,PF.QL_Chip1_Chan3,SVM,78,Lysozyme_60; Lysozyme_750; Caffeine_660; LL37_1020; Pep28_360; CaCl_990; Lysozyme_1170; Caffeine_1020; MgCl_270; LL37_390; LL37_1350; Lysozyme_30; Caffeine_690; Lysozyme_960; BSA_210; Lysozyme_90; CaCl_30; BSA_930; BSA_90; LL37_750; Caffeine_990; Caffeine_1230; Lysine_690; MgCl_660; Lysine_240; Lysozyme_690; Lysozyme_1260; Lysozyme_1200; Lysozyme_720; LL37_540; MgCl_870; Caffeine_570; Lysozyme_120; CaCl_540; LL37_300; CaCl_150; Pep28_570; MgCl_1140; CaCl_270; CaCl_1110; LL37_990; Lysozyme_1020; Lysozyme_1290; MgCl_450; MgCl_420; CaCl_90; LL37_1260; Caffeine_1080; Pep28_150; CaCl_1350; Pep28_180; Lysozyme_240; Pep28_1080; CaCl_900; CaCl_780; Pep28_30; MgCl_480; LL37_1110; Caffeine_1200; Pep28_720; Caffeine_90; LL37_180; Lysine_390; LL37_480; BSA_240; MgCl_1110; LL37_1140; BSA_600; LL37_1050; MgCl_180; Pep28_690; LL37_420; CaCl_1140; BSA_690; BSA_1290; Caffeine_630; Lysine_1290; Lysine_750,C=1; class_weight=None; gamma=scale; kernel=rbf,1.0,100.0,1.0,100.0
52,PF.QL_Chip1_Chan4,SVM,85,Lysozyme_60; Lysozyme_750; Caffeine_660; LL37_1020; MgCl_270; CaCl_990; Pep28_360; Caffeine_1020; Lysozyme_1170; Caffeine_690; Lysozyme_960; LL37_390; BSA_210; CaCl_30; Lysozyme_90; Lysozyme_30; LL37_1350; BSA_930; Lysozyme_1200; CaCl_150; Lysozyme_690; BSA_90; Caffeine_990; Lysine_240; LL37_750; Lysine_690; MgCl_660; Lysozyme_1260; MgCl_870; Lysozyme_1020; Caffeine_570; LL37_300; Lysozyme_720; CaCl_540; Lysozyme_1290; MgCl_1140; Caffeine_1230; CaCl_90; Lysozyme_120; Pep28_150; MgCl_420; Caffeine_90; Pep28_570; LL37_540; CaCl_270; Pep28_30; MgCl_450; Caffeine_1080; Caffeine_1200; Pep28_180; LL37_1140; LL37_990; Lysine_390; LL37_1260; CaCl_1110; Lysozyme_510; Lysozyme_240; CaCl_900; CaCl_1350; BSA_600; Caffeine_630; Lysozyme_1050; LL37_480; BSA_1290; Lysozyme_630; LL37_180; Pep28_1080; MgCl_1110; BSA_240; LL37_1050; MgCl_480; Lysine_750; LL37_1110; MgCl_180; BSA_690; Caffeine_360; BSA_1260; CaCl_780; MgCl_1170; MgCl_240; Pep28_480; MgCl_1350; Pep28_720; Lysine_1290; CaCl_1140,C=0.1; class_weight=balanced; gamma=scale; kernel=rbf,0.6666666666666666,66.66666666666666,0.4,40.0
53,PF.QL_Chip3_Chan1,SVM,80,Lysozyme_60; Caffeine_660; Lysozyme_750; LL37_1020; Pep28_360; CaCl_990; Lysozyme_1170; Caffeine_1020; MgCl_270; LL37_390; Lysozyme_30; LL37_1350; Caffeine_690; BSA_210; Lysozyme_960; CaCl_30; Lysozyme_90; BSA_90; BSA_930; Caffeine_990; LL37_750; Caffeine_1230; Lysine_690; Lysozyme_690; MgCl_660; Lysine_240; Lysozyme_1200; Lysozyme_1260; LL37_540; Lysozyme_720; MgCl_870; Lysozyme_120; CaCl_540; Caffeine_570; LL37_300; CaCl_150; MgCl_420; MgCl_1140; Pep28_570; Lysozyme_1020; Lysozyme_1290; LL37_1260; MgCl_450; CaCl_1110; LL37_990; CaCl_270; CaCl_90; Pep28_150; Pep28_180; CaCl_1350; Caffeine_1080; Pep28_1080; Lysozyme_240; CaCl_900; Pep28_30; Pep28_720; LL37_1110; CaCl_780; Caffeine_1200; Lysine_390; MgCl_480; LL37_180; Caffeine_90; LL37_480; LL37_420; BSA_240; MgCl_180; LL37_1140; BSA_1290; CaCl_1140; BSA_690; MgCl_1110; Pep28_690; Lysine_1290; Caffeine_630; BSA_600; Lysine_750; LL37_1050; Lysozyme_630; Caffeine_360,C=0.1; class_weight=balanced; gamma=scale; kernel=rbf,1.0,100.0,1.0,100.0
54,PF.QL_Chip3_Chan2,SVM,80,Lysozyme_60; Lysozyme_750; Caffeine_660; LL37_1020; Pep28_360; CaCl_990; Lysozyme_1170; MgCl_270; Caffeine_1020; LL37_390; LL37_1350; Lysozyme_30; Caffeine_690; Lysozyme_960; BSA_210; CaCl_30; Lysozyme_90; BSA_930; BSA_90; Caffeine_990; LL37_750; Caffeine_1230; Lysine_690; MgCl_660; Lysozyme_690; Lysozyme_1260; Lysine_240; Lysozyme_1200; LL37_540; Lysozyme_720; MgCl_870; Caffeine_570; Lysozyme_120; CaCl_540; LL37_300; CaCl_150; MgCl_1140; Pep28_570; Lysozyme_1290; MgCl_420; CaCl_1110; CaCl_270; Lysozyme_1020; LL37_990; MgCl_450; LL37_1260; CaCl_90; Pep28_180; Pep28_150; CaCl_1350; Caffeine_1080; Pep28_1080; Lysozyme_240; CaCl_900; Pep28_30; LL37_1110; Caffeine_1200; CaCl_780; Pep28_720; MgCl_480; LL37_480; LL37_180; Lysine_390; Caffeine_90; MgCl_180; LL37_420; BSA_240; MgCl_1110; LL37_1140; Caffeine_630; BSA_600; BSA_690; BSA_1290; Lysine_1290; LL37_1050; Pep28_690; Lysine_750; CaCl_1140; Lysozyme_630; Caffeine_360,C=0.1; class_weight=balanced; gamma=scale; kernel=rbf,1.0,100.0,1.0,100.0
55,PF.QL_Chip3_Chan3,SVM,85,Lysozyme_60; Lysozyme_750; Caffeine_660; LL37_1020; Pep28_360; CaCl_990; Lysozyme_1170; MgCl_270; Caffeine_1020; LL37_390; LL37_1350; BSA_210; Caffeine_690; Lysozyme_30; Lysozyme_960; CaCl_30; Lysozyme_90; BSA_930; Caffeine_990; BSA_90; LL37_750; Caffeine_1230; Lysine_690; Lysozyme_690; MgCl_660; Lysine_240; Lysozyme_1200; Lysozyme_1260; Lysozyme_720; MgCl_870; LL37_540; LL37_300; Lysozyme_120; Caffeine_570; CaCl_540; CaCl_150; Pep28_570; Lysozyme_1020; MgCl_1140; MgCl_420; Lysozyme_1290; CaCl_1110; LL37_1260; CaCl_270; CaCl_90; MgCl_450; LL37_990; Pep28_150; Pep28_180; Pep28_1080; CaCl_1350; Lysozyme_240; Caffeine_1080; CaCl_900; CaCl_780; Pep28_30; LL37_1110; Lysine_390; Caffeine_1200; MgCl_480; Pep28_720; Caffeine_90; LL37_480; MgCl_180; LL37_420; Caffeine_630; LL37_180; BSA_690; LL37_1140; MgCl_1110; BSA_240; LL37_1050; CaCl_1140; BSA_1290; Lysozyme_630; Lysine_1290; Lysine_750; Caffeine_360; Pep28_690; Pep28_480; Lysozyme_810; MgCl_240; MgCl_1170; BSA_600; LL37_330,C=0.1; class_weight=balanced; gamma=scale; kernel=rbf,1.0,100.0,1.0,100.0
56,PF.QL_Chip3_Chan4,SVM,78,Lysozyme_60; Lysozyme_750; Caffeine_660; LL37_1020; Pep28_360; CaCl_990; Lysozyme_1170; MgCl_270; Caffeine_1020; LL37_390; LL37_1350; Lysozyme_30; Caffeine_690; Lysozyme_90; Lysozyme_960; BSA_90; BSA_210; CaCl_30; BSA_930; LL37_750; Caffeine_1230; Lysine_690; Caffeine_990; MgCl_660; Lysozyme_1260; Lysozyme_690; Lysine_240; Lysozyme_720; LL37_540; Lysozyme_1200; MgCl_870; Lysozyme_120; CaCl_540; CaCl_150; Caffeine_570; LL37_300; Pep28_570; MgCl_1140; CaCl_1110; CaCl_90; LL37_990; CaCl_270; Lysozyme_1290; MgCl_450; MgCl_420; Pep28_180; Caffeine_1080; Lysozyme_1020; LL37_1260; CaCl_1350; Pep28_150; Pep28_1080; CaCl_900; Lysozyme_240; Pep28_30; LL37_180; LL37_1110; LL37_480; Caffeine_1200; MgCl_480; Caffeine_90; CaCl_780; Lysine_390; BSA_600; Pep28_720; MgCl_180; MgCl_1110; BSA_240; Lysine_750; LL37_1050; LL37_420; LL37_1140; Lysine_1290; BSA_1290; Pep28_690; CaCl_1140; MgCl_240; Caffeine_630,C=0.1; class_weight=balanced; gamma=0.01; kernel=rbf,1.0,100.0,1.0,100.0
57,PF.QL_Chip4_Chan1,SVM,76,Lysozyme_60; Lysozyme_750; Caffeine_660; LL37_1020; Pep28_360; CaCl_990; Caffeine_1020; Lysozyme_1170; MgCl_270; Caffeine_690; Lysozyme_90; BSA_210; Lysozyme_960; Lysozyme_30; LL37_390; LL37_1350; CaCl_30; Lysozyme_1200; BSA_90; Caffeine_990; BSA_930; Lysine_690; Lysozyme_690; MgCl_660; Lysozyme_1260; LL37_750; Lysine_240; Caffeine_1230; Lysozyme_120; LL37_540; MgCl_870; Lysozyme_720; Lysozyme_1020; Pep28_570; CaCl_150; Caffeine_570; MgCl_1140; LL37_300; CaCl_270; Lysozyme_1290; CaCl_1110; MgCl_450; LL37_1260; Caffeine_1200; CaCl_540; Pep28_30; MgCl_420; Caffeine_1080; Lysozyme_630; CaCl_900; Pep28_150; CaCl_90; Pep28_1080; Caffeine_630; Pep28_180; CaCl_1350; LL37_990; LL37_480; BSA_1290; LL37_180; MgCl_180; Pep28_720; Lysozyme_240; LL37_1110; MgCl_480; LL37_420; Lysine_390; Caffeine_90; CaCl_1140; LL37_1050; BSA_240; LL37_1140; MgCl_1110; CaCl_780; Pep28_690; BSA_600,C=1; class_weight=balanced; gamma=scale; kernel=rbf,1.0,100.0,1.0,100.0
58,PF.QL_Chip4_Chan2,SVM,78,Lysozyme_60; Lysozyme_750; Caffeine_660; LL37_1020; Pep28_360; CaCl_990; Lysozyme_1170; MgCl_270; Caffeine_1020; LL37_390; Lysozyme_30; LL37_1350; Lysozyme_960; Caffeine_690; BSA_210; Lysozyme_90; BSA_930; CaCl_30; BSA_90; LL37_750; Caffeine_990; Caffeine_1230; Lysine_690; MgCl_660; Lysozyme_690; LL37_540; Lysine_240; MgCl_870; Lysozyme_720; Lysozyme_1200; CaCl_540; Lysozyme_1260; CaCl_150; Caffeine_570; LL37_300; Lysozyme_120; CaCl_1110; Pep28_570; MgCl_420; LL37_990; Pep28_180; MgCl_450; CaCl_270; MgCl_1140; Lysozyme_1020; CaCl_90; LL37_1260; Caffeine_1080; Pep28_30; Pep28_150; Lysozyme_1290; CaCl_1350; Pep28_720; CaCl_900; Pep28_1080; Lysozyme_240; Caffeine_1200; MgCl_480; LL37_180; LL37_1110; LL37_480; CaCl_780; BSA_600; Caffeine_90; Lysine_390; LL37_1140; MgCl_180; LL37_420; LL37_1050; Pep28_690; BSA_240; CaCl_1140; MgCl_1110; Caffeine_630; Lysine_1290; Lysine_750; BSA_690; BSA_1290,C=0.1; class_weight=balanced; gamma=scale; kernel=rbf,1.0,100.0,1.0,100.0
59,PF.QL_Chip4_Chan3,SVM,79,Lysozyme_60; Lysozyme_750; Caffeine_660; LL37_1020; Pep28_360; CaCl_990; Lysozyme_1170; Caffeine_1020; MgCl_270; LL37_390; LL37_1350; Lysozyme_30; Lysozyme_960; Caffeine_690; BSA_210; Lysozyme_90; CaCl_30; BSA_90; BSA_930; LL37_750; Caffeine_990; Caffeine_1230; Lysine_690; MgCl_660; Lysozyme_1260; Lysine_240; Lysozyme_690; LL37_540; Lysozyme_720; Lysozyme_1200; MgCl_870; CaCl_540; Lysozyme_120; Caffeine_570; CaCl_150; LL37_300; MgCl_1140; Pep28_570; CaCl_1110; LL37_990; CaCl_270; CaCl_90; MgCl_420; Lysozyme_1020; Lysozyme_1290; LL37_1260; Pep28_180; CaCl_1350; MgCl_450; Caffeine_1080; Pep28_150; CaCl_900; Lysozyme_240; Pep28_1080; Pep28_30; LL37_1110; LL37_180; Pep28_720; MgCl_480; Caffeine_1200; CaCl_780; LL37_480; Lysine_390; Caffeine_90; BSA_600; MgCl_1110; BSA_240; MgCl_180; LL37_420; LL37_1140; LL37_1050; BSA_1290; Pep28_690; CaCl_1140; Lysine_750; BSA_690; Lysine_1290; Caffeine_630; Caffeine_360,C=0.1; class_weight=balanced; gamma=scale; kernel=rbf,1.0,100.0,1.0,100.0
60,PF.QL_Chip4_Chan4,SVM,77,Lysozyme_60; Lysozyme_750; Caffeine_660; LL37_1020; Pep28_360; CaCl_990; Lysozyme_1170; Caffeine_1020; MgCl_270; LL37_390; Lysozyme_30; LL37_1350; CaCl_30; Lysozyme_960; BSA_210; Caffeine_690; Caffeine_990; Caffeine_1230; LL37_750; Lysine_690; MgCl_450; Lysozyme_90; Lysozyme_690; BSA_930; MgCl_660; MgCl_870; BSA_90; Lysozyme_1260; CaCl_540; LL37_300; Lysine_240; Lysozyme_720; Caffeine_570; MgCl_1140; CaCl_150; Lysozyme_120; Lysozyme_1020; CaCl_1110; LL37_540; LL37_990; Pep28_570; CaCl_90; CaCl_270; MgCl_420; Lysozyme_1200; Lysozyme_1290; CaCl_1350; LL37_1260; Pep28_30; Pep28_180; LL37_480; Lysozyme_240; BSA_600; Caffeine_1200; BSA_1290; MgCl_1110; Caffeine_1080; Pep28_1080; CaCl_900; BSA_690; LL37_180; Lysine_390; Pep28_150; LL37_1110; Pep28_720; MgCl_480; CaCl_1140; LL37_1140; BSA_240; Lysozyme_630; Caffeine_90; LL37_420; Lysine_750; Caffeine_630; MgCl_180; Caffeine_1110; Lysine_1290,C=1; class_weight=balanced; gamma=0.01; kernel=rbf,1.0,100.0,1.0,100.0
61,PF.QM_Chip1_Chan1,SVM,69,Lysozyme_60; Lysozyme_750; Caffeine_660; LL37_1020; Pep28_360; CaCl_990; Lysozyme_1170; MgCl_270; Caffeine_690; LL37_390; LL37_1350; Lysozyme_90; Lysozyme_960; BSA_210; Caffeine_1020; Lysozyme_30; LL37_750; CaCl_30; BSA_90; Caffeine_990; Lysine_240; BSA_930; Lysine_690; Caffeine_1230; Lysozyme_1200; Lysozyme_690; MgCl_660; MgCl_870; LL37_300; CaCl_90; Lysozyme_720; CaCl_540; CaCl_150; Caffeine_570; Lysozyme_1260; MgCl_1140; LL37_1260; Lysozyme_1020; Pep28_570; CaCl_900; LL37_990; MgCl_420; LL37_540; MgCl_450; LL37_1140; Lysozyme_120; Pep28_30; Lysozyme_630; Pep28_180; Caffeine_1080; Pep28_150; CaCl_1110; Lysozyme_240; Pep28_1080; Caffeine_90; Lysozyme_1290; LL37_180; CaCl_1140; CaCl_270; CaCl_1350; Lysine_1290; CaCl_780; Pep28_720; MgCl_180; LL37_1050; BSA_690; MgCl_1110; Lysine_390; BSA_600,C=0.1; class_weight=balanced; gamma=0.01; kernel=rbf,0.9444444444444444,94.44444444444444,0.4857142857142857,48.57142857142857
62,PF.QM_Chip1_Chan2,SVM,81,Lysozyme_60; Lysozyme_750; Caffeine_660; LL37_1020; Pep28_360; CaCl_990; Lysozyme_1170; MgCl_270; Caffeine_1020; BSA_210; LL37_1350; LL37_390; Caffeine_690; CaCl_30; Lysozyme_30; Lysozyme_960; Lysozyme_90; Caffeine_990; BSA_930; BSA_90; Caffeine_1230; Lysozyme_690; LL37_750; Lysine_690; MgCl_870; Lysozyme_1260; Lysozyme_1200; Lysine_240; MgCl_660; Caffeine_570; LL37_300; Lysozyme_120; LL37_540; CaCl_540; CaCl_270; Lysozyme_720; Lysozyme_1020; MgCl_1140; CaCl_1110; Pep28_570; LL37_1260; Lysozyme_1290; CaCl_150; MgCl_450; MgCl_420; Pep28_150; LL37_990; Caffeine_1200; Lysozyme_240; Caffeine_1080; LL37_480; Pep28_30; CaCl_90; CaCl_1350; LL37_1110; Lysine_390; CaCl_900; Pep28_1080; Pep28_180; Pep28_720; CaCl_780; MgCl_180; LL37_180; MgCl_480; Caffeine_90; BSA_240; LL37_1050; LL37_1140; MgCl_1110; BSA_690; Caffeine_630; LL37_420; BSA_600; Lysine_750; Lysozyme_810; BSA_1290; Caffeine_360; Pep28_690; Lysozyme_630; BSA_1260; CaCl_1140,C=0.1; class_weight=balanced; gamma=scale; kernel=rbf,0.7222222222222222,72.22222222222221,0.4193548387096774,41.93548387096774
63,PF.QM_Chip1_Chan3,SVM,124,Lysozyme_60; Lysozyme_750; Caffeine_660; LL37_1020; MgCl_270; Lysozyme_960; CaCl_990; Lysozyme_1170; Pep28_360; Caffeine_1020; LL37_1350; LL37_390; Lysozyme_30; Lysozyme_90; BSA_930; CaCl_30; BSA_90; Lysozyme_720; Caffeine_690; BSA_210; Lysine_690; Caffeine_1230; Lysine_240; Lysozyme_120; Lysozyme_690; Lysozyme_1200; Caffeine_990; LL37_750; Lysozyme_1260; LL37_540; CaCl_150; MgCl_870; Lysozyme_1290; LL37_300; MgCl_660; Pep28_570; Pep28_180; MgCl_1140; CaCl_900; LL37_1260; CaCl_540; CaCl_270; MgCl_450; MgCl_420; Pep28_150; Caffeine_570; LL37_1110; CaCl_90; Caffeine_90; LL37_990; CaCl_1350; LL37_480; CaCl_780; MgCl_480; CaCl_1110; Lysine_390; Lysozyme_1020; MgCl_180; LL37_1140; BSA_600; Caffeine_360; Lysozyme_240; MgCl_1110; Pep28_1080; Pep28_720; CaCl_1140; LL37_420; Caffeine_1080; Caffeine_1200; Lysine_930; Caffeine_630; BSA_690; LL37_1050; MgCl_1170; LL37_180; BSA_240; Pep28_30; BSA_1200; Lysine_1170; Lysine_1290; MgCl_300; BSA_1290; MgCl_240; Pep28_690; Lysine_750; LL37_330; Lysine_1050; Lysozyme_630; Caffeine_1050; Lysine_1260; CaCl_300; Lysine_600; Pep28_480; Lysine_30; MgCl_1350; Caffeine_120; Lysine_540; Lysozyme_270; Caffeine_1110; BSA_1140; BSA_30; LL37_30; BSA_1260; Lysozyme_510; Caffeine_30; BSA_300; Caffeine_870; LL37_1170; Caffeine_930; Lysine_420; LL37_690; Caffeine_390; Lysine_660; Caffeine_1140; Lysine_210; Lysozyme_840; MgCl_30; Caffeine_510; Lysine_840; CaCl_390; Lysine_900; Pep28_810; MgCl_930; BSA_390,C=0.1; class_weight=balanced; gamma=0.01; kernel=rbf,0.4444444444444444,44.44444444444444,0.3076923076923077,30.76923076923077
64,PF.QM_Chip1_Chan4,SVM,80,Lysozyme_60; Lysozyme_750; Caffeine_660; LL37_1020; Pep28_360; CaCl_990; Lysozyme_1170; Caffeine_1020; MgCl_270; LL37_390; LL37_1350; Lysozyme_30; Caffeine_690; Lysozyme_960; BSA_210; Lysozyme_90; CaCl_30; BSA_90; BSA_930; LL37_750; Caffeine_990; Caffeine_1230; MgCl_660; Lysine_690; Lysozyme_1260; Lysozyme_690; Lysine_240; Lysozyme_720; MgCl_870; Lysozyme_1200; LL37_540; Caffeine_570; CaCl_540; CaCl_150; Lysozyme_120; LL37_300; Pep28_570; MgCl_1140; Lysozyme_1290; MgCl_420; Lysozyme_1020; CaCl_1110; LL37_990; MgCl_450; LL37_1260; CaCl_90; CaCl_270; Pep28_180; CaCl_1350; Caffeine_1080; Pep28_150; Pep28_1080; Lysozyme_240; Pep28_30; CaCl_780; CaCl_900; MgCl_480; Pep28_720; Caffeine_90; Lysine_390; Caffeine_1200; LL37_480; LL37_1110; LL37_180; BSA_240; MgCl_180; LL37_420; MgCl_1110; Pep28_690; BSA_690; BSA_600; CaCl_1140; LL37_1050; Lysozyme_630; BSA_1290; Caffeine_630; Caffeine_360; Lysine_1290; LL37_1140; Lysine_750,C=0.1; class_weight=balanced; gamma=scale; kernel=rbf,0.9444444444444444,94.44444444444444,0.4857142857142857,48.57142857142857
65,PF.QM_Chip3_Chan1,SVM,78,Lysozyme_60; Lysozyme_750; Caffeine_660; LL37_1020; Pep28_360; CaCl_990; Lysozyme_1170; MgCl_270; Caffeine_1020; LL37_390; LL37_1350; Lysozyme_30; Caffeine_690; Lysozyme_960; BSA_210; Lysozyme_90; BSA_90; CaCl_30; BSA_930; LL37_750; Caffeine_990; Lysine_690; Caffeine_1230; MgCl_660; Lysozyme_1260; Lysozyme_690; Lysine_240; Lysozyme_1200; Lysozyme_720; LL37_540; MgCl_870; CaCl_540; Lysozyme_120; CaCl_150; Caffeine_570; LL37_300; Pep28_570; MgCl_1140; LL37_990; Lysozyme_1290; CaCl_1110; CaCl_270; MgCl_450; MgCl_420; Lysozyme_1020; CaCl_90; Pep28_180; LL37_1260; CaCl_1350; Caffeine_1080; Pep28_150; Pep28_1080; Lysozyme_240; CaCl_900; Pep28_30; LL37_1110; Caffeine_1200; LL37_180; CaCl_780; Pep28_720; MgCl_480; LL37_480; Caffeine_90; Lysine_390; BSA_600; MgCl_180; MgCl_1110; BSA_240; LL37_420; LL37_1140; Lysine_1290; Pep28_690; BSA_690; BSA_1290; Caffeine_630; Lysine_750; LL37_1050; CaCl_1140,C=1; class_weight=None; gamma=scale; kernel=rbf,1.0,100.0,1.0,100.0
66,PF.QM_Chip3_Chan2,SVM,82,Lysozyme_60; Lysozyme_750; Caffeine_660; LL37_1020; Pep28_360; CaCl_990; Lysozyme_1170; MgCl_270; LL37_1350; Caffeine_1020; BSA_210; LL37_390; Lysozyme_30; Caffeine_690; CaCl_30; Lysozyme_960; Lysozyme_90; Caffeine_990; BSA_90; BSA_930; Caffeine_1230; LL37_750; Lysine_690; Lysozyme_1200; MgCl_660; Lysozyme_690; Lysine_240; MgCl_870; Lysozyme_1260; Caffeine_570; Lysozyme_720; LL37_540; Pep28_570; Lysozyme_120; CaCl_540; LL37_300; MgCl_420; CaCl_1110; CaCl_150; MgCl_1140; Lysozyme_1290; Lysozyme_1020; CaCl_270; LL37_1260; MgCl_450; CaCl_90; Pep28_180; LL37_990; CaCl_1350; Pep28_150; CaCl_900; Pep28_1080; Lysozyme_240; Pep28_30; Pep28_720; Lysine_390; Caffeine_1200; Caffeine_90; MgCl_480; Caffeine_1080; LL37_1140; LL37_480; LL37_1110; CaCl_780; MgCl_180; LL37_420; Caffeine_630; CaCl_1140; BSA_1290; MgCl_1110; BSA_690; BSA_240; LL37_1050; BSA_600; Lysine_750; Pep28_690; Lysozyme_630; LL37_180; Lysine_1290; Lysozyme_810; Caffeine_360; MgCl_1170,C=1; class_weight=None; gamma=0.01; kernel=rbf,1.0,100.0,1.0,100.0
67,PF.QM_Chip3_Chan3,SVM,80,Lysozyme_60; Lysozyme_750; Caffeine_660; LL37_1020; Pep28_360; CaCl_990; Lysozyme_1170; Caffeine_1020; MgCl_270; LL37_390; LL37_1350; BSA_210; Caffeine_690; Lysozyme_30; Lysozyme_960; CaCl_30; Lysozyme_90; BSA_930; BSA_90; Caffeine_990; LL37_750; Caffeine_1230; Lysine_690; MgCl_660; Lysozyme_690; Lysozyme_1200; Lysozyme_1260; Lysine_240; MgCl_870; Lysozyme_720; LL37_540; Caffeine_570; LL37_300; Lysozyme_120; CaCl_540; CaCl_150; MgCl_420; Pep28_570; MgCl_1140; Lysozyme_1290; Lysozyme_1020; CaCl_1110; CaCl_270; LL37_1260; MgCl_450; LL37_990; CaCl_90; Pep28_180; Pep28_150; Lysozyme_240; Pep28_1080; CaCl_1350; Caffeine_1080; CaCl_900; CaCl_780; Pep28_30; LL37_1110; Pep28_720; Caffeine_1200; Lysine_390; MgCl_480; LL37_480; Caffeine_90; LL37_420; LL37_180; MgCl_180; MgCl_1110; Caffeine_630; BSA_240; LL37_1140; BSA_600; BSA_690; CaCl_1140; LL37_1050; BSA_1290; Lysozyme_630; Lysine_750; Lysine_1290; Pep28_690; Caffeine_360,C=0.1; class_weight=balanced; gamma=scale; kernel=rbf,1.0,100.0,1.0,100.0
68,PF.QM_Chip3_Chan4,SVM,92,Lysozyme_60; Lysozyme_750; Caffeine_660; Pep28_360; LL37_1020; MgCl_270; BSA_210; CaCl_990; LL37_1350; Lysozyme_30; Caffeine_690; Caffeine_1020; Lysozyme_1170; CaCl_30; LL37_390; BSA_90; Lysozyme_960; Lysozyme_90; Caffeine_570; LL37_750; Caffeine_990; BSA_930; Lysine_690; Lysozyme_1260; MgCl_660; Lysine_240; LL37_300; Lysozyme_1200; Lysozyme_120; MgCl_870; Lysozyme_690; Caffeine_1200; Caffeine_1230; CaCl_540; Pep28_180; LL37_540; MgCl_420; Lysozyme_720; MgCl_1140; LL37_1260; Pep28_570; Lysozyme_1290; Lysozyme_1020; Lysozyme_240; CaCl_780; Caffeine_90; CaCl_90; CaCl_1140; Pep28_1080; LL37_990; CaCl_1350; BSA_1290; Pep28_720; LL37_1110; LL37_180; CaCl_150; MgCl_450; Caffeine_1080; BSA_240; CaCl_270; BSA_600; LL37_30; CaCl_900; Caffeine_360; MgCl_480; MgCl_1110; Pep28_150; Lysine_390; LL37_480; CaCl_1110; LL37_1050; Lysine_750; Lysine_1290; Pep28_30; BSA_690; Lysozyme_630; Pep28_690; Pep28_480; Lysine_600; MgCl_180; BSA_300; MgCl_240; LL37_420; Caffeine_870; MgCl_1170; Caffeine_630; BSA_1260; Lysine_210; Caffeine_1170; LL37_1140; LL37_330; Lysine_30,C=100; class_weight=None; gamma=0.001; kernel=rbf,0.6111111111111112,61.111111111111114,0.3793103448275862,37.93103448275862
69,PF.QM_Chip4_Chan1,SVM,121,Lysozyme_60; Caffeine_660; Lysozyme_750; LL37_1020; Pep28_360; CaCl_990; MgCl_270; Caffeine_1020; Lysozyme_1170; LL37_1350; LL37_390; BSA_210; CaCl_30; Caffeine_690; Lysozyme_960; Caffeine_990; Caffeine_1230; Lysozyme_30; BSA_930; Lysozyme_90; LL37_750; MgCl_660; BSA_90; Lysine_690; Lysozyme_690; Lysine_240; Lysozyme_720; Lysozyme_1260; Lysozyme_1200; LL37_540; Caffeine_570; MgCl_870; LL37_300; Lysozyme_120; CaCl_150; MgCl_420; Lysozyme_1290; MgCl_1140; Pep28_570; CaCl_540; Lysozyme_1020; CaCl_1110; LL37_1260; CaCl_270; CaCl_90; MgCl_450; CaCl_1350; Pep28_720; CaCl_900; Caffeine_1080; Lysozyme_240; CaCl_780; LL37_990; Pep28_30; Pep28_150; Caffeine_1200; Pep28_180; MgCl_480; Pep28_1080; LL37_1140; Lysine_390; LL37_1110; MgCl_1110; BSA_600; LL37_420; LL37_480; CaCl_1140; MgCl_180; BSA_240; Lysine_750; LL37_180; Caffeine_630; MgCl_240; Lysine_1290; Caffeine_360; BSA_1290; Lysozyme_810; Caffeine_30; Lysozyme_630; MgCl_1170; Caffeine_90; MgCl_1020; Pep28_690; BSA_1260; BSA_690; LL37_1050; Caffeine_1050; Lysozyme_270; MgCl_300; MgCl_120; Caffeine_1110; Lysine_600; MgCl_1350; Pep28_480; LL37_30; Lysine_930; Lysine_540; Lysine_1170; MgCl_30; Caffeine_390; Lysine_1050; BSA_1140; Lysozyme_480; Lysozyme_510; BSA_1020; Pep28_90; LL37_840; CaCl_1020; Caffeine_120; Lysine_30; BSA_1200; LL37_330; BSA_390; Lysine_660; Lysine_420; CaCl_300; LL37_1170; Caffeine_930; Lysozyme_840; BSA_300; Lysine_210,C=0.1; class_weight=balanced; gamma=0.01; kernel=rbf,0.9444444444444444,94.44444444444444,0.4857142857142857,48.57142857142857
70,PF.QM_Chip4_Chan2,SVM,80,Lysozyme_60; Lysozyme_750; Caffeine_660; Pep28_360; LL37_1020; CaCl_990; Lysozyme_1170; LL37_390; Caffeine_1020; LL37_1350; Lysozyme_30; Lysozyme_960; MgCl_270; CaCl_30; BSA_210; BSA_90; Lysozyme_90; Caffeine_690; BSA_930; LL37_750; Caffeine_1230; Caffeine_990; MgCl_660; Lysine_240; MgCl_870; Lysozyme_720; Lysine_690; Lysozyme_690; Lysozyme_1200; Lysozyme_1260; LL37_1260; LL37_540; MgCl_420; Caffeine_570; CaCl_150; LL37_300; Lysozyme_120; CaCl_540; MgCl_1140; Pep28_570; CaCl_1110; Lysozyme_1290; CaCl_270; Caffeine_1080; Lysozyme_1020; Lysozyme_240; Pep28_180; CaCl_1350; MgCl_450; Pep28_1080; Pep28_150; Caffeine_1200; LL37_990; LL37_1110; CaCl_90; Pep28_30; LL37_180; CaCl_900; CaCl_780; BSA_690; BSA_240; Pep28_720; Caffeine_630; LL37_480; Caffeine_90; Lysine_390; LL37_420; LL37_1140; MgCl_1110; BSA_1290; CaCl_1140; MgCl_480; BSA_600; Caffeine_30; Lysine_1290; Lysine_750; MgCl_180; Caffeine_360; LL37_1050; Pep28_690,C=1; class_weight=balanced; gamma=0.01; kernel=rbf,1.0,100.0,1.0,100.0
71,PF.QM_Chip4_Chan3,SVM,88,Lysozyme_60; Lysozyme_750; Caffeine_660; LL37_1020; Pep28_360; CaCl_990; Lysozyme_1170; Caffeine_1020; MgCl_270; LL37_390; LL37_1350; Lysozyme_30; Caffeine_690; Lysozyme_960; BSA_210; Lysozyme_90; CaCl_30; BSA_90; BSA_930; Caffeine_990; LL37_750; Lysine_690; Caffeine_1230; Lysozyme_690; MgCl_660; Lysozyme_1260; LL37_540; Lysine_240; Lysozyme_1200; Lysozyme_720; Caffeine_570; Lysozyme_120; CaCl_540; MgCl_870; CaCl_150; MgCl_1140; LL37_300; CaCl_270; LL37_990; CaCl_1110; MgCl_450; CaCl_90; MgCl_420; Lysozyme_1020; Lysozyme_1290; Pep28_570; LL37_1260; Pep28_180; CaCl_1350; Pep28_150; Caffeine_1080; Pep28_1080; CaCl_900; Pep28_30; LL37_1110; MgCl_480; Lysozyme_240; LL37_180; Lysine_390; Pep28_720; LL37_480; Caffeine_1200; MgCl_180; MgCl_240; Caffeine_90; CaCl_780; BSA_600; BSA_1290; Pep28_690; Lysozyme_630; BSA_240; LL37_1050; Lysine_750; LL37_420; LL37_1140; MgCl_1110; BSA_690; CaCl_1140; Pep28_480; LL37_330; Lysine_1290; Caffeine_360; Caffeine_630; Lysozyme_270; Lysozyme_810; Lysine_600; Caffeine_1110; MgCl_1170,C=0.1; class_weight=balanced; gamma=scale; kernel=rbf,1.0,100.0,1.0,100.0
72,PF.QM_Chip4_Chan4,SVM,78,Lysozyme_60; Lysozyme_750; Caffeine_660; LL37_1020; Pep28_360; CaCl_990; Lysozyme_1170; MgCl_270; Caffeine_1020; LL37_390; Lysozyme_30; LL37_1350; Caffeine_690; Lysozyme_960; BSA_210; Lysozyme_90; BSA_930; BSA_90; CaCl_30; Caffeine_990; LL37_750; Lysine_690; Caffeine_1230; MgCl_660; Lysozyme_1260; Lysozyme_690; Lysine_240; LL37_540; Lysozyme_720; Lysozyme_1200; MgCl_870; CaCl_540; Lysozyme_120; Caffeine_570; CaCl_150; MgCl_1140; LL37_300; Pep28_570; CaCl_1110; LL37_990; Lysozyme_1290; Lysozyme_1020; CaCl_270; MgCl_420; LL37_1260; CaCl_90; Pep28_180; MgCl_450; Caffeine_1080; Pep28_150; CaCl_1350; Pep28_1080; CaCl_900; Pep28_30; Lysozyme_240; Caffeine_1200; Pep28_720; LL37_180; MgCl_480; CaCl_780; LL37_1110; LL37_480; Lysine_390; Caffeine_90; MgCl_1110; BSA_240; BSA_600; LL37_1140; MgCl_180; Pep28_690; LL37_420; LL37_1050; BSA_1290; CaCl_1140; BSA_690; Lysine_1290; Caffeine_630; Lysine_750,C=1; class_weight=balanced; gamma=0.01; kernel=rbf,1.0,100.0,1.0,100.0
73,PK.QH_Chip1_Chan1,SVM,85,Lysozyme_60; Caffeine_660; Lysozyme_750; LL37_1020; Pep28_360; CaCl_990; Caffeine_1020; Lysozyme_1170; LL37_1350; MgCl_270; Lysozyme_30; LL37_390; Caffeine_690; BSA_210; Lysozyme_960; Lysozyme_90; BSA_90; BSA_930; CaCl_30; Caffeine_990; LL37_750; Lysozyme_690; Lysine_690; MgCl_660; Lysozyme_1260; Caffeine_1230; Lysozyme_1200; Lysozyme_720; Lysine_240; MgCl_870; Lysozyme_1020; CaCl_270; LL37_540; Caffeine_570; CaCl_150; Caffeine_1080; Pep28_570; Lysozyme_120; CaCl_540; Pep28_180; Lysozyme_1290; LL37_1260; MgCl_1140; MgCl_450; CaCl_1110; LL37_990; LL37_300; Pep28_150; CaCl_90; Pep28_720; Caffeine_90; MgCl_420; MgCl_180; CaCl_900; BSA_240; CaCl_1350; MgCl_480; Pep28_1080; Lysine_390; Caffeine_1110; LL37_1140; Caffeine_1200; LL37_180; MgCl_1110; LL37_1110; Lysine_1290; LL37_480; Lysozyme_240; LL37_1050; BSA_690; Caffeine_630; BSA_1290; BSA_600; LL37_420; CaCl_780; CaCl_1140; BSA_1260; Pep28_480; Pep28_690; Pep28_30; LL37_330; MgCl_1170; Caffeine_360; MgCl_240; Lysine_750,C=10; class_weight=None; gamma=0.01; kernel=rbf,0.8888888888888888,88.88888888888889,0.4705882352941176,47.05882352941176
74,PK.QH_Chip1_Chan2,SVM,78,Lysozyme_60; Caffeine_660; Lysozyme_750; LL37_1020; Pep28_360; CaCl_990; Lysozyme_1170; Caffeine_1020; MgCl_270; LL37_390; LL37_1350; Lysozyme_30; Caffeine_690; BSA_210; Lysozyme_960; CaCl_30; Lysozyme_90; BSA_90; BSA_930; Caffeine_1230; LL37_750; Caffeine_990; Lysine_690; MgCl_660; Lysozyme_690; Lysozyme_1260; Lysine_240; Lysozyme_1200; LL37_540; Lysozyme_720; MgCl_870; Caffeine_570; Lysozyme_120; CaCl_150; Pep28_570; CaCl_540; MgCl_1140; MgCl_420; CaCl_90; Pep28_30; Lysozyme_1290; LL37_990; LL37_300; CaCl_1110; LL37_1260; Lysozyme_1020; CaCl_1350; MgCl_450; CaCl_270; Pep28_180; Pep28_150; CaCl_900; CaCl_780; Caffeine_1080; Pep28_720; Lysozyme_240; MgCl_480; Caffeine_90; LL37_480; Pep28_1080; Caffeine_1200; LL37_420; LL37_1110; Lysine_390; LL37_180; MgCl_1110; BSA_1290; LL37_1050; Pep28_690; MgCl_180; Caffeine_630; BSA_600; BSA_690; CaCl_1140; Caffeine_360; Lysine_1290; Lysozyme_630; LL37_1140,C=1; class_weight=balanced; gamma=0.01; kernel=rbf,1.0,100.0,1.0,100.0
75,PK.QH_Chip1_Chan3,SVM,82,Lysozyme_60; Caffeine_660; Lysozyme_750; LL37_1020; Pep28_360; CaCl_990; Lysozyme_1170; MgCl_270; Caffeine_1020; LL37_1350; Lysozyme_30; Caffeine_690; LL37_390; CaCl_30; BSA_210; Lysozyme_90; Lysozyme_960; Caffeine_1230; BSA_930; BSA_90; LL37_750; Lysozyme_1200; Lysine_690; Lysozyme_690; Caffeine_990; Lysozyme_1260; MgCl_660; Lysine_240; Lysozyme_720; Caffeine_570; Lysozyme_120; Pep28_30; MgCl_870; Pep28_570; CaCl_540; LL37_990; LL37_1260; CaCl_1110; CaCl_150; MgCl_420; MgCl_450; MgCl_1140; Lysozyme_1020; Pep28_180; Pep28_1080; Lysozyme_1290; Pep28_150; LL37_540; CaCl_1350; LL37_300; CaCl_270; CaCl_780; CaCl_90; CaCl_900; LL37_480; Lysozyme_240; Pep28_720; Lysine_390; MgCl_480; MgCl_1110; LL37_1110; Caffeine_1200; Caffeine_1080; LL37_180; LL37_1050; Caffeine_360; MgCl_180; Caffeine_90; LL37_420; Lysine_750; BSA_1290; BSA_240; BSA_600; Caffeine_630; BSA_690; LL37_1140; Lysine_1170; Pep28_690; MgCl_1170; CaCl_1140; MgCl_240; Lysine_1290,C=1; class_weight=balanced; gamma=0.01; kernel=rbf,1.0,100.0,1.0,100.0
76,PK.QH_Chip1_Chan4,SVM,76,Lysozyme_60; Lysozyme_750; Caffeine_660; LL37_1020; CaCl_990; Pep28_360; Lysozyme_1170; Caffeine_1020; LL37_390; MgCl_270; Lysozyme_30; LL37_1350; Caffeine_690; CaCl_30; Lysozyme_960; Lysozyme_90; Caffeine_990; BSA_930; BSA_90; BSA_210; MgCl_660; Caffeine_1230; LL37_750; Lysozyme_1200; Lysine_240; Lysozyme_1260; Lysine_690; Caffeine_570; LL37_300; LL37_540; CaCl_540; Lysozyme_120; MgCl_870; Pep28_570; Lysozyme_720; CaCl_150; MgCl_1140; Lysozyme_690; CaCl_90; Caffeine_1080; Lysozyme_1020; LL37_1260; LL37_990; Pep28_180; MgCl_480; Lysozyme_1290; Lysozyme_240; CaCl_1350; MgCl_420; Pep28_150; LL37_180; BSA_240; Caffeine_90; MgCl_450; CaCl_900; Pep28_30; CaCl_1110; CaCl_780; LL37_1140; Pep28_1080; LL37_480; Caffeine_1200; LL37_1110; Lysine_750; BSA_1290; Lysozyme_270; Lysine_390; MgCl_180; Lysine_1290; Caffeine_630; Lysozyme_630; Pep28_690; BSA_690; BSA_600; LL37_1050; CaCl_1140,C=1; class_weight=balanced; gamma=0.01; kernel=rbf,0.8888888888888888,88.88888888888889,0.4705882352941176,47.05882352941176
77,PK.QH_Chip3_Chan1,SVM,85,Lysozyme_60; Caffeine_660; Lysozyme_750; Pep28_360; LL37_1020; Caffeine_1020; Lysozyme_1170; Caffeine_690; Lysozyme_960; LL37_1350; CaCl_990; LL37_390; MgCl_270; BSA_930; Lysozyme_30; BSA_210; CaCl_30; Lysozyme_90; BSA_90; CaCl_90; Lysine_690; Caffeine_990; LL37_750; Lysozyme_1200; CaCl_1110; CaCl_540; Caffeine_1230; Lysine_240; LL37_540; CaCl_1350; Lysozyme_690; Lysozyme_1260; MgCl_660; CaCl_780; Lysozyme_720; Lysozyme_120; MgCl_870; LL37_990; CaCl_900; LL37_300; Pep28_570; MgCl_450; CaCl_270; Lysozyme_1020; Lysozyme_1290; CaCl_150; MgCl_420; Caffeine_30; Pep28_1080; Caffeine_90; MgCl_1140; LL37_180; Pep28_720; LL37_1260; LL37_1110; Pep28_30; BSA_1290; Pep28_150; Caffeine_1080; Caffeine_630; LL37_480; Caffeine_570; BSA_600; Lysozyme_240; Pep28_690; LL37_420; MgCl_480; Caffeine_1200; Lysine_1290; BSA_1260; MgCl_180; Pep28_180; MgCl_1110; MgCl_240; CaCl_1140; BSA_690; Lysine_750; BSA_240; Lysozyme_270; MgCl_1170; Caffeine_150; Lysine_540; Lysine_930; LL37_1050; LL37_1140,C=0.1; class_weight=balanced; gamma=scale; kernel=rbf,0.3888888888888889,38.88888888888889,0.28,28.000000000000004
78,PK.QH_Chip3_Chan2,SVM,69,Lysozyme_60; Caffeine_660; Lysozyme_750; Pep28_360; LL37_1020; CaCl_990; Lysozyme_1170; BSA_210; LL37_1350; MgCl_270; Lysozyme_960; Lysozyme_30; LL37_390; CaCl_30; Caffeine_1020; Caffeine_690; BSA_930; BSA_90; Lysozyme_90; Caffeine_1230; LL37_750; Lysozyme_690; Lysine_240; MgCl_660; Lysozyme_1260; Lysine_690; LL37_300; Lysozyme_720; CaCl_900; Lysozyme_1200; MgCl_870; MgCl_1140; Caffeine_570; MgCl_420; LL37_540; Lysozyme_120; Pep28_570; Lysozyme_1290; MgCl_450; LL37_1260; Lysozyme_1020; Pep28_1080; BSA_600; CaCl_540; CaCl_1110; CaCl_780; CaCl_90; Lysozyme_240; CaCl_150; LL37_1110; LL37_990; BSA_1290; Lysine_390; Caffeine_990; MgCl_180; Pep28_180; Caffeine_1200; Pep28_150; LL37_480; CaCl_1140; MgCl_480; CaCl_1350; LL37_420; Pep28_720; LL37_180; CaCl_270; LL37_1050; MgCl_1110; Pep28_30,C=1; class_weight=None; gamma=0.01; kernel=rbf,0.7222222222222222,72.22222222222221,0.4193548387096774,41.93548387096774
79,PK.QH_Chip3_Chan3,SVM,75,Lysozyme_60; Lysozyme_750; Caffeine_660; LL37_1020; Pep28_360; CaCl_990; Lysozyme_1170; MgCl_270; LL37_390; Lysozyme_30; Caffeine_1020; LL37_1350; Caffeine_690; Lysozyme_90; Lysozyme_960; BSA_210; CaCl_30; BSA_90; BSA_930; LL37_750; Lysine_690; MgCl_660; Caffeine_1230; Lysozyme_1260; Lysozyme_690; Lysozyme_1200; LL37_540; Lysine_240; Caffeine_990; MgCl_870; Lysozyme_720; CaCl_150; Lysozyme_120; LL37_300; Caffeine_570; CaCl_540; MgCl_1140; Pep28_570; LL37_990; CaCl_1110; Caffeine_1080; Lysozyme_1290; MgCl_450; CaCl_90; CaCl_270; Pep28_180; LL37_1260; Lysozyme_1020; MgCl_420; CaCl_1350; Pep28_30; Pep28_150; Lysozyme_240; Pep28_1080; LL37_180; Pep28_720; LL37_480; MgCl_480; LL37_1110; Caffeine_1200; BSA_240; MgCl_180; Caffeine_90; Lysine_390; BSA_1290; LL37_1140; Caffeine_630; CaCl_1140; MgCl_1110; CaCl_780; Pep28_690; LL37_420; Lysine_1290; LL37_1050; BSA_600,C=1; class_weight=balanced; gamma=0.01; kernel=rbf,1.0,100.0,1.0,100.0
80,PK.QH_Chip3_Chan4,SVM,73,Lysozyme_60; Lysozyme_750; Caffeine_660; BSA_210; Pep28_360; Lysozyme_1170; LL37_1020; CaCl_990; LL37_1350; Lysozyme_90; Caffeine_1020; LL37_390; Lysozyme_960; MgCl_270; Lysine_690; Caffeine_1230; BSA_90; Lysozyme_30; Caffeine_690; BSA_930; MgCl_660; CaCl_30; Caffeine_570; Caffeine_990; Lysozyme_120; Lysozyme_720; LL37_750; Lysozyme_1200; Lysine_240; LL37_540; Lysozyme_1260; CaCl_270; Lysozyme_690; CaCl_540; MgCl_1140; Pep28_570; MgCl_420; LL37_990; CaCl_150; MgCl_870; CaCl_1110; Lysine_390; LL37_1260; MgCl_450; Lysozyme_240; Lysozyme_1020; Pep28_150; Caffeine_1080; BSA_240; MgCl_30; BSA_1290; MgCl_1170; Lysozyme_1290; Lysozyme_630; Pep28_180; LL37_1140; BSA_690; LL37_180; MgCl_300; MgCl_180; Pep28_690; Pep28_1080; MgCl_120; BSA_1140; Pep28_720; MgCl_1110; Caffeine_90; Caffeine_1200; Lysine_750; LL37_1110; Lysozyme_510; MgCl_240; LL37_300,C=1; class_weight=balanced; gamma=0.01; kernel=rbf,0.2222222222222222,22.22222222222222,0.1818181818181818,18.18181818181818
81,PK.QH_Chip4_Chan1,SVM,162,Lysozyme_60; Lysozyme_750; LL37_1020; CaCl_990; Caffeine_660; Lysozyme_30; BSA_90; MgCl_270; Caffeine_1020; BSA_210; LL37_390; Caffeine_1230; Lysozyme_1170; Caffeine_690; Lysine_690; LL37_1350; MgCl_420; Caffeine_990; Lysozyme_690; MgCl_870; Lysine_240; Caffeine_570; Lysozyme_960; BSA_930; Lysozyme_720; Lysozyme_90; CaCl_30; Lysozyme_1260; CaCl_1110; Lysozyme_1200; LL37_540; LL37_300; CaCl_150; MgCl_660; CaCl_90; Caffeine_1200; LL37_750; Pep28_1080; Lysozyme_1290; MgCl_1140; CaCl_270; LL37_1140; Pep28_720; Lysozyme_240; Lysozyme_120; Lysozyme_1020; MgCl_180; MgCl_90; Pep28_90; LL37_1050; CaCl_900; BSA_1290; CaCl_540; LL37_480; Pep28_360; LL37_1260; Pep28_480; CaCl_1350; Caffeine_1080; Caffeine_90; BSA_600; BSA_1260; BSA_1320; Lysine_390; Caffeine_630; Lysozyme_810; Pep28_570; MgCl_1110; MgCl_120; BSA_30; BSA_390; MgCl_480; CaCl_780; MgCl_450; Lysozyme_630; LL37_180; MgCl_60; Lysine_750; BSA_240; BSA_1140; Lysine_1290; Caffeine_390; Caffeine_120; CaCl_1140; MgCl_300; Lysozyme_270; LL37_420; Pep28_150; Lysine_1170; Lysine_30; CaCl_1020; Lysine_930; Lysine_210; Caffeine_360; Lysozyme_480; MgCl_1320; MgCl_240; BSA_300; MgCl_1020; LL37_1110; CaCl_300; Caffeine_1050; Lysine_1050; Pep28_180; Lysine_1230; LL37_930; LL37_690; Caffeine_870; Pep28_810; LL37_330; Pep28_330; BSA_1200; LL37_30; CaCl_1170; Pep28_30; Lysozyme_300; LL37_360; LL37_990; Caffeine_1110; Caffeine_150; MgCl_330; Lysine_900; Caffeine_510; Caffeine_1140; BSA_1350; CaCl_1290; Lysozyme_1050; Lysine_1260; CaCl_390; Lysine_600; BSA_660; Lysine_420; Lysozyme_510; Pep28_210; Pep28_780; Lysozyme_1350; Pep28_870; BSA_1020; MgCl_780; MgCl_960; Lysine_660; CaCl_480; BSA_690; BSA_990; Caffeine_450; MgCl_990; Caffeine_1170; LL37_840; Lysozyme_390; Lysine_540; MgCl_1230; Lysine_360; BSA_750; MgCl_630; Pep28_690; Lysine_1350; BSA_150; CaCl_660; Lysozyme_900; LL37_450; Caffeine_780; LL37_720,C=0.1; class_weight=balanced; gamma=scale; kernel=rbf,0.1666666666666666,16.66666666666666,0.1428571428571428,14.28571428571428
82,PK.QH_Chip4_Chan2,SVM,83,Lysozyme_60; Lysozyme_750; Caffeine_660; LL37_1020; Pep28_360; CaCl_990; Lysozyme_1170; Lysozyme_30; Caffeine_1020; LL37_1350; MgCl_270; LL37_390; BSA_210; Lysozyme_960; Caffeine_690; CaCl_30; Lysozyme_90; BSA_930; Lysine_690; Caffeine_1230; Caffeine_990; LL37_750; Lysozyme_1260; BSA_90; MgCl_660; Lysine_240; Lysozyme_1200; Lysozyme_690; MgCl_870; LL37_540; Lysozyme_720; MgCl_1140; Caffeine_570; CaCl_540; CaCl_270; CaCl_150; Lysozyme_120; LL37_990; Pep28_570; LL37_300; Lysozyme_1020; CaCl_1110; MgCl_450; CaCl_90; Pep28_30; Lysozyme_1290; Caffeine_1080; CaCl_1350; Pep28_180; MgCl_420; LL37_1260; Pep28_150; LL37_480; LL37_1110; Caffeine_630; Lysozyme_240; LL37_180; Pep28_1080; CaCl_780; Caffeine_1200; CaCl_900; BSA_690; BSA_240; Lysine_390; Pep28_720; BSA_600; LL37_1140; MgCl_1110; MgCl_240; Pep28_690; MgCl_480; Caffeine_90; LL37_420; Pep28_480; Lysine_1290; MgCl_180; Caffeine_360; BSA_1290; LL37_1050; CaCl_1140; Lysozyme_630; Lysine_750; Lysozyme_810,C=1; class_weight=balanced; gamma=0.01; kernel=rbf,0.9444444444444444,94.44444444444444,0.4857142857142857,48.57142857142857
83,PK.QH_Chip4_Chan3,SVM,80,Lysozyme_60; Lysozyme_750; Caffeine_660; LL37_1020; Pep28_360; CaCl_990; Lysozyme_1170; Caffeine_1020; MgCl_270; LL37_390; Lysozyme_30; LL37_1350; Caffeine_690; Lysozyme_960; BSA_210; Lysozyme_90; CaCl_30; BSA_930; BSA_90; Caffeine_990; LL37_750; Caffeine_1230; Lysine_690; MgCl_660; Lysozyme_690; Lysine_240; Lysozyme_1200; Lysozyme_1260; LL37_540; Lysozyme_720; MgCl_870; Caffeine_570; LL37_300; CaCl_540; Lysozyme_120; CaCl_150; Pep28_570; MgCl_1140; CaCl_1110; Lysozyme_1020; MgCl_450; Lysozyme_1290; LL37_990; LL37_1260; CaCl_270; Pep28_180; MgCl_420; CaCl_90; Pep28_150; CaCl_1350; Caffeine_1080; Lysozyme_240; CaCl_900; Pep28_1080; Pep28_30; CaCl_780; Caffeine_1200; LL37_1110; Pep28_720; MgCl_480; LL37_480; Lysine_390; Caffeine_90; LL37_180; MgCl_180; LL37_420; BSA_600; BSA_240; LL37_1050; LL37_1140; MgCl_1110; BSA_1290; Caffeine_630; Lysine_1290; Pep28_690; BSA_690; CaCl_1140; Caffeine_360; Lysine_750; Lysozyme_630,C=1; class_weight=None; gamma=scale; kernel=rbf,1.0,100.0,1.0,100.0
84,PK.QH_Chip4_Chan4,SVM,126,Lysozyme_60; Lysozyme_750; Caffeine_660; Pep28_360; Caffeine_990; CaCl_30; CaCl_990; BSA_210; LL37_1350; LL37_1020; MgCl_270; Caffeine_1020; LL37_390; BSA_930; Lysine_690; Caffeine_690; Lysozyme_960; LL37_300; Lysozyme_690; Lysozyme_90; MgCl_660; CaCl_150; LL37_750; Caffeine_1230; Lysozyme_720; Lysozyme_1170; MgCl_870; Lysozyme_120; MgCl_450; Lysine_240; LL37_480; Pep28_30; Pep28_180; BSA_330; LL37_180; Lysozyme_240; CaCl_540; Lysozyme_1260; Lysozyme_1020; CaCl_1140; CaCl_1110; MgCl_420; Lysozyme_30; Caffeine_570; Pep28_150; LL37_540; CaCl_900; LL37_1110; MgCl_480; BSA_1290; LL37_1260; MgCl_1140; Lysozyme_1290; Pep28_570; LL37_990; BSA_600; CaCl_780; MgCl_1350; CaCl_270; MgCl_180; LL37_1050; MgCl_1170; Lysine_1170; Lysozyme_630; LL37_420; Caffeine_1080; BSA_240; Lysine_420; LL37_330; Pep28_480; Lysozyme_1200; Caffeine_1110; Caffeine_90; CaCl_1350; Lysine_1290; Caffeine_1200; Lysine_210; Caffeine_150; BSA_1140; Lysine_660; MgCl_1110; Pep28_720; Caffeine_360; LL37_150; CaCl_90; Lysine_1050; Lysozyme_480; LL37_360; Lysozyme_810; Lysine_390; Caffeine_120; Lysozyme_510; Pep28_1080; MgCl_840; MgCl_330; Lysine_600; LL37_1170; LL37_690; MgCl_930; Pep28_690; Caffeine_630; Caffeine_390; LL37_1140; CaCl_1020; Lysine_510; BSA_1200; Lysine_930; BSA_390; CaCl_1290; Pep28_810; MgCl_600; LL37_510; MgCl_300; BSA_1260; Lysozyme_390; MgCl_120; BSA_1350; CaCl_1170; CaCl_390; MgCl_1020; BSA_690; Caffeine_30; Pep28_120; Lysozyme_1050; BSA_1230; BSA_660,C=0.1; class_weight=balanced; gamma=scale; kernel=rbf,0.0555555555555555,5.55555555555555,0.0526315789473684,5.26315789473684
85,PK.QL_Chip1_Chan1,SVM,83,Lysozyme_60; Lysozyme_750; LL37_1020; Pep28_360; CaCl_990; Caffeine_660; Lysozyme_1170; Lysozyme_30; Caffeine_1020; LL37_390; LL37_1350; MgCl_270; Lysozyme_960; BSA_210; CaCl_30; BSA_930; Lysozyme_90; MgCl_660; LL37_750; BSA_90; Lysozyme_1200; Lysine_240; Caffeine_990; Lysine_690; Lysozyme_720; Pep28_570; MgCl_870; LL37_540; Lysozyme_1260; CaCl_150; Caffeine_690; CaCl_540; LL37_300; Lysozyme_120; Pep28_150; Caffeine_570; Caffeine_1230; CaCl_1350; CaCl_1110; Lysozyme_690; MgCl_1140; CaCl_90; LL37_1260; Pep28_180; Lysozyme_240; MgCl_450; LL37_990; Caffeine_1200; Lysozyme_1290; CaCl_900; CaCl_270; LL37_180; LL37_1110; LL37_480; Pep28_1080; Pep28_30; Lysozyme_1020; Caffeine_90; CaCl_1140; MgCl_420; LL37_420; Lysine_1290; Lysine_750; MgCl_240; MgCl_180; CaCl_780; Caffeine_1080; BSA_600; Lysine_390; MgCl_1110; BSA_1290; Caffeine_360; BSA_690; Caffeine_630; Pep28_690; Pep28_720; BSA_240; LL37_1050; LL37_1140; Lysine_540; Lysozyme_810; Caffeine_1110; Lysozyme_630,C=0.1; class_weight=balanced; gamma=scale; kernel=rbf,0.6111111111111112,61.111111111111114,0.3793103448275862,37.93103448275862
86,PK.QL_Chip1_Chan2,SVM,81,Lysozyme_60; Lysozyme_750; Caffeine_660; LL37_1020; Pep28_360; CaCl_990; Lysozyme_1170; Caffeine_1020; MgCl_270; LL37_390; LL37_1350; Lysozyme_30; Caffeine_690; Lysozyme_960; BSA_210; Lysozyme_90; CaCl_30; BSA_90; BSA_930; LL37_750; Caffeine_990; Lysine_690; Caffeine_1230; MgCl_660; Lysozyme_1260; Lysine_240; Lysozyme_690; Lysozyme_1200; LL37_540; MgCl_870; Lysozyme_720; CaCl_540; Caffeine_570; Lysozyme_120; CaCl_150; LL37_300; Lysozyme_1290; MgCl_420; MgCl_1140; Pep28_570; CaCl_270; CaCl_1110; Caffeine_1080; Lysozyme_1020; LL37_990; MgCl_450; Pep28_180; CaCl_90; LL37_1260; Pep28_150; CaCl_1350; LL37_1110; CaCl_900; Pep28_30; Lysozyme_240; Pep28_1080; CaCl_780; MgCl_480; LL37_180; Caffeine_1200; Pep28_720; Caffeine_90; LL37_480; MgCl_1110; Lysine_390; BSA_600; Lysine_1290; MgCl_180; LL37_1140; Pep28_690; BSA_1290; LL37_420; CaCl_1140; LL37_1050; BSA_690; BSA_240; Lysozyme_630; Pep28_480; Caffeine_360; Caffeine_630; Lysine_750,C=1; class_weight=balanced; gamma=scale; kernel=rbf,0.9444444444444444,94.44444444444444,0.4857142857142857,48.57142857142857
87,PK.QL_Chip1_Chan3,SVM,95,Lysozyme_750; Lysozyme_60; LL37_1020; CaCl_990; Lysozyme_1170; Pep28_360; Caffeine_660; MgCl_270; Lysozyme_30; Caffeine_1020; LL37_390; CaCl_30; Lysozyme_960; Lysozyme_720; LL37_1350; Caffeine_1230; Lysine_690; BSA_90; Lysozyme_90; LL37_300; BSA_210; Pep28_150; Lysozyme_690; Caffeine_990; BSA_930; Lysozyme_1260; CaCl_150; LL37_1260; MgCl_870; LL37_1110; LL37_540; CaCl_270; LL37_750; Pep28_570; CaCl_90; CaCl_900; Lysozyme_1200; LL37_990; CaCl_540; Caffeine_570; MgCl_480; MgCl_1140; Lysozyme_120; LL37_1140; Lysozyme_240; CaCl_780; Pep28_30; LL37_1050; CaCl_1110; MgCl_300; Caffeine_690; Lysozyme_270; MgCl_660; Caffeine_1080; Caffeine_90; Caffeine_1200; LL37_480; Pep28_720; MgCl_1110; MgCl_450; Lysozyme_510; Caffeine_390; BSA_1260; Pep28_180; CaCl_1140; Lysine_390; Caffeine_1110; Caffeine_360; CaCl_1350; BSA_1290; CaCl_1020; Lysozyme_630; LL37_180; MgCl_30; BSA_690; Caffeine_630; MgCl_420; BSA_390; MgCl_180; Lysine_930; MgCl_120; Lysozyme_300; Lysine_240; Pep28_690; BSA_30; Pep28_90; MgCl_1170; Pep28_1080; Lysine_1290; Lysine_750; Caffeine_120; Lysine_30; BSA_240; BSA_600; LL37_420,C=0.1; class_weight=balanced; gamma=0.01; kernel=rbf,0.1111111111111111,11.11111111111111,0.1,10.0
88,PK.QL_Chip1_Chan4,SVM,110,Lysozyme_60; Lysozyme_750; Pep28_360; LL37_1020; Caffeine_690; Caffeine_660; MgCl_270; Lysozyme_1170; CaCl_990; BSA_210; BSA_90; Lysozyme_960; BSA_930; LL37_1350; Lysozyme_90; Caffeine_1020; LL37_390; Caffeine_990; CaCl_30; Lysozyme_30; CaCl_150; CaCl_90; Lysine_690; Lysozyme_720; Pep28_1080; MgCl_660; LL37_540; Lysozyme_1020; Lysine_240; Caffeine_1230; LL37_750; Lysozyme_1260; Lysozyme_690; Pep28_570; MgCl_870; Caffeine_1200; MgCl_1140; Lysozyme_120; Lysozyme_240; CaCl_540; Lysozyme_1200; LL37_300; CaCl_1110; Caffeine_30; Caffeine_570; Pep28_180; LL37_990; LL37_480; MgCl_480; LL37_180; CaCl_900; LL37_1140; Caffeine_360; MgCl_450; Pep28_30; CaCl_1350; BSA_240; MgCl_120; BSA_690; Lysine_390; Lysine_1050; Caffeine_150; Lysozyme_1290; CaCl_390; CaCl_270; LL37_420; MgCl_180; LL37_1260; CaCl_1020; CaCl_420; Lysozyme_810; MgCl_1110; Caffeine_630; Caffeine_90; BSA_1290; Lysine_1170; MgCl_420; Lysine_750; BSA_390; MgCl_1170; BSA_1260; Pep28_480; LL37_1050; LL37_330; BSA_600; Lysozyme_510; Caffeine_1050; Caffeine_120; Pep28_810; CaCl_1140; LL37_1110; BSA_300; CaCl_780; Pep28_150; Pep28_720; MgCl_240; Caffeine_1110; LL37_1170; MgCl_1350; Lysine_840; Lysine_600; LL37_30; Pep28_690; MgCl_300; Lysozyme_840; CaCl_1170; BSA_1140; Lysozyme_480; Lysozyme_630; MgCl_1020,C=0.1; class_weight=balanced; gamma=scale; kernel=rbf,0.4444444444444444,44.44444444444444,0.3076923076923077,30.76923076923077
89,PK.QL_Chip3_Chan1,SVM,78,Lysozyme_60; Caffeine_660; Lysozyme_750; LL37_1020; Pep28_360; CaCl_990; Lysozyme_1170; Caffeine_1020; MgCl_270; LL37_390; LL37_1350; BSA_210; Lysozyme_960; Caffeine_690; Lysozyme_30; CaCl_30; BSA_90; Lysozyme_90; BSA_930; Caffeine_990; LL37_750; Caffeine_1230; Lysine_690; MgCl_660; Lysozyme_690; Lysozyme_1260; Lysozyme_1200; Lysine_240; MgCl_870; Lysozyme_720; LL37_540; Caffeine_570; Lysozyme_120; CaCl_540; CaCl_150; LL37_300; Pep28_570; Lysozyme_1020; MgCl_1140; Lysozyme_1290; MgCl_420; CaCl_1110; CaCl_270; CaCl_90; LL37_990; LL37_1260; MgCl_450; Pep28_180; Pep28_150; CaCl_1350; Lysozyme_240; CaCl_900; Pep28_1080; Caffeine_1080; LL37_1110; CaCl_780; Caffeine_1200; Pep28_720; Pep28_30; MgCl_480; LL37_480; Lysine_390; LL37_180; MgCl_180; Caffeine_90; BSA_600; LL37_1140; MgCl_1110; Caffeine_630; LL37_420; BSA_240; LL37_1050; BSA_690; CaCl_1140; Lysozyme_630; Lysine_750; Pep28_690; Caffeine_360,C=1; class_weight=None; gamma=scale; kernel=rbf,1.0,100.0,1.0,100.0
90,PK.QL_Chip3_Chan2,SVM,68,Caffeine_660; Lysozyme_750; Lysozyme_60; Pep28_360; LL37_1020; MgCl_270; Caffeine_1020; LL37_1350; Lysozyme_1170; BSA_90; Lysozyme_90; Caffeine_1230; CaCl_990; CaCl_30; MgCl_870; Lysozyme_960; Lysine_690; Caffeine_990; LL37_390; Caffeine_690; MgCl_660; BSA_210; Lysozyme_30; Lysozyme_720; Lysozyme_1260; Lysine_240; LL37_750; Lysozyme_1200; Lysozyme_1020; Lysozyme_690; LL37_990; Caffeine_570; CaCl_540; MgCl_420; LL37_1110; LL37_1260; CaCl_150; CaCl_270; CaCl_780; Caffeine_360; Lysozyme_120; MgCl_300; MgCl_1140; BSA_30; Lysozyme_240; LL37_300; CaCl_1350; Lysozyme_1290; MgCl_90; CaCl_90; Pep28_150; LL37_540; CaCl_1110; Lysine_390; MgCl_450; MgCl_180; Pep28_1080; Lysine_660; Pep28_570; Pep28_180; Lysozyme_630; MgCl_480; Pep28_30; Pep28_720; Caffeine_630; Caffeine_1200; Caffeine_1080; Caffeine_90,C=1; class_weight=None; gamma=0.01; kernel=rbf,0.5555555555555556,55.55555555555556,0.3571428571428571,35.71428571428571
91,PK.QL_Chip3_Chan3,SVM,93,Lysozyme_60; Lysozyme_750; Caffeine_660; LL37_1020; Pep28_360; CaCl_990; Lysozyme_1170; MgCl_270; Caffeine_1020; BSA_210; LL37_390; LL37_1350; Caffeine_690; Lysozyme_960; Lysozyme_30; CaCl_30; Lysozyme_90; BSA_930; BSA_90; Caffeine_990; Caffeine_1230; Lysine_690; LL37_750; MgCl_660; Lysozyme_690; Lysozyme_1200; Lysine_240; Lysozyme_1260; Lysozyme_720; LL37_540; MgCl_870; Lysozyme_120; Caffeine_570; CaCl_540; LL37_300; CaCl_150; Pep28_570; CaCl_90; MgCl_420; MgCl_1140; Lysozyme_1290; Lysozyme_1020; LL37_1260; CaCl_270; CaCl_1110; MgCl_450; LL37_990; Pep28_180; Lysozyme_240; Pep28_150; Caffeine_1080; Pep28_1080; CaCl_1350; CaCl_900; Caffeine_1200; Pep28_720; Pep28_30; CaCl_780; LL37_1110; MgCl_480; Lysine_390; Caffeine_90; LL37_480; LL37_180; LL37_1050; LL37_1140; CaCl_1140; LL37_420; BSA_600; MgCl_1110; BSA_1290; MgCl_180; BSA_240; BSA_690; Caffeine_630; Lysozyme_630; Lysine_750; Lysine_1290; Pep28_690; MgCl_1170; Caffeine_360; Lysozyme_810; LL37_330; Pep28_480; MgCl_240; BSA_1260; Caffeine_1110; Lysine_600; Lysozyme_270; Lysine_1170; MgCl_120; BSA_390; Caffeine_1050,C=0.1; class_weight=balanced; gamma=0.01; kernel=rbf,0.9444444444444444,94.44444444444444,0.4857142857142857,48.57142857142857
92,PK.QL_Chip3_Chan4,SVM,80,Lysozyme_60; Caffeine_660; Lysozyme_750; LL37_1020; Pep28_360; Lysozyme_1170; MgCl_270; CaCl_990; LL37_390; LL37_1350; Caffeine_1020; BSA_210; CaCl_30; Lysozyme_960; Caffeine_690; Lysozyme_30; BSA_90; Caffeine_1230; Lysozyme_690; Lysozyme_1200; Caffeine_990; Lysozyme_90; LL37_750; MgCl_660; Caffeine_570; MgCl_870; Lysine_240; LL37_300; Lysozyme_1260; BSA_930; Lysine_690; MgCl_420; Pep28_570; CaCl_540; LL37_540; LL37_1260; CaCl_150; MgCl_1140; Lysozyme_1020; Lysozyme_120; Lysozyme_1290; Lysozyme_720; CaCl_1110; CaCl_270; LL37_480; Pep28_180; CaCl_90; MgCl_450; LL37_420; Pep28_150; Pep28_30; CaCl_1350; Lysozyme_240; Pep28_1080; Lysine_390; LL37_1050; MgCl_180; Caffeine_1080; LL37_990; CaCl_900; Caffeine_1200; Pep28_720; CaCl_780; LL37_30; MgCl_480; Caffeine_630; Lysine_750; LL37_1140; LL37_180; BSA_600; CaCl_1140; LL37_1110; Lysozyme_810; BSA_690; MgCl_1110; Lysine_1290; Caffeine_90; BSA_240; Lysozyme_630; Caffeine_360,C=0.1; class_weight=balanced; gamma=0.01; kernel=rbf,0.8888888888888888,88.88888888888889,0.4705882352941176,47.05882352941176
93,PK.QL_Chip4_Chan1,SVM,77,Lysozyme_60; Caffeine_660; Lysozyme_750; LL37_1020; Pep28_360; CaCl_990; Lysozyme_1170; Caffeine_1020; MgCl_270; LL37_390; LL37_1350; Lysozyme_30; Caffeine_690; Lysozyme_960; BSA_210; CaCl_30; Lysozyme_90; BSA_90; BSA_930; Caffeine_1230; LL37_750; Caffeine_990; Lysine_690; Lysine_240; MgCl_660; Lysozyme_690; Lysozyme_1260; LL37_540; Lysozyme_720; Lysozyme_1200; MgCl_870; Caffeine_570; Lysozyme_120; LL37_300; CaCl_540; MgCl_1140; Lysozyme_1290; Pep28_570; CaCl_270; CaCl_90; MgCl_450; LL37_990; CaCl_150; Pep28_150; Pep28_180; Lysozyme_1020; LL37_1260; CaCl_1110; MgCl_420; Caffeine_1080; CaCl_900; Pep28_1080; CaCl_1350; MgCl_480; Lysozyme_240; LL37_1110; CaCl_780; Pep28_30; Caffeine_1200; LL37_480; Pep28_720; BSA_240; LL37_180; Caffeine_90; Lysine_390; MgCl_180; BSA_600; LL37_1140; Pep28_690; MgCl_1110; Lysine_750; CaCl_1140; BSA_690; LL37_420; Caffeine_630; Lysozyme_630; Lysine_1290,C=1; class_weight=balanced; gamma=scale; kernel=rbf,1.0,100.0,1.0,100.0
94,PK.QL_Chip4_Chan2,SVM,114,Lysozyme_750; Lysozyme_60; Caffeine_660; LL37_1020; Pep28_360; CaCl_990; Caffeine_1020; Lysozyme_1170; MgCl_270; LL37_1350; LL37_390; BSA_90; Lysozyme_30; BSA_210; Caffeine_690; Lysozyme_960; LL37_750; BSA_930; CaCl_30; Lysine_690; Caffeine_1230; Lysozyme_1260; MgCl_870; Lysozyme_1200; MgCl_660; Lysozyme_720; Caffeine_990; LL37_540; Lysozyme_690; Lysozyme_90; Lysozyme_1020; CaCl_1110; CaCl_270; Lysine_240; Caffeine_570; MgCl_1110; CaCl_540; Lysozyme_240; CaCl_90; LL37_300; MgCl_420; Pep28_150; MgCl_450; CaCl_900; Lysozyme_120; MgCl_1140; Pep28_720; Pep28_30; Pep28_180; Caffeine_1080; CaCl_150; LL37_990; LL37_1260; LL37_1050; BSA_240; Lysozyme_1290; Pep28_570; LL37_480; LL37_420; Caffeine_90; CaCl_1350; Lysine_390; MgCl_480; LL37_180; Lysine_750; Caffeine_630; Pep28_1080; Caffeine_1200; Pep28_690; BSA_1290; LL37_1140; CaCl_780; Lysine_1290; MgCl_180; Lysozyme_630; Lysine_840; Lysozyme_810; LL37_1110; BSA_600; Pep28_480; LL37_330; Lysine_930; Caffeine_360; LL37_30; Lysine_210; BSA_690; Lysozyme_270; Lysine_540; BSA_300; Lysine_600; Lysozyme_510; MgCl_1350; MgCl_120; MgCl_240; CaCl_1020; MgCl_1020; MgCl_300; Caffeine_120; MgCl_1170; Caffeine_30; Lysine_900; BSA_1200; LL37_1170; LL37_840; BSA_390; Pep28_90; Lysine_1170; Lysine_420; BSA_1260; CaCl_1140; BSA_1140; Caffeine_1050; Caffeine_930; CaCl_1290,C=0.1; class_weight=balanced; gamma=0.01; kernel=rbf,0.6111111111111112,61.111111111111114,0.3793103448275862,37.93103448275862
95,PK.QL_Chip4_Chan3,SVM,94,Lysozyme_60; Lysozyme_750; Caffeine_660; LL37_1020; Pep28_360; CaCl_990; Lysozyme_1170; MgCl_270; Caffeine_1020; LL37_390; LL37_1350; Lysozyme_960; Caffeine_690; Lysozyme_30; Lysozyme_90; BSA_210; CaCl_30; BSA_90; BSA_930; LL37_750; Lysine_690; Caffeine_990; Caffeine_1230; Lysozyme_1260; MgCl_660; Lysine_240; Lysozyme_690; Lysozyme_720; MgCl_870; Lysozyme_1200; CaCl_540; MgCl_1140; Lysozyme_120; Caffeine_570; LL37_300; Pep28_570; LL37_540; MgCl_420; CaCl_150; LL37_1260; CaCl_270; Caffeine_1080; CaCl_1110; Lysozyme_1290; Lysozyme_1020; Pep28_180; Lysine_390; Pep28_30; CaCl_90; MgCl_450; CaCl_1350; LL37_990; Pep28_150; Lysozyme_240; CaCl_900; Pep28_1080; MgCl_480; LL37_1110; Caffeine_1200; Pep28_720; CaCl_780; Caffeine_90; LL37_480; LL37_180; BSA_600; LL37_1050; BSA_1290; BSA_240; MgCl_180; LL37_1140; Caffeine_360; Lysine_1290; Caffeine_630; Pep28_480; Lysine_750; MgCl_1110; MgCl_30; Pep28_690; LL37_330; Lysozyme_630; Lysozyme_480; Caffeine_30; CaCl_1140; Lysozyme_270; BSA_690; MgCl_240; MgCl_1170; Caffeine_1110; LL37_420; BSA_1140; Lysine_1170; Lysine_600; Lysozyme_810; LL37_1170,C=10; class_weight=None; gamma=0.01; kernel=rbf,0.8888888888888888,88.88888888888889,0.4705882352941176,47.05882352941176
96,PK.QL_Chip4_Chan4,SVM,79,Lysozyme_60; Caffeine_660; Lysozyme_750; LL37_1020; Pep28_360; CaCl_990; Caffeine_1020; MgCl_270; Lysozyme_1170; LL37_1350; Lysozyme_30; Lysozyme_960; Caffeine_690; LL37_390; BSA_210; BSA_90; BSA_930; LL37_750; CaCl_30; Lysozyme_90; Caffeine_990; Caffeine_1230; Lysine_690; LL37_540; MgCl_660; Lysine_240; Lysozyme_690; Lysozyme_720; MgCl_870; Lysozyme_1260; Lysozyme_120; Lysozyme_1200; CaCl_150; CaCl_1110; Pep28_570; Caffeine_570; LL37_300; CaCl_540; Lysozyme_1020; MgCl_450; LL37_1260; Lysozyme_1290; MgCl_1140; MgCl_420; Caffeine_1080; CaCl_1350; Pep28_1080; CaCl_270; LL37_990; Pep28_150; Pep28_180; CaCl_900; CaCl_780; Caffeine_1200; Lysozyme_240; LL37_480; CaCl_90; Pep28_720; LL37_180; Pep28_30; MgCl_480; Caffeine_90; BSA_600; LL37_1110; Lysine_390; BSA_240; CaCl_1140; LL37_420; Pep28_690; MgCl_1110; MgCl_180; LL37_1140; Lysine_1290; BSA_1290; Caffeine_630; Lysozyme_630; Lysine_750; BSA_690; LL37_1050,C=1; class_weight=balanced; gamma=scale; kernel=rbf,1.0,100.0,1.0,100.0
97,PK.QM_Chip1_Chan1,SVM,76,Lysozyme_60; Lysozyme_750; Caffeine_660; LL37_1020; Pep28_360; CaCl_990; Lysozyme_1170; Caffeine_1020; LL37_390; Lysozyme_30; MgCl_270; LL37_1350; Caffeine_690; Lysozyme_960; BSA_210; CaCl_30; BSA_90; Lysozyme_90; BSA_930; Caffeine_990; LL37_750; Caffeine_1230; Lysine_690; MgCl_660; Lysozyme_690; LL37_540; Caffeine_570; Lysozyme_1200; Lysozyme_1260; MgCl_870; Lysine_240; CaCl_150; Lysozyme_120; CaCl_540; LL37_300; Pep28_150; MgCl_1140; CaCl_1110; Pep28_570; Lysozyme_1020; LL37_990; MgCl_450; Lysozyme_1290; CaCl_270; CaCl_90; Pep28_180; LL37_1260; Lysozyme_720; Caffeine_1080; Caffeine_1200; MgCl_420; Lysozyme_240; CaCl_1350; CaCl_900; CaCl_780; Pep28_1080; LL37_1110; Pep28_30; Caffeine_90; LL37_180; MgCl_1110; MgCl_180; BSA_240; BSA_600; Lysine_390; LL37_420; LL37_480; LL37_1140; BSA_1290; LL37_1050; Pep28_720; Lysine_1290; CaCl_1140; MgCl_480; Pep28_690; BSA_690,C=1; class_weight=balanced; gamma=0.01; kernel=rbf,0.9444444444444444,94.44444444444444,0.4857142857142857,48.57142857142857
98,PK.QM_Chip1_Chan2,SVM,77,Caffeine_660; Lysozyme_750; Lysozyme_60; LL37_1020; Pep28_360; MgCl_270; Lysozyme_1170; CaCl_990; LL37_1350; Caffeine_1020; Lysozyme_30; Lysozyme_90; Caffeine_690; CaCl_30; LL37_390; BSA_210; Lysozyme_960; BSA_930; LL37_750; Caffeine_990; BSA_90; Caffeine_1230; Lysine_240; MgCl_660; Lysozyme_1260; Lysozyme_1200; MgCl_870; Lysine_690; LL37_300; CaCl_150; Caffeine_570; Lysozyme_120; CaCl_540; Lysozyme_690; Pep28_570; LL37_540; LL37_990; Pep28_720; Lysozyme_1290; MgCl_450; MgCl_1140; CaCl_900; LL37_1260; CaCl_90; Lysine_750; CaCl_270; MgCl_480; Lysozyme_720; CaCl_1110; Pep28_1080; Lysine_390; Caffeine_1080; CaCl_780; CaCl_1350; Pep28_180; LL37_180; MgCl_420; Lysozyme_1020; Caffeine_90; Lysozyme_240; CaCl_1140; Pep28_690; Caffeine_630; LL37_1110; MgCl_240; LL37_1050; BSA_690; BSA_240; LL37_480; Pep28_30; LL37_1140; Pep28_150; LL37_420; BSA_600; Lysozyme_270; MgCl_1170; MgCl_180,C=0.1; class_weight=balanced; gamma=scale; kernel=rbf,0.9444444444444444,94.44444444444444,0.4857142857142857,48.57142857142857
99,PK.QM_Chip1_Chan3,SVM,87,Lysozyme_60; Caffeine_660; LL37_1020; Pep28_360; Lysozyme_750; CaCl_990; Caffeine_1020; Lysozyme_1170; LL37_1350; MgCl_270; LL37_390; Lysozyme_30; BSA_90; Caffeine_690; BSA_930; BSA_210; Caffeine_1230; CaCl_30; Lysozyme_690; Lysozyme_90; Lysozyme_960; LL37_750; Caffeine_990; Lysine_240; Lysine_690; LL37_540; MgCl_660; Lysozyme_1260; MgCl_420; Caffeine_570; MgCl_1140; Lysozyme_1290; MgCl_450; CaCl_270; CaCl_540; MgCl_870; LL37_990; CaCl_90; Pep28_570; CaCl_1110; Caffeine_90; MgCl_480; Lysozyme_120; Lysozyme_720; Lysozyme_240; Lysozyme_1200; CaCl_1350; Pep28_150; Pep28_180; CaCl_150; LL37_300; Caffeine_810; Caffeine_360; LL37_1260; CaCl_900; CaCl_780; Caffeine_1200; LL37_180; LL37_480; LL37_1050; Pep28_720; Caffeine_1080; Pep28_1080; BSA_1290; LL37_1110; BSA_600; LL37_420; MgCl_1110; CaCl_1140; Pep28_30; MgCl_180; LL37_1140; Pep28_480; Lysine_1290; BSA_690; Caffeine_720; Caffeine_1110; Lysozyme_630; Pep28_690; Lysine_750; Lysine_390; BSA_240; LL37_330; Lysine_1260; Lysozyme_510; Lysozyme_480; Caffeine_630,C=0.1; class_weight=balanced; gamma=0.01; kernel=rbf,0.3333333333333333,33.33333333333333,0.25,25.0
100,PK.QM_Chip1_Chan4,SVM,73,Lysozyme_60; Lysozyme_750; Caffeine_660; LL37_1020; Pep28_360; CaCl_990; Lysozyme_1170; MgCl_270; Caffeine_1020; LL37_390; BSA_210; LL37_1350; Lysozyme_30; Caffeine_690; CaCl_30; Lysozyme_960; BSA_930; Lysozyme_90; BSA_90; Caffeine_990; Caffeine_1230; Lysine_690; LL37_750; MgCl_660; Lysozyme_1200; Lysozyme_690; Lysozyme_1260; Lysine_240; MgCl_870; LL37_540; Caffeine_570; Lysozyme_720; Lysozyme_120; LL37_300; CaCl_540; Lysozyme_1290; MgCl_420; MgCl_1140; CaCl_150; Pep28_570; CaCl_1110; Lysozyme_1020; LL37_1260; CaCl_270; CaCl_90; LL37_990; MgCl_450; Lysozyme_240; Pep28_180; CaCl_1350; Pep28_30; Pep28_150; CaCl_900; Pep28_1080; Pep28_720; Caffeine_1080; Caffeine_1200; Lysine_390; CaCl_780; LL37_1110; LL37_480; LL37_420; MgCl_180; Caffeine_90; BSA_1290; LL37_180; MgCl_480; BSA_600; LL37_1050; Caffeine_630; LL37_1140; MgCl_1110; CaCl_1140,C=1; class_weight=balanced; gamma=scale; kernel=rbf,1.0,100.0,1.0,100.0
101,PK.QM_Chip3_Chan1,SVM,85,Lysozyme_60; Lysozyme_750; Caffeine_660; CaCl_990; Pep28_360; LL37_1020; Lysozyme_960; Lysozyme_1170; Caffeine_1020; MgCl_270; LL37_1350; Lysozyme_90; CaCl_30; Lysine_690; Caffeine_690; Lysozyme_690; LL37_750; Lysozyme_1200; Caffeine_990; BSA_210; Pep28_180; Lysozyme_120; BSA_930; MgCl_870; Lysozyme_1020; Pep28_570; LL37_480; CaCl_1140; MgCl_660; LL37_300; Lysine_240; LL37_540; CaCl_540; Caffeine_1230; BSA_240; LL37_390; BSA_90; Lysozyme_30; BSA_1290; MgCl_420; CaCl_90; Caffeine_630; Pep28_1080; Lysozyme_720; LL37_1260; Lysozyme_1290; MgCl_120; CaCl_780; MgCl_1140; LL37_1110; Caffeine_570; Pep28_150; MgCl_240; MgCl_1170; Caffeine_510; Pep28_30; CaCl_150; Lysozyme_1260; Pep28_690; MgCl_450; CaCl_900; Lysine_390; LL37_420; Lysozyme_240; MgCl_480; MgCl_90; LL37_990; CaCl_1110; LL37_660; BSA_300; MgCl_180; MgCl_300; CaCl_270; CaCl_1350; MgCl_1110; Lysozyme_840; BSA_690; LL37_1050; Caffeine_1200; Lysine_1290; Lysine_210; LL37_180; Caffeine_1170; BSA_600; Caffeine_1110,C=10; class_weight=None; gamma=0.01; kernel=rbf,0.2777777777777778,27.77777777777778,0.217391304347826,21.7391304347826
102,PK.QM_Chip3_Chan2,SVM,90,Lysozyme_60; Lysozyme_750; Caffeine_660; LL37_1020; CaCl_990; Pep28_360; Caffeine_1020; Lysozyme_1170; MgCl_270; LL37_390; LL37_1350; Lysozyme_30; Lysozyme_90; BSA_930; BSA_90; Caffeine_690; Lysozyme_960; CaCl_30; Caffeine_990; LL37_750; Caffeine_1230; Lysine_690; BSA_210; Lysozyme_1260; MgCl_660; Lysozyme_690; Lysozyme_1200; Lysine_240; MgCl_870; LL37_540; Lysozyme_720; CaCl_150; Caffeine_570; MgCl_1140; Lysozyme_120; Pep28_570; LL37_300; CaCl_1110; CaCl_270; Lysozyme_1020; MgCl_450; LL37_990; Pep28_150; CaCl_90; Lysozyme_1290; CaCl_540; Caffeine_1080; LL37_1260; Lysozyme_240; Pep28_30; Pep28_180; CaCl_900; Pep28_1080; MgCl_420; Pep28_720; LL37_1110; CaCl_1350; Caffeine_90; MgCl_480; Caffeine_1200; LL37_180; LL37_480; Lysine_390; CaCl_780; MgCl_1110; LL37_420; BSA_1290; Lysine_750; Lysine_1290; LL37_1140; MgCl_180; LL37_1050; Pep28_690; CaCl_1140; Lysozyme_630; BSA_690; BSA_600; Pep28_90; Lysozyme_270; Caffeine_360; MgCl_240; BSA_240; Caffeine_1110; LL37_330; Caffeine_1050; Caffeine_630; Lysine_1170; MgCl_1170; Lysozyme_810; Lysine_600,C=1; class_weight=balanced; gamma=0.01; kernel=rbf,1.0,100.0,1.0,100.0
103,PK.QM_Chip3_Chan3,SVM,88,Lysozyme_60; Lysozyme_750; Caffeine_660; LL37_1020; Pep28_360; CaCl_990; Lysozyme_1170; MgCl_270; Caffeine_1020; LL37_1350; LL37_390; Lysozyme_30; Caffeine_690; Lysozyme_960; BSA_210; Lysozyme_90; CaCl_30; BSA_930; BSA_90; LL37_750; Caffeine_990; Lysine_690; Caffeine_1230; MgCl_660; Lysine_240; Lysozyme_690; Lysozyme_1200; MgCl_870; Lysozyme_1260; Lysozyme_720; LL37_540; Caffeine_570; Lysozyme_120; LL37_300; CaCl_150; CaCl_540; Pep28_570; MgCl_1140; Lysozyme_1020; CaCl_1110; MgCl_450; CaCl_270; LL37_1260; Lysozyme_1290; LL37_990; CaCl_90; CaCl_1350; Pep28_150; Pep28_180; CaCl_900; MgCl_420; Pep28_1080; Caffeine_1080; Lysozyme_240; CaCl_780; LL37_480; LL37_1110; Pep28_720; Pep28_30; MgCl_480; Caffeine_90; Lysine_390; LL37_180; Caffeine_1200; MgCl_1110; BSA_240; BSA_600; MgCl_180; LL37_1140; LL37_420; BSA_690; Pep28_690; LL37_1050; BSA_1290; Lysine_750; CaCl_1140; Caffeine_630; Lysine_1290; Lysozyme_630; MgCl_240; Caffeine_360; Lysozyme_810; Pep28_480; Lysozyme_270; MgCl_1170; BSA_1260; LL37_330; Lysine_600,C=1; class_weight=balanced; gamma=scale; kernel=rbf,1.0,100.0,1.0,100.0
104,PK.QM_Chip3_Chan4,SVM,79,Lysozyme_60; Lysozyme_750; Caffeine_660; Pep28_360; Lysozyme_1170; Caffeine_990; CaCl_990; Caffeine_690; LL37_1350; LL37_1020; Lysozyme_960; MgCl_270; LL37_390; BSA_930; CaCl_30; BSA_90; Lysozyme_90; BSA_210; Lysozyme_30; Caffeine_1020; Lysozyme_690; MgCl_870; Lysozyme_1200; Lysozyme_720; Lysine_690; LL37_750; Lysine_240; Caffeine_1230; MgCl_1140; Lysozyme_1260; CaCl_90; LL37_300; Caffeine_570; Lysozyme_240; LL37_30; CaCl_150; MgCl_660; Lysozyme_120; Caffeine_90; Caffeine_1200; Lysozyme_1020; CaCl_780; Lysozyme_1290; LL37_1260; CaCl_1110; MgCl_420; CaCl_900; Pep28_180; Pep28_570; LL37_1050; CaCl_1140; LL37_540; Pep28_1080; CaCl_1350; Caffeine_360; Pep28_150; LL37_1110; CaCl_270; BSA_1290; MgCl_450; Lysine_1290; LL37_990; LL37_180; Caffeine_1080; BSA_240; BSA_600; Caffeine_1260; Lysine_750; Pep28_720; MgCl_1170; Pep28_30; Caffeine_1050; MgCl_480; BSA_690; Lysozyme_810; MgCl_1110; LL37_1170; LL37_1140; Lysine_600,C=1; class_weight=balanced; gamma=0.01; kernel=rbf,0.0555555555555555,5.55555555555555,0.0526315789473684,5.26315789473684
105,PK.QM_Chip4_Chan1,SVM,110,Caffeine_660; Lysozyme_750; Lysozyme_60; LL37_1020; Pep28_360; LL37_390; Caffeine_1020; CaCl_990; Lysozyme_1170; Caffeine_990; Lysozyme_30; Lysozyme_960; LL37_1350; Caffeine_690; BSA_90; Caffeine_1230; Lysozyme_720; MgCl_270; LL37_990; BSA_210; CaCl_150; MgCl_660; Lysozyme_1200; CaCl_90; CaCl_30; Caffeine_570; LL37_300; MgCl_30; LL37_540; MgCl_420; BSA_930; Lysozyme_1260; Pep28_570; Lysozyme_1290; Lysozyme_120; Lysozyme_90; Lysozyme_630; MgCl_870; LL37_1110; MgCl_450; LL37_750; CaCl_540; CaCl_780; Lysozyme_690; CaCl_1110; Lysine_240; CaCl_1140; CaCl_900; Pep28_180; BSA_690; Pep28_150; Lysozyme_1020; BSA_1290; Caffeine_630; MgCl_1140; Lysine_840; CaCl_1350; CaCl_270; Pep28_720; Lysozyme_480; Pep28_870; Pep28_690; BSA_600; Caffeine_1110; MgCl_240; Caffeine_90; Lysine_390; Lysozyme_510; MgCl_480; Caffeine_1200; LL37_180; Pep28_480; LL37_1260; LL37_480; LL37_1140; Caffeine_1080; Lysine_540; Lysine_750; MgCl_1110; LL37_420; Caffeine_360; Lysine_1290; Pep28_30; MgCl_180; BSA_1260; Lysine_1050; MgCl_300; Pep28_1080; Caffeine_390; BSA_1200; LL37_1050; BSA_1140; Lysozyme_810; MgCl_1170; LL37_330; Lysozyme_240; LL37_840; Lysine_660; Lysine_210; BSA_1020; CaCl_180; CaCl_300; MgCl_120; LL37_450; BSA_240; Lysine_1170; Pep28_90; Caffeine_930; Caffeine_510; Lysozyme_300,C=0.1; class_weight=balanced; gamma=scale; kernel=rbf,0.1111111111111111,11.11111111111111,0.1,10.0
106,PK.QM_Chip4_Chan2,SVM,87,Lysozyme_60; Lysozyme_750; Caffeine_660; LL37_1020; Pep28_360; CaCl_990; Lysozyme_1170; LL37_390; Caffeine_1020; MgCl_270; Lysozyme_30; LL37_1350; Lysozyme_960; Caffeine_690; BSA_90; BSA_210; Lysozyme_90; BSA_930; CaCl_30; Caffeine_990; Caffeine_1230; Lysine_240; LL37_750; Lysozyme_1200; Lysozyme_690; Lysozyme_1260; MgCl_660; Lysozyme_720; LL37_540; MgCl_870; Lysine_690; Lysozyme_120; Caffeine_570; CaCl_150; Pep28_570; CaCl_540; MgCl_1140; Lysozyme_1020; MgCl_420; CaCl_270; LL37_1260; LL37_300; CaCl_1110; Lysozyme_1290; CaCl_90; Pep28_180; Pep28_1080; LL37_990; Pep28_150; LL37_180; CaCl_1350; Caffeine_1080; MgCl_450; Lysozyme_240; CaCl_900; Caffeine_1200; LL37_1110; Pep28_30; Lysine_390; MgCl_180; CaCl_780; Pep28_720; LL37_480; MgCl_480; Pep28_690; LL37_1140; BSA_240; MgCl_30; LL37_420; Caffeine_90; MgCl_1110; LL37_1050; BSA_600; Lysine_1290; BSA_1290; Caffeine_630; Caffeine_360; Lysine_750; MgCl_240; Lysozyme_810; BSA_690; MgCl_1170; Lysine_600; Lysozyme_270; CaCl_1140; Lysozyme_630; MgCl_1020,C=10; class_weight=None; gamma=0.01; kernel=rbf,0.8333333333333334,83.33333333333334,0.4545454545454545,45.454545454545446
107,PK.QM_Chip4_Chan3,SVM,70,Lysozyme_60; Lysozyme_750; Caffeine_660; LL37_1020; LL37_390; Pep28_360; MgCl_270; Lysozyme_1170; Caffeine_1020; Lysozyme_90; CaCl_990; Caffeine_690; BSA_210; CaCl_30; LL37_1350; Lysozyme_30; BSA_90; BSA_930; Lysozyme_1200; LL37_750; Caffeine_990; Caffeine_1230; Lysozyme_690; LL37_300; CaCl_90; Lysozyme_720; Lysine_240; LL37_540; MgCl_660; MgCl_870; MgCl_1140; Caffeine_570; Lysozyme_120; Lysine_690; Lysozyme_1020; Pep28_180; LL37_1260; MgCl_450; LL37_480; CaCl_150; CaCl_540; BSA_1320; CaCl_270; Lysozyme_630; Pep28_150; CaCl_900; Lysozyme_1290; Caffeine_630; Caffeine_1080; LL37_1110; Pep28_480; LL37_420; Lysozyme_240; CaCl_1350; CaCl_1110; Lysozyme_1260; MgCl_1110; MgCl_120; Caffeine_360; MgCl_300; Lysine_750; Pep28_1080; Lysozyme_810; Lysozyme_510; Caffeine_30; Lysine_390; LL37_990; Caffeine_90; CaCl_1140; Pep28_570,C=1; class_weight=balanced; gamma=0.01; kernel=rbf,0.3333333333333333,33.33333333333333,0.25,25.0
108,PK.QM_Chip4_Chan4,SVM,81,Lysozyme_60; Caffeine_660; Lysozyme_750; LL37_1020; Pep28_360; CaCl_990; Lysozyme_1170; MgCl_270; Caffeine_1020; CaCl_30; Caffeine_990; Caffeine_690; Lysozyme_960; BSA_90; BSA_210; Lysozyme_30; Lysine_690; LL37_990; BSA_930; CaCl_150; Lysine_240; Lysozyme_720; CaCl_540; LL37_390; MgCl_420; Lysozyme_90; Lysozyme_1260; CaCl_1110; Pep28_30; Caffeine_1230; Lysozyme_1200; LL37_1260; LL37_1350; MgCl_870; CaCl_1350; BSA_690; LL37_540; Caffeine_1200; LL37_180; Lysozyme_120; LL37_750; Lysozyme_690; Lysozyme_1290; MgCl_660; LL37_300; CaCl_270; BSA_30; Pep28_720; Pep28_570; LL37_1110; BSA_1140; Caffeine_570; CaCl_900; MgCl_240; Lysozyme_1020; Caffeine_360; Lysine_390; BSA_600; CaCl_780; MgCl_1140; Caffeine_630; Lysine_1290; Pep28_150; BSA_1290; Lysine_750; LL37_30; LL37_330; Pep28_1080; Pep28_180; LL37_420; Caffeine_1080; Caffeine_390; LL37_1050; LL37_480; MgCl_1350; Caffeine_90; CaCl_1140; Lysozyme_810; LL37_1140; Lysozyme_270; MgCl_1110,C=1; class_weight=balanced; gamma=0.01; kernel=rbf,0.1111111111111111,11.11111111111111,0.1,10.0
109,PR.QH_Chip1_Chan1,SVM,80,Lysozyme_60; Lysozyme_750; Caffeine_660; LL37_1020; Pep28_360; CaCl_990; Lysozyme_1170; MgCl_270; Caffeine_1020; LL37_390; Lysozyme_30; LL37_1350; Caffeine_690; Lysozyme_960; Lysozyme_90; BSA_210; BSA_90; CaCl_30; BSA_930; LL37_750; Caffeine_990; Caffeine_1230; Lysine_690; MgCl_660; Lysozyme_1260; Lysozyme_690; LL37_540; Lysine_240; Lysozyme_1200; Lysozyme_720; MgCl_870; CaCl_540; Lysozyme_120; CaCl_150; Caffeine_570; LL37_300; MgCl_1140; Pep28_570; LL37_990; CaCl_1110; Lysozyme_1290; CaCl_270; CaCl_90; MgCl_450; MgCl_420; Lysozyme_1020; LL37_1260; Caffeine_1080; Pep28_180; CaCl_1350; Pep28_30; Pep28_150; CaCl_900; Pep28_1080; LL37_1110; Lysozyme_240; Caffeine_1200; LL37_180; MgCl_480; CaCl_780; LL37_480; Caffeine_90; Pep28_720; Lysine_390; BSA_240; BSA_600; MgCl_180; MgCl_1110; LL37_420; LL37_1140; BSA_1290; LL37_1050; Pep28_690; Lysine_750; BSA_690; Lysine_1290; CaCl_1140; Caffeine_630; Caffeine_360; Lysozyme_630,C=1; class_weight=None; gamma=scale; kernel=rbf,1.0,100.0,1.0,100.0
110,PR.QH_Chip1_Chan2,SVM,87,Lysozyme_60; Caffeine_660; Lysozyme_750; LL37_1020; Pep28_360; CaCl_990; Lysozyme_1170; Caffeine_1020; MgCl_270; Lysozyme_30; LL37_390; LL37_1350; Caffeine_690; Lysozyme_960; BSA_210; Lysozyme_90; CaCl_30; BSA_930; BSA_90; LL37_750; Caffeine_990; Caffeine_1230; Lysine_690; MgCl_660; Lysozyme_1260; Lysozyme_690; Lysine_240; LL37_540; Lysozyme_1200; Lysozyme_720; MgCl_870; Caffeine_570; Lysozyme_120; CaCl_540; LL37_300; CaCl_150; Pep28_570; MgCl_1140; Lysozyme_1290; LL37_990; CaCl_90; CaCl_1110; Lysozyme_1020; MgCl_450; LL37_1110; MgCl_420; CaCl_1350; LL37_1260; CaCl_270; Pep28_30; Pep28_180; Caffeine_1080; CaCl_900; Pep28_1080; Pep28_150; Caffeine_1200; Lysozyme_240; CaCl_780; Lysine_390; MgCl_480; LL37_480; Caffeine_90; LL37_180; Pep28_720; BSA_240; LL37_1050; Lysine_1290; LL37_1140; BSA_600; MgCl_1110; MgCl_180; LL37_420; BSA_690; BSA_1290; Lysine_750; Lysozyme_630; Caffeine_630; CaCl_1140; Pep28_480; Pep28_690; MgCl_240; Caffeine_360; Lysozyme_810; MgCl_1170; Lysine_600; Caffeine_1110; LL37_330,C=10; class_weight=None; gamma=0.01; kernel=rbf,1.0,100.0,1.0,100.0
111,PR.QH_Chip1_Chan3,SVM,84,Lysozyme_60; Lysozyme_750; Caffeine_660; LL37_1020; Caffeine_690; MgCl_270; Lysozyme_1170; Pep28_360; CaCl_990; Caffeine_1020; LL37_390; BSA_930; BSA_210; Lysozyme_90; Lysozyme_960; CaCl_30; BSA_90; Caffeine_990; LL37_1350; Caffeine_1230; Lysozyme_30; Lysine_690; LL37_750; MgCl_870; Lysozyme_690; Lysine_240; Pep28_150; CaCl_540; CaCl_1350; Caffeine_1080; Lysozyme_1260; Pep28_570; Lysozyme_1200; LL37_990; LL37_180; LL37_300; MgCl_660; Lysozyme_120; Caffeine_570; CaCl_150; LL37_1260; CaCl_90; MgCl_1140; Lysozyme_720; MgCl_450; Pep28_30; LL37_540; Lysozyme_1290; LL37_1140; Caffeine_1200; Caffeine_1110; MgCl_420; Pep28_1080; LL37_60; CaCl_270; Caffeine_360; Lysine_600; Pep28_180; Caffeine_90; LL37_420; Lysozyme_240; Lysine_1290; BSA_240; CaCl_390; Lysozyme_1020; Lysozyme_270; CaCl_1110; Pep28_690; Lysine_390; Pep28_720; Lysine_750; Pep28_480; MgCl_480; LL37_480; LL37_330; BSA_600; MgCl_180; MgCl_1110; MgCl_30; CaCl_840; CaCl_1140; BSA_1290; CaCl_900; MgCl_1170,C=1; class_weight=None; gamma=scale; kernel=rbf,0.2777777777777778,27.77777777777778,0.217391304347826,21.7391304347826
112,PR.QH_Chip1_Chan4,SVM,78,Lysozyme_60; Caffeine_660; Lysozyme_750; Pep28_360; LL37_1020; Lysozyme_1170; CaCl_990; Caffeine_1020; LL37_1350; LL37_390; MgCl_270; Lysozyme_30; Lysozyme_90; Caffeine_690; BSA_210; BSA_90; Lysozyme_960; CaCl_30; BSA_930; Caffeine_990; Caffeine_1230; LL37_750; MgCl_660; Lysine_690; Lysozyme_690; Lysozyme_1260; CaCl_150; Lysozyme_720; LL37_540; MgCl_870; Caffeine_570; CaCl_540; Lysine_240; Lysozyme_1200; Lysozyme_1020; Lysozyme_120; Pep28_570; CaCl_1110; LL37_300; MgCl_1140; CaCl_900; LL37_990; MgCl_450; LL37_1260; Pep28_180; Caffeine_1080; CaCl_90; Pep28_150; Lysozyme_240; Lysozyme_1290; CaCl_270; LL37_1110; MgCl_420; Pep28_30; Pep28_1080; Pep28_720; Caffeine_1200; LL37_480; LL37_180; Caffeine_90; BSA_240; Lysine_390; CaCl_780; MgCl_1110; BSA_1290; MgCl_480; LL37_1050; LL37_420; LL37_1140; BSA_600; Caffeine_630; CaCl_1140; MgCl_180; Lysine_750; Pep28_690; Lysozyme_630; BSA_690; Caffeine_360,C=1; class_weight=None; gamma=0.01; kernel=rbf,1.0,100.0,1.0,100.0
113,PR.QH_Chip3_Chan1,SVM,87,Lysozyme_60; Lysozyme_750; Caffeine_660; LL37_1020; Pep28_360; CaCl_990; Lysozyme_1170; Caffeine_1020; MgCl_270; Lysozyme_30; LL37_390; LL37_1350; Lysozyme_960; Caffeine_690; BSA_930; Lysozyme_90; CaCl_30; BSA_210; BSA_90; LL37_750; Caffeine_1230; Lysine_690; Caffeine_990; Lysozyme_690; MgCl_660; Lysozyme_1260; Lysine_240; Lysozyme_720; LL37_540; Lysozyme_1200; MgCl_870; Caffeine_570; Lysozyme_120; CaCl_150; LL37_300; MgCl_1140; Pep28_570; CaCl_270; LL37_990; CaCl_90; CaCl_1110; CaCl_540; Lysozyme_1020; Lysozyme_1290; MgCl_450; MgCl_420; Pep28_180; LL37_1260; Pep28_150; Caffeine_1080; CaCl_1350; Lysozyme_240; Pep28_30; LL37_180; CaCl_900; Pep28_1080; LL37_1110; MgCl_480; Caffeine_90; CaCl_780; Pep28_720; Caffeine_1200; MgCl_180; MgCl_1110; LL37_480; Lysine_390; BSA_690; BSA_240; Pep28_690; BSA_600; LL37_420; MgCl_240; Lysine_750; Pep28_480; LL37_1050; Lysozyme_630; Lysine_1290; CaCl_1140; Caffeine_630; Caffeine_360; LL37_1140; Lysozyme_270; BSA_1290; Lysozyme_810; MgCl_1170; Caffeine_1110; Lysine_930,C=1; class_weight=balanced; gamma=0.01; kernel=rbf,1.0,100.0,1.0,100.0
114,PR.QH_Chip3_Chan2,SVM,80,Lysozyme_60; Caffeine_660; Lysozyme_750; LL37_1020; Pep28_360; CaCl_990; Lysozyme_1170; Caffeine_1020; MgCl_270; LL37_390; LL37_1350; BSA_210; Caffeine_690; Lysozyme_30; CaCl_30; Lysozyme_960; Lysozyme_90; BSA_930; Caffeine_990; BSA_90; Caffeine_1230; LL37_750; Lysine_690; MgCl_660; Lysozyme_690; Lysozyme_1200; Lysine_240; MgCl_870; Lysozyme_1260; Lysozyme_720; LL37_540; Caffeine_570; Lysozyme_120; LL37_300; CaCl_540; CaCl_150; MgCl_420; Pep28_570; MgCl_1140; Lysozyme_1020; Lysozyme_1290; LL37_1260; CaCl_1110; CaCl_270; MgCl_450; CaCl_90; LL37_990; Pep28_180; Pep28_150; Lysozyme_240; Pep28_1080; CaCl_1350; Caffeine_1080; CaCl_900; Pep28_720; CaCl_780; Lysine_390; Caffeine_1200; LL37_1110; Pep28_30; LL37_480; MgCl_480; Caffeine_90; LL37_420; Caffeine_630; LL37_180; MgCl_180; LL37_1050; BSA_240; CaCl_1140; BSA_600; LL37_1140; MgCl_1110; BSA_1290; BSA_690; Lysozyme_630; Lysine_1290; Lysine_750; Pep28_690; Caffeine_360,C=1; class_weight=None; gamma=scale; kernel=rbf,1.0,100.0,1.0,100.0
115,PR.QH_Chip3_Chan3,SVM,89,Lysozyme_60; Lysozyme_750; Caffeine_660; LL37_1020; Pep28_360; CaCl_990; Lysozyme_1170; Caffeine_1020; MgCl_270; LL37_390; LL37_1350; Lysozyme_30; Caffeine_690; Lysozyme_960; Lysozyme_90; BSA_210; CaCl_30; BSA_90; BSA_930; LL37_750; Caffeine_990; Caffeine_1230; Lysine_690; MgCl_660; Lysozyme_1260; Lysine_240; Lysozyme_690; Lysozyme_720; LL37_540; Lysozyme_1200; MgCl_870; Lysozyme_120; CaCl_150; CaCl_540; LL37_300; Caffeine_570; MgCl_1140; Pep28_570; CaCl_1110; LL37_990; Lysozyme_1290; MgCl_450; CaCl_270; CaCl_90; MgCl_420; Lysozyme_1020; Pep28_180; Caffeine_1080; LL37_1260; CaCl_1350; Pep28_150; CaCl_900; Pep28_1080; Pep28_30; Lysozyme_240; LL37_1110; LL37_180; CaCl_780; MgCl_480; Caffeine_1200; LL37_480; Caffeine_90; Pep28_720; Lysine_390; BSA_240; BSA_600; MgCl_1110; MgCl_180; LL37_420; Lysine_1290; Pep28_690; LL37_1050; BSA_1290; Lysine_750; BSA_690; CaCl_1140; MgCl_240; Pep28_480; LL37_1140; Caffeine_630; Lysozyme_630; Caffeine_360; MgCl_1170; Lysozyme_270; LL37_330; Caffeine_1110; Lysozyme_810; Lysine_600; Lysine_1170,C=1; class_weight=balanced; gamma=0.01; kernel=rbf,1.0,100.0,1.0,100.0
116,PR.QH_Chip3_Chan4,SVM,78,Lysozyme_60; Caffeine_660; Lysozyme_750; LL37_1020; Pep28_360; CaCl_990; Lysozyme_1170; MgCl_270; Caffeine_1020; LL37_1350; BSA_210; Caffeine_690; Lysozyme_30; LL37_390; CaCl_30; Lysozyme_960; BSA_930; Lysozyme_90; BSA_90; Caffeine_990; Caffeine_1230; MgCl_660; LL37_750; Lysine_690; Lysozyme_1200; Lysozyme_690; LL37_540; Lysine_240; MgCl_870; Lysozyme_1260; CaCl_540; Lysozyme_120; Lysozyme_720; LL37_300; Lysozyme_1290; CaCl_150; Caffeine_570; Pep28_570; MgCl_420; MgCl_1140; CaCl_270; Lysozyme_1020; LL37_1260; MgCl_450; CaCl_1110; CaCl_90; Lysozyme_240; Pep28_150; LL37_990; Pep28_180; Pep28_30; Pep28_1080; LL37_420; CaCl_1350; Caffeine_1080; Lysine_390; CaCl_780; Caffeine_1200; LL37_1110; Pep28_720; Caffeine_90; LL37_480; Caffeine_630; CaCl_900; MgCl_180; CaCl_1140; LL37_180; MgCl_480; LL37_1050; Lysine_750; BSA_600; LL37_1140; BSA_240; MgCl_1110; BSA_690; Lysine_1290; Pep28_690; Lysozyme_630,C=1; class_weight=balanced; gamma=scale; kernel=rbf,0.8888888888888888,88.88888888888889,0.4705882352941176,47.05882352941176
117,PR.QH_Chip4_Chan1,SVM,89,Lysozyme_60; Lysozyme_750; Caffeine_660; LL37_1020; Pep28_360; CaCl_990; MgCl_270; BSA_210; CaCl_30; LL37_390; Caffeine_690; Caffeine_1020; Lysozyme_90; Lysozyme_1170; Lysozyme_960; LL37_1350; Lysozyme_30; Lysine_240; Lysozyme_1200; BSA_90; LL37_750; BSA_930; Caffeine_990; Lysine_690; Lysozyme_690; LL37_300; MgCl_660; LL37_540; CaCl_540; MgCl_1140; Lysozyme_720; Caffeine_1230; Caffeine_570; Pep28_570; MgCl_450; CaCl_150; MgCl_420; Lysozyme_1260; LL37_990; Lysozyme_1020; CaCl_270; LL37_1260; CaCl_900; Lysozyme_240; MgCl_870; CaCl_1110; Pep28_180; LL37_1050; Pep28_150; LL37_480; Caffeine_1080; Lysozyme_120; Lysozyme_1290; MgCl_1110; MgCl_480; Caffeine_1200; BSA_1290; Pep28_30; BSA_600; Pep28_720; BSA_240; Pep28_1080; CaCl_90; CaCl_1140; BSA_390; CaCl_1350; MgCl_180; BSA_690; Lysine_1050; Lysozyme_630; LL37_420; LL37_180; LL37_1110; Caffeine_630; Lysozyme_510; BSA_1140; Caffeine_90; Caffeine_1110; Pep28_480; Lysine_30; Caffeine_120; MgCl_1020; Lysine_1290; Lysine_210; MgCl_300; BSA_1260; LL37_1170; LL37_1140; MgCl_240,C=1; class_weight=None; gamma=0.01; kernel=rbf,0.8333333333333334,83.33333333333334,0.4545454545454545,45.454545454545446
118,PR.QH_Chip4_Chan2,SVM,91,Lysozyme_60; Lysozyme_750; Caffeine_660; Pep28_360; LL37_1020; CaCl_990; Lysozyme_1170; LL37_1350; MgCl_270; Caffeine_1020; LL37_390; Lysozyme_30; BSA_90; Lysozyme_960; Caffeine_690; Lysozyme_90; CaCl_30; BSA_210; BSA_930; LL37_750; Lysine_690; Lysozyme_1260; Caffeine_1230; MgCl_660; Caffeine_990; LL37_540; Lysozyme_120; Lysozyme_690; Lysozyme_720; Lysine_240; CaCl_150; CaCl_540; CaCl_90; MgCl_1140; MgCl_870; Lysozyme_1200; Pep28_570; MgCl_450; LL37_300; CaCl_1110; Pep28_180; Lysozyme_1020; Caffeine_570; CaCl_270; LL37_1110; Lysozyme_1290; LL37_1260; CaCl_1350; MgCl_420; Caffeine_1080; Pep28_150; Pep28_30; LL37_990; Pep28_1080; CaCl_900; Lysozyme_240; MgCl_480; LL37_480; BSA_240; Pep28_720; CaCl_780; LL37_180; Caffeine_1200; BSA_600; Caffeine_90; Lysine_390; CaCl_1140; LL37_420; Pep28_690; LL37_1140; BSA_1290; MgCl_180; Lysine_1290; Caffeine_360; MgCl_1110; LL37_1050; MgCl_240; Lysozyme_630; LL37_330; Pep28_480; Caffeine_630; Lysozyme_270; Lysine_750; BSA_690; Lysine_600; LL37_1170; Lysozyme_810; LL37_840; Caffeine_1110; Lysine_540; BSA_1140,C=0.1; class_weight=balanced; gamma=scale; kernel=rbf,0.6666666666666666,66.66666666666666,0.4,40.0
119,PR.QH_Chip4_Chan3,SVM,82,Lysozyme_60; Lysozyme_750; Caffeine_660; LL37_1020; CaCl_990; Lysozyme_1170; Pep28_360; MgCl_270; Caffeine_1020; LL37_1350; LL37_390; Caffeine_690; Lysozyme_960; BSA_210; Lysozyme_30; BSA_930; CaCl_30; MgCl_870; Lysozyme_90; Caffeine_990; Caffeine_1230; BSA_90; Lysine_690; MgCl_660; Lysozyme_1260; Lysozyme_1200; Lysozyme_720; LL37_750; Lysine_240; Lysozyme_690; CaCl_270; LL37_540; Caffeine_570; CaCl_540; CaCl_150; Pep28_570; MgCl_420; CaCl_90; CaCl_900; Lysozyme_1020; Lysozyme_1290; Pep28_180; MgCl_1140; LL37_1260; Pep28_150; Pep28_30; CaCl_1350; Lysozyme_120; CaCl_1110; LL37_300; MgCl_1110; Pep28_1080; Lysine_390; Caffeine_90; Caffeine_630; Caffeine_1200; LL37_990; Pep28_720; LL37_420; CaCl_1140; CaCl_780; Lysozyme_240; LL37_1110; Caffeine_1080; MgCl_450; Lysozyme_630; MgCl_480; BSA_240; Lysine_1290; Caffeine_360; BSA_690; BSA_600; MgCl_180; LL37_480; BSA_1290; Pep28_690; Caffeine_1110; Lysozyme_810; Lysine_750; LL37_1140; LL37_180; LL37_1050,C=1; class_weight=None; gamma=0.01; kernel=rbf,0.9444444444444444,94.44444444444444,0.4857142857142857,48.57142857142857
120,PR.QH_Chip4_Chan4,SVM,86,Lysozyme_60; Caffeine_660; Lysozyme_750; Pep28_360; LL37_1020; CaCl_990; Caffeine_1020; MgCl_270; Lysozyme_1170; Lysozyme_30; LL37_1350; Caffeine_690; BSA_90; LL37_390; Lysozyme_960; CaCl_30; BSA_210; Lysozyme_90; LL37_750; BSA_930; Caffeine_990; Lysine_690; MgCl_660; Lysozyme_120; Caffeine_1230; Lysozyme_720; Lysozyme_1260; Lysozyme_690; LL37_540; Lysozyme_1200; Lysine_240; CaCl_270; Caffeine_570; CaCl_150; CaCl_1110; MgCl_870; MgCl_420; LL37_300; CaCl_540; Lysozyme_1290; CaCl_1350; LL37_1260; Pep28_30; MgCl_1140; Lysozyme_1020; Pep28_150; Pep28_570; LL37_990; CaCl_900; CaCl_90; Lysozyme_240; LL37_1110; Pep28_1080; Caffeine_1080; CaCl_780; LL37_180; MgCl_450; MgCl_480; Lysine_750; Lysine_390; Caffeine_90; Caffeine_1200; LL37_480; MgCl_1110; Pep28_180; MgCl_180; BSA_690; Pep28_720; BSA_240; BSA_1290; Pep28_690; Lysine_1290; LL37_1140; LL37_1050; BSA_600; Caffeine_1110; MgCl_1170; MgCl_240; Pep28_480; LL37_420; Lysozyme_630; Caffeine_360; Caffeine_630; CaCl_300; CaCl_1140; LL37_330,C=1; class_weight=balanced; gamma=0.01; kernel=rbf,0.8333333333333334,83.33333333333334,0.4545454545454545,45.454545454545446
121,PR.QL_Chip1_Chan1,SVM,80,Lysozyme_60; Lysozyme_750; Caffeine_660; LL37_1020; Pep28_360; CaCl_990; Lysozyme_1170; Caffeine_1020; MgCl_270; LL37_390; LL37_1350; Lysozyme_30; Caffeine_690; Lysozyme_960; BSA_210; Lysozyme_90; CaCl_30; BSA_930; BSA_90; LL37_750; Caffeine_990; Caffeine_1230; Lysine_690; MgCl_660; Lysine_240; Lysozyme_690; Lysozyme_1260; Lysozyme_1200; LL37_540; MgCl_870; Lysozyme_720; Caffeine_570; Lysozyme_120; CaCl_540; LL37_300; CaCl_150; Pep28_570; MgCl_1140; CaCl_1110; Lysozyme_1020; CaCl_270; MgCl_450; LL37_990; Lysozyme_1290; MgCl_420; CaCl_90; LL37_1260; Caffeine_1080; Pep28_180; Pep28_150; CaCl_1350; Lysozyme_240; CaCl_900; Pep28_1080; Pep28_30; CaCl_780; MgCl_480; LL37_1110; Caffeine_1200; Caffeine_90; LL37_180; Pep28_720; Lysine_390; LL37_480; BSA_240; MgCl_1110; BSA_600; LL37_1140; MgCl_180; LL37_1050; LL37_420; CaCl_1140; BSA_1290; BSA_690; Lysine_1290; Pep28_690; Caffeine_630; Lysine_750; Caffeine_360; Lysozyme_630,C=1; class_weight=None; gamma=scale; kernel=rbf,1.0,100.0,1.0,100.0
122,PR.QL_Chip1_Chan2,SVM,79,Lysozyme_60; Lysozyme_750; Caffeine_660; LL37_1020; Pep28_360; CaCl_990; Lysozyme_1170; Caffeine_1020; MgCl_270; LL37_390; LL37_1350; Lysozyme_30; Caffeine_690; BSA_210; Lysozyme_960; Lysozyme_90; CaCl_30; BSA_930; BSA_90; Caffeine_990; LL37_750; Caffeine_1230; Lysine_690; MgCl_660; Lysozyme_690; Lysine_240; Lysozyme_1260; Lysozyme_1200; MgCl_870; LL37_540; Lysozyme_720; Caffeine_570; Lysozyme_120; CaCl_540; LL37_300; CaCl_150; Pep28_570; MgCl_1140; Lysozyme_1020; CaCl_1110; Lysozyme_1290; LL37_990; MgCl_450; LL37_1260; CaCl_270; MgCl_420; CaCl_90; Pep28_180; Caffeine_1080; Pep28_150; CaCl_1350; Lysozyme_240; CaCl_900; Pep28_1080; Pep28_30; CaCl_780; MgCl_480; LL37_1110; Pep28_720; LL37_480; Caffeine_1200; LL37_180; Caffeine_90; Lysine_390; BSA_240; MgCl_1110; BSA_600; MgCl_180; LL37_1050; LL37_420; LL37_1140; BSA_1290; CaCl_1140; Caffeine_630; BSA_690; Pep28_690; Lysine_1290; Lysine_750; Caffeine_360,C=1; class_weight=None; gamma=scale; kernel=rbf,1.0,100.0,1.0,100.0
123,PR.QL_Chip1_Chan3,SVM,80,Lysozyme_60; Lysozyme_750; Caffeine_660; LL37_1020; Pep28_360; CaCl_990; Lysozyme_1170; Caffeine_1020; MgCl_270; LL37_390; LL37_1350; Lysozyme_30; Caffeine_690; Lysozyme_960; BSA_210; Lysozyme_90; CaCl_30; BSA_930; BSA_90; LL37_750; Caffeine_990; Caffeine_1230; Lysine_690; MgCl_660; Lysozyme_690; Lysine_240; Lysozyme_1260; Lysozyme_1200; LL37_540; MgCl_870; Lysozyme_720; Caffeine_570; Lysozyme_120; LL37_300; CaCl_540; CaCl_150; Pep28_570; MgCl_1140; CaCl_1110; Lysozyme_1020; CaCl_270; Lysozyme_1290; MgCl_420; LL37_990; MgCl_450; LL37_1260; CaCl_90; Pep28_150; Caffeine_1080; Pep28_180; CaCl_1350; Lysozyme_240; Pep28_1080; CaCl_900; CaCl_780; Pep28_30; MgCl_480; LL37_1110; Pep28_720; Caffeine_1200; Caffeine_90; LL37_480; LL37_180; Lysine_390; BSA_240; MgCl_1110; MgCl_180; LL37_420; LL37_1140; LL37_1050; BSA_600; Pep28_690; BSA_690; CaCl_1140; BSA_1290; Lysine_1290; Caffeine_630; Lysozyme_630; Lysine_750; Caffeine_360,C=1; class_weight=None; gamma=scale; kernel=rbf,1.0,100.0,1.0,100.0
124,PR.QL_Chip1_Chan4,SVM,77,Lysozyme_60; Lysozyme_750; Caffeine_660; LL37_1020; Pep28_360; CaCl_990; Lysozyme_1170; Caffeine_1020; MgCl_270; LL37_390; LL37_1350; Lysozyme_30; Caffeine_690; Lysozyme_960; Lysozyme_90; BSA_210; CaCl_30; BSA_90; BSA_930; LL37_750; Caffeine_1230; Caffeine_990; Lysine_690; MgCl_660; Lysozyme_1260; Lysozyme_690; Lysine_240; LL37_540; Lysozyme_720; Lysozyme_1200; MgCl_870; CaCl_540; Lysozyme_120; CaCl_150; Caffeine_570; Pep28_570; MgCl_1140; LL37_300; LL37_990; CaCl_1110; CaCl_90; MgCl_420; MgCl_450; CaCl_270; Caffeine_1080; Lysozyme_1290; LL37_1260; Lysozyme_1020; Pep28_180; CaCl_1350; Pep28_150; CaCl_900; Lysozyme_240; Pep28_1080; CaCl_780; LL37_180; Pep28_30; Caffeine_1200; LL37_480; MgCl_480; Lysine_390; Caffeine_90; Pep28_720; LL37_1110; MgCl_1110; BSA_600; BSA_240; MgCl_180; LL37_420; LL37_1050; Pep28_690; BSA_1290; Lysine_1290; CaCl_1140; LL37_1140; Caffeine_630; BSA_690,C=1; class_weight=None; gamma=scale; kernel=rbf,1.0,100.0,1.0,100.0
125,PR.QL_Chip3_Chan1,SVM,137,Lysozyme_60; Lysozyme_750; Caffeine_660; LL37_1020; Pep28_360; CaCl_990; Lysozyme_30; Lysozyme_1170; MgCl_270; Caffeine_1020; LL37_390; LL37_1350; Caffeine_690; Lysozyme_960; Lysozyme_90; CaCl_30; BSA_90; Caffeine_1230; MgCl_660; BSA_930; Lysine_690; LL37_750; BSA_210; Lysine_240; Lysozyme_1200; Lysozyme_720; Caffeine_990; Lysozyme_690; MgCl_870; Lysozyme_1260; Caffeine_570; LL37_300; LL37_540; CaCl_150; Lysozyme_1020; CaCl_540; Pep28_570; MgCl_1140; CaCl_1110; Lysozyme_120; Lysozyme_1290; MgCl_420; CaCl_90; LL37_990; MgCl_450; LL37_1260; CaCl_270; CaCl_1350; CaCl_900; Caffeine_1080; Pep28_150; Pep28_180; LL37_1110; BSA_600; Pep28_1080; Lysozyme_240; Caffeine_1200; CaCl_780; Caffeine_360; MgCl_480; LL37_180; Lysine_390; MgCl_180; Pep28_30; LL37_480; Pep28_720; BSA_1290; BSA_240; Lysozyme_630; MgCl_1110; LL37_420; LL37_1140; Caffeine_90; Pep28_690; Caffeine_630; CaCl_1140; MgCl_240; BSA_690; MgCl_1170; MgCl_30; Pep28_480; Lysozyme_810; Lysine_1290; Lysine_750; Caffeine_1110; LL37_1050; BSA_1140; CaCl_1020; LL37_330; Lysozyme_270; Lysine_600; MgCl_300; Lysine_1170; Lysozyme_510; MgCl_1020; Lysine_1050; Pep28_90; Caffeine_120; LL37_840; BSA_390; BSA_1260; Lysine_420; Caffeine_150; Caffeine_1050; LL37_1170; LL37_30; MgCl_1350; Caffeine_930; Lysine_840; Lysozyme_480; Lysine_30; Caffeine_390; MgCl_120; Lysine_930; Lysine_210; MgCl_330; Lysine_540; CaCl_1170; Pep28_120; Lysine_660; Lysozyme_840; CaCl_390; CaCl_300; Pep28_870; Lysine_900; Caffeine_1140; Caffeine_450; BSA_1200; LL37_690; Caffeine_30; BSA_30; Caffeine_510; Caffeine_210; CaCl_1290; MgCl_60; Pep28_810; Lysozyme_1050,C=0.1; class_weight=balanced; gamma=scale; kernel=rbf,0.9444444444444444,94.44444444444444,0.4857142857142857,48.57142857142857
126,PR.QL_Chip3_Chan2,SVM,80,Lysozyme_60; Lysozyme_750; Caffeine_660; LL37_1020; Pep28_360; CaCl_990; Lysozyme_1170; MgCl_270; Caffeine_1020; LL37_390; LL37_1350; Lysozyme_30; Caffeine_690; BSA_210; Lysozyme_960; CaCl_30; Lysozyme_90; BSA_930; BSA_90; LL37_750; Caffeine_990; Caffeine_1230; Lysine_690; MgCl_660; Lysozyme_1260; Lysozyme_1200; Lysozyme_690; Lysine_240; Lysozyme_720; LL37_540; MgCl_870; Lysozyme_120; CaCl_540; Caffeine_570; LL37_300; CaCl_150; Pep28_570; MgCl_1140; Lysozyme_1290; MgCl_420; CaCl_1110; Lysozyme_1020; CaCl_270; LL37_1260; MgCl_450; LL37_990; CaCl_90; Pep28_180; CaCl_1350; Pep28_150; Lysozyme_240; Caffeine_1080; Pep28_30; Pep28_1080; CaCl_900; LL37_1110; CaCl_780; Pep28_720; LL37_480; Caffeine_1200; Lysine_390; MgCl_480; LL37_180; Caffeine_90; MgCl_180; LL37_420; LL37_1140; LL37_1050; BSA_240; MgCl_1110; BSA_600; CaCl_1140; Lysine_750; Caffeine_630; BSA_690; BSA_1290; Lysine_1290; Pep28_690; Lysozyme_630; Caffeine_360,C=1; class_weight=None; gamma=scale; kernel=rbf,1.0,100.0,1.0,100.0
127,PR.QL_Chip3_Chan3,SVM,80,Lysozyme_60; Lysozyme_750; Caffeine_660; LL37_1020; Pep28_360; CaCl_990; Lysozyme_1170; MgCl_270; Caffeine_1020; LL37_390; LL37_1350; Caffeine_690; Lysozyme_30; Lysozyme_960; BSA_210; CaCl_30; Lysozyme_90; BSA_930; BSA_90; Caffeine_990; Lysine_690; LL37_750; Caffeine_1230; Lysozyme_690; Lysine_240; MgCl_660; Lysozyme_1200; Lysozyme_1260; MgCl_870; LL37_540; Lysozyme_720; Lysozyme_120; LL37_300; CaCl_150; MgCl_1140; Pep28_570; CaCl_270; Caffeine_570; Lysozyme_1020; CaCl_540; MgCl_420; Lysozyme_1290; CaCl_90; LL37_1260; CaCl_1110; Pep28_150; LL37_990; Pep28_180; MgCl_450; CaCl_1350; Caffeine_1080; CaCl_900; Pep28_720; Pep28_1080; Pep28_30; Lysozyme_240; LL37_1110; MgCl_480; Caffeine_1200; Caffeine_90; CaCl_780; LL37_180; BSA_1290; MgCl_180; BSA_240; Lysine_390; LL37_480; LL37_1140; LL37_420; MgCl_1110; BSA_690; CaCl_1140; Pep28_690; LL37_1050; BSA_600; Lysine_750; Caffeine_630; Lysozyme_630; Lysine_1290; Caffeine_360,C=1; class_weight=None; gamma=scale; kernel=rbf,1.0,100.0,1.0,100.0
128,PR.QL_Chip3_Chan4,SVM,76,Lysozyme_60; Lysozyme_750; Caffeine_660; LL37_1020; Pep28_360; CaCl_990; MgCl_270; LL37_1350; Caffeine_1020; Lysozyme_1170; LL37_390; Caffeine_690; Lysozyme_960; BSA_210; Lysozyme_90; BSA_90; CaCl_30; Lysine_690; Caffeine_1230; Caffeine_990; Lysozyme_30; Lysozyme_1260; MgCl_870; Lysozyme_690; Lysine_240; Lysozyme_1200; BSA_930; MgCl_660; CaCl_540; CaCl_150; LL37_750; Caffeine_570; Lysozyme_120; MgCl_450; CaCl_1110; Lysozyme_720; CaCl_270; MgCl_1140; MgCl_420; Pep28_570; Pep28_150; Caffeine_1200; LL37_30; MgCl_90; Caffeine_1080; LL37_300; Lysozyme_1290; CaCl_1140; Lysozyme_240; LL37_1260; Caffeine_90; LL37_540; CaCl_780; Caffeine_630; Lysozyme_1020; LL37_480; Pep28_180; MgCl_120; LL37_1050; CaCl_90; Pep28_720; Pep28_30; Pep28_1080; LL37_990; LL37_1110; BSA_690; CaCl_900; LL37_180; BSA_1290; CaCl_1350; Lysozyme_810; LL37_420; BSA_600; MgCl_480; Pep28_690; Caffeine_1050,C=1; class_weight=balanced; gamma=0.01; kernel=rbf,0.7222222222222222,72.22222222222221,0.4193548387096774,41.93548387096774
129,PR.QL_Chip4_Chan1,SVM,79,Lysozyme_60; Lysozyme_750; Caffeine_660; LL37_1020; Pep28_360; CaCl_990; Lysozyme_1170; Caffeine_1020; MgCl_270; LL37_390; Lysozyme_30; LL37_1350; Caffeine_690; Lysozyme_960; BSA_210; CaCl_30; Lysozyme_90; BSA_90; BSA_930; Caffeine_990; LL37_750; Caffeine_1230; Lysine_690; MgCl_660; Lysozyme_690; Lysine_240; Lysozyme_1260; Lysozyme_720; Lysozyme_1200; LL37_540; MgCl_870; Caffeine_570; Lysozyme_120; CaCl_540; CaCl_150; MgCl_1140; LL37_300; CaCl_1110; MgCl_420; Pep28_570; CaCl_270; Lysozyme_1020; Lysozyme_1290; CaCl_90; LL37_1260; MgCl_450; Pep28_180; CaCl_1350; LL37_990; Pep28_150; Caffeine_1080; CaCl_900; Lysozyme_240; Pep28_1080; Pep28_30; LL37_1110; Pep28_720; CaCl_780; MgCl_480; Caffeine_1200; Lysine_390; LL37_480; LL37_180; Caffeine_90; MgCl_180; MgCl_1110; BSA_600; LL37_420; BSA_240; LL37_1140; LL37_1050; BSA_1290; BSA_690; Caffeine_630; Lysine_1290; CaCl_1140; Pep28_690; Lysine_750; Caffeine_360,C=1; class_weight=None; gamma=0.01; kernel=rbf,1.0,100.0,1.0,100.0
130,PR.QL_Chip4_Chan2,SVM,87,Lysozyme_60; Lysozyme_750; Caffeine_660; Lysozyme_1170; LL37_1020; Pep28_360; CaCl_990; Caffeine_1020; LL37_390; MgCl_270; Lysozyme_30; Caffeine_690; Lysozyme_960; CaCl_30; Lysozyme_90; BSA_210; LL37_1350; Lysine_690; Caffeine_1230; Caffeine_990; BSA_90; BSA_930; Lysine_240; Lysozyme_1200; MgCl_660; LL37_540; LL37_750; Lysozyme_690; CaCl_540; LL37_300; Lysozyme_120; Lysozyme_1260; MgCl_1140; Caffeine_570; CaCl_150; Lysozyme_720; Pep28_180; LL37_1260; MgCl_870; MgCl_420; Lysozyme_1290; Lysozyme_1020; Pep28_30; Lysozyme_240; CaCl_1110; Pep28_570; CaCl_90; CaCl_900; CaCl_1350; Caffeine_1080; LL37_990; BSA_600; Pep28_150; MgCl_450; MgCl_180; Caffeine_1200; CaCl_270; LL37_180; Lysine_840; LL37_480; BSA_240; LL37_420; BSA_690; MgCl_480; Caffeine_90; LL37_1140; LL37_1110; Pep28_720; Pep28_1080; Pep28_480; Lysine_390; Lysozyme_270; CaCl_780; Lysine_1290; MgCl_120; BSA_1290; MgCl_1110; Lysozyme_630; Pep28_90; Caffeine_360; Caffeine_150; Caffeine_630; MgCl_240; LL37_1050; BSA_300; CaCl_1140; Caffeine_1110,C=0.1; class_weight=balanced; gamma=scale; kernel=rbf,0.8888888888888888,88.88888888888889,0.4705882352941176,47.05882352941176
131,PR.QL_Chip4_Chan3,SVM,89,Lysozyme_60; Lysozyme_750; Caffeine_660; LL37_1020; Pep28_360; CaCl_990; Lysozyme_1170; MgCl_270; Caffeine_1020; Lysozyme_30; LL37_390; LL37_1350; Caffeine_690; Lysozyme_960; BSA_210; Lysozyme_90; BSA_930; BSA_90; CaCl_30; LL37_750; Caffeine_990; Caffeine_1230; MgCl_660; Lysozyme_1260; Lysine_690; Lysozyme_690; Lysozyme_720; Lysine_240; LL37_540; MgCl_870; Caffeine_570; Lysozyme_120; CaCl_540; CaCl_150; Lysozyme_1200; Pep28_570; MgCl_1140; LL37_300; Lysozyme_1020; CaCl_90; MgCl_420; Lysozyme_1290; CaCl_1110; CaCl_270; Pep28_180; CaCl_1350; MgCl_450; Caffeine_1080; LL37_990; Pep28_150; CaCl_900; LL37_1260; LL37_180; Pep28_1080; Pep28_30; Lysozyme_240; Caffeine_1200; Caffeine_90; LL37_480; MgCl_480; Lysine_390; Pep28_720; LL37_1110; CaCl_780; BSA_1290; MgCl_180; MgCl_1110; LL37_1050; Lysine_750; BSA_600; Pep28_480; Caffeine_630; BSA_240; LL37_1140; Pep28_690; LL37_420; Caffeine_360; Lysine_1290; CaCl_1140; MgCl_1170; Lysozyme_630; MgCl_240; BSA_690; Lysozyme_810; LL37_330; Lysozyme_270; Lysine_600; MgCl_120; Lysine_930,C=0.1; class_weight=balanced; gamma=scale; kernel=rbf,1.0,100.0,1.0,100.0
132,PR.QL_Chip4_Chan4,SVM,79,Lysozyme_60; Lysozyme_750; Caffeine_660; LL37_1020; Pep28_360; CaCl_990; Lysozyme_1170; Caffeine_1020; MgCl_270; LL37_390; Lysozyme_30; LL37_1350; Caffeine_690; Lysozyme_960; BSA_210; Lysozyme_90; CaCl_30; BSA_930; BSA_90; LL37_750; Caffeine_990; Caffeine_1230; Lysine_690; MgCl_660; Lysozyme_690; Lysozyme_1260; Lysine_240; Lysozyme_720; LL37_540; Lysozyme_1200; MgCl_870; Lysozyme_120; Caffeine_570; CaCl_150; CaCl_540; MgCl_1140; LL37_300; Pep28_570; CaCl_1110; LL37_990; CaCl_90; MgCl_450; CaCl_270; Lysozyme_1290; Lysozyme_1020; MgCl_420; Pep28_180; CaCl_1350; LL37_1260; Pep28_150; Caffeine_1080; CaCl_900; Pep28_30; Pep28_1080; Lysozyme_240; LL37_1110; Pep28_720; LL37_180; MgCl_480; Caffeine_1200; CaCl_780; LL37_480; Lysine_390; Caffeine_90; BSA_600; MgCl_1110; MgCl_180; LL37_420; LL37_1050; LL37_1140; Pep28_690; BSA_1290; BSA_240; Lysine_1290; Lysine_750; CaCl_1140; Caffeine_630; BSA_690; Caffeine_360,C=1; class_weight=balanced; gamma=scale; kernel=rbf,1.0,100.0,1.0,100.0
133,PR.QM_Chip1_Chan1,SVM,79,Lysozyme_60; Caffeine_660; Lysozyme_750; Pep28_360; LL37_1020; CaCl_990; Caffeine_1020; Lysozyme_1170; MgCl_270; Lysozyme_30; LL37_390; BSA_210; LL37_1350; Caffeine_690; Lysozyme_960; BSA_90; Lysozyme_90; CaCl_30; BSA_930; LL37_750; Caffeine_990; Caffeine_1230; Lysozyme_690; Lysine_690; MgCl_660; Lysozyme_1260; Lysozyme_120; Lysine_240; LL37_540; MgCl_870; CaCl_540; Lysozyme_1200; LL37_300; CaCl_150; Pep28_150; Lysozyme_720; LL37_990; CaCl_1110; Caffeine_570; CaCl_1350; CaCl_270; Lysozyme_1290; Pep28_570; Pep28_1080; MgCl_450; MgCl_1140; Pep28_180; LL37_1110; MgCl_420; Lysozyme_1020; CaCl_900; LL37_1260; CaCl_90; CaCl_780; Pep28_30; LL37_180; MgCl_180; BSA_600; LL37_480; Caffeine_1080; MgCl_480; Pep28_690; Lysine_390; Pep28_720; Caffeine_90; BSA_1290; LL37_420; Lysozyme_240; Lysine_750; MgCl_1110; LL37_1140; CaCl_1140; BSA_240; LL37_1050; Caffeine_1110; Caffeine_360; Lysozyme_270; Lysozyme_810; BSA_690,C=1; class_weight=None; gamma=0.01; kernel=rbf,0.8888888888888888,88.88888888888889,0.4705882352941176,47.05882352941176
134,PR.QM_Chip1_Chan2,SVM,86,Lysozyme_60; Lysozyme_750; Caffeine_660; LL37_1020; Pep28_360; CaCl_990; MgCl_270; Lysozyme_1170; Caffeine_1020; LL37_390; LL37_1350; Lysozyme_30; Lysozyme_960; BSA_210; Lysozyme_90; Caffeine_1230; BSA_930; BSA_90; CaCl_30; LL37_750; Caffeine_690; Lysine_690; Lysozyme_690; Lysine_240; MgCl_660; Lysozyme_1260; Caffeine_990; Lysozyme_720; Lysozyme_1200; LL37_540; MgCl_870; CaCl_540; CaCl_150; Pep28_570; MgCl_420; Caffeine_570; Lysozyme_1290; LL37_300; MgCl_1140; CaCl_1350; Lysozyme_1020; Lysozyme_120; Pep28_150; MgCl_450; LL37_990; LL37_1260; CaCl_270; CaCl_1110; CaCl_90; Pep28_180; Pep28_30; CaCl_900; Pep28_1080; CaCl_780; MgCl_480; Caffeine_1200; LL37_480; Lysozyme_240; LL37_180; Caffeine_1080; LL37_1110; Lysine_390; BSA_240; Pep28_720; Caffeine_90; LL37_1140; LL37_1050; Lysine_750; MgCl_1110; LL37_420; BSA_600; MgCl_180; CaCl_1140; Pep28_690; MgCl_240; BSA_690; BSA_1290; Pep28_480; Lysozyme_630; Caffeine_360; Caffeine_630; MgCl_1170; Lysine_1290; Lysozyme_810; LL37_330; Lysine_600,C=0.1; class_weight=balanced; gamma=scale; kernel=rbf,1.0,100.0,1.0,100.0
135,PR.QM_Chip1_Chan3,SVM,79,Lysozyme_60; Caffeine_660; Lysozyme_750; LL37_1020; Pep28_360; CaCl_990; Lysozyme_1170; Caffeine_1020; MgCl_270; LL37_390; LL37_1350; Lysozyme_30; Lysozyme_960; Lysozyme_90; BSA_210; Caffeine_690; CaCl_30; BSA_90; BSA_930; LL37_750; Caffeine_990; Caffeine_1230; Lysine_690; MgCl_660; Lysozyme_1260; Lysozyme_720; Lysine_240; Lysozyme_1200; MgCl_870; LL37_540; Caffeine_570; Lysozyme_120; Lysozyme_690; CaCl_540; MgCl_1140; CaCl_150; Pep28_570; Caffeine_1080; CaCl_90; Lysozyme_1020; MgCl_420; LL37_300; CaCl_1110; LL37_990; MgCl_450; Pep28_180; LL37_1260; Lysozyme_1290; CaCl_1350; CaCl_270; Lysozyme_240; Pep28_30; LL37_1110; LL37_180; MgCl_480; CaCl_780; Pep28_1080; LL37_480; Caffeine_1200; CaCl_900; Pep28_720; Caffeine_90; Pep28_150; Lysine_390; MgCl_1110; LL37_420; Caffeine_360; Lysine_1290; MgCl_180; BSA_240; CaCl_1140; LL37_1140; BSA_600; BSA_690; Caffeine_630; BSA_1290; LL37_1050; Lysozyme_630; Pep28_690,C=1; class_weight=None; gamma=0.01; kernel=rbf,1.0,100.0,1.0,100.0
136,PR.QM_Chip1_Chan4,SVM,79,Lysozyme_60; Lysozyme_750; Caffeine_660; LL37_1020; Pep28_360; CaCl_990; Lysozyme_1170; MgCl_270; Caffeine_1020; LL37_390; LL37_1350; Lysozyme_30; Caffeine_690; Lysozyme_90; Lysozyme_960; BSA_210; CaCl_30; BSA_90; BSA_930; LL37_750; Caffeine_990; Lysine_690; Caffeine_1230; MgCl_660; Lysozyme_1260; Lysozyme_690; Lysine_240; LL37_540; Lysozyme_1200; Lysozyme_120; MgCl_870; Lysozyme_720; Caffeine_570; CaCl_540; CaCl_150; MgCl_1140; Lysozyme_1290; LL37_990; LL37_300; Pep28_570; CaCl_1110; CaCl_90; CaCl_270; MgCl_450; LL37_1260; Caffeine_1080; Pep28_180; MgCl_420; Lysozyme_1020; Lysozyme_240; Pep28_150; CaCl_1350; CaCl_900; Pep28_30; Pep28_1080; MgCl_480; Pep28_720; CaCl_780; LL37_1110; LL37_480; Caffeine_1200; Caffeine_90; LL37_180; Lysine_390; BSA_240; MgCl_180; BSA_600; MgCl_1110; LL37_1140; CaCl_1140; LL37_420; Lysine_1290; BSA_690; BSA_1290; Caffeine_630; Pep28_690; LL37_1050; Lysine_750; Caffeine_360,C=1; class_weight=None; gamma=scale; kernel=rbf,1.0,100.0,1.0,100.0
137,PR.QM_Chip3_Chan1,SVM,88,Lysozyme_60; Caffeine_660; Lysozyme_750; LL37_1020; Pep28_360; Lysozyme_1170; Lysozyme_30; CaCl_990; Caffeine_1020; LL37_1350; LL37_390; MgCl_270; Caffeine_690; Lysozyme_960; BSA_90; BSA_210; CaCl_30; Lysozyme_90; BSA_930; Lysine_690; LL37_750; Caffeine_990; Lysozyme_690; Lysozyme_1200; MgCl_660; Lysozyme_1260; LL37_540; Caffeine_1230; Lysine_240; MgCl_870; LL37_1260; Lysozyme_120; CaCl_540; Lysozyme_720; LL37_300; Lysozyme_1290; CaCl_90; Pep28_570; MgCl_420; MgCl_1140; CaCl_900; CaCl_1110; Caffeine_1080; Caffeine_570; Lysozyme_1020; LL37_990; CaCl_270; LL37_1110; CaCl_1350; Pep28_30; MgCl_480; LL37_180; CaCl_780; CaCl_150; BSA_600; MgCl_450; Pep28_150; Lysine_390; LL37_480; Caffeine_90; Pep28_720; Lysozyme_240; Pep28_1080; Pep28_180; Caffeine_1200; CaCl_1140; MgCl_180; Caffeine_630; LL37_1050; MgCl_1110; LL37_1140; Pep28_690; Pep28_480; BSA_240; BSA_690; Lysine_1290; Caffeine_360; MgCl_30; Lysozyme_840; Caffeine_510; Caffeine_1110; LL37_420; MgCl_120; Caffeine_30; MgCl_1170; Lysine_600; BSA_1260; LL37_330,C=0.1; class_weight=balanced; gamma=scale; kernel=rbf,0.7222222222222222,72.22222222222221,0.4193548387096774,41.93548387096774
138,PR.QM_Chip3_Chan2,SVM,80,Lysozyme_60; Caffeine_660; Lysozyme_750; LL37_1020; Pep28_360; CaCl_990; Lysozyme_1170; MgCl_270; Caffeine_1020; LL37_390; LL37_1350; Caffeine_690; BSA_210; Lysozyme_30; CaCl_30; Lysozyme_960; BSA_930; Lysozyme_90; BSA_90; LL37_750; Caffeine_990; Caffeine_1230; Lysine_690; MgCl_660; Lysozyme_690; Lysine_240; Lysozyme_720; Lysozyme_1260; MgCl_870; Lysozyme_1200; LL37_540; Caffeine_570; Lysozyme_120; CaCl_540; LL37_300; CaCl_150; Pep28_570; MgCl_1140; MgCl_420; Lysozyme_1020; Lysozyme_1290; CaCl_270; LL37_1260; CaCl_1110; LL37_990; MgCl_450; CaCl_90; Pep28_180; Pep28_150; Lysozyme_240; Pep28_1080; Caffeine_1080; CaCl_1350; Pep28_30; LL37_1110; CaCl_780; Caffeine_1200; Pep28_720; Lysine_390; MgCl_480; Caffeine_90; CaCl_900; LL37_480; LL37_420; BSA_600; LL37_180; BSA_240; LL37_1140; MgCl_1110; MgCl_180; LL37_1050; BSA_690; BSA_1290; Lysozyme_630; CaCl_1140; Caffeine_630; Lysine_1290; Pep28_690; Lysine_750; Caffeine_360,C=1; class_weight=balanced; gamma=scale; kernel=rbf,1.0,100.0,1.0,100.0
139,PR.QM_Chip3_Chan3,SVM,84,Lysozyme_60; Caffeine_660; Lysozyme_750; Pep28_360; LL37_1020; CaCl_990; Lysozyme_1170; MgCl_270; Caffeine_1020; LL37_1350; LL37_390; Lysozyme_960; Caffeine_690; Lysozyme_30; BSA_210; BSA_90; CaCl_30; Lysozyme_90; LL37_750; BSA_930; Lysine_690; Caffeine_990; Caffeine_1230; Lysozyme_720; Lysozyme_690; MgCl_660; Lysozyme_1260; Lysine_240; Lysozyme_1200; Caffeine_570; MgCl_870; CaCl_540; Lysozyme_120; LL37_540; LL37_300; Pep28_570; LL37_990; Lysozyme_1020; CaCl_90; MgCl_1140; Lysozyme_1290; CaCl_150; MgCl_420; Pep28_720; Pep28_150; CaCl_1110; LL37_1260; MgCl_450; Pep28_1080; Pep28_180; CaCl_900; CaCl_270; CaCl_780; Caffeine_1080; Lysozyme_240; Lysine_390; CaCl_1350; MgCl_480; Pep28_30; LL37_1110; LL37_180; LL37_420; Caffeine_1200; LL37_480; MgCl_1110; BSA_240; LL37_1140; Caffeine_90; LL37_1050; MgCl_180; Lysozyme_630; Lysine_1290; Caffeine_630; Lysine_750; CaCl_1140; BSA_690; Pep28_690; Pep28_480; Lysozyme_810; Caffeine_1110; MgCl_240; BSA_600; BSA_1290; LL37_330,C=0.1; class_weight=balanced; gamma=scale; kernel=rbf,1.0,100.0,1.0,100.0
140,PR.QM_Chip3_Chan4,SVM,88,Lysozyme_60; Lysozyme_750; Caffeine_660; LL37_1020; Pep28_360; CaCl_990; Lysozyme_1170; Caffeine_1020; MgCl_270; Lysozyme_30; LL37_390; LL37_1350; Caffeine_690; Lysozyme_960; Lysozyme_90; BSA_210; BSA_930; BSA_90; CaCl_30; LL37_750; Caffeine_990; Caffeine_1230; Lysine_690; MgCl_660; Lysozyme_1260; Lysozyme_690; LL37_540; Lysine_240; Lysozyme_1200; Lysozyme_720; MgCl_870; CaCl_540; Lysozyme_120; Caffeine_570; CaCl_150; LL37_300; Pep28_570; MgCl_1140; CaCl_1110; LL37_990; MgCl_450; Lysozyme_1290; MgCl_420; LL37_1260; CaCl_270; CaCl_90; Lysozyme_1020; Pep28_180; Pep28_150; CaCl_1350; Caffeine_1080; CaCl_900; Pep28_30; Lysozyme_240; Pep28_1080; LL37_1110; LL37_180; Caffeine_90; Pep28_720; LL37_480; Caffeine_1200; MgCl_480; CaCl_780; Lysine_390; BSA_600; LL37_420; BSA_240; LL37_1140; MgCl_1110; MgCl_180; Pep28_690; Lysine_1290; BSA_1290; Lysine_750; BSA_690; Caffeine_630; MgCl_240; CaCl_1140; Lysozyme_630; Caffeine_360; Pep28_480; LL37_1050; MgCl_1170; Lysozyme_270; Caffeine_1110; LL37_330; Lysozyme_810; Lysine_600,C=10; class_weight=None; gamma=0.01; kernel=rbf,1.0,100.0,1.0,100.0
141,PR.QM_Chip4_Chan1,SVM,77,Lysozyme_60; Caffeine_660; Lysozyme_750; LL37_1020; Pep28_360; CaCl_990; MgCl_270; Lysozyme_1170; Caffeine_1020; LL37_1350; LL37_390; BSA_210; Lysozyme_30; Caffeine_690; Lysozyme_960; Lysozyme_90; CaCl_30; BSA_90; BSA_930; Caffeine_1230; Caffeine_990; LL37_750; Lysine_690; Lysine_240; Lysozyme_690; MgCl_660; LL37_540; Lysozyme_720; Lysozyme_120; Lysozyme_1260; Caffeine_570; Lysine_390; CaCl_540; LL37_300; Lysozyme_1200; Lysozyme_1290; MgCl_1140; MgCl_450; Pep28_570; CaCl_150; MgCl_870; CaCl_270; LL37_1260; CaCl_90; MgCl_420; CaCl_1110; Lysozyme_1020; Pep28_150; LL37_1110; CaCl_900; Lysozyme_240; Caffeine_1080; Pep28_180; LL37_480; Pep28_1080; CaCl_1350; Pep28_30; CaCl_780; Caffeine_1200; MgCl_480; Pep28_720; MgCl_180; LL37_1050; LL37_990; Caffeine_630; CaCl_1140; MgCl_1110; BSA_1290; BSA_600; Lysine_1290; Caffeine_90; LL37_330; LL37_1140; BSA_240; Pep28_690; LL37_180; LL37_420,C=1; class_weight=balanced; gamma=0.01; kernel=rbf,0.8888888888888888,88.88888888888889,0.4705882352941176,47.05882352941176
142,PR.QM_Chip4_Chan2,SVM,88,Lysozyme_60; Lysozyme_750; Caffeine_660; LL37_1020; Pep28_360; CaCl_990; Lysozyme_1170; Caffeine_1020; MgCl_270; LL37_390; LL37_1350; Lysozyme_30; Lysozyme_960; Caffeine_690; BSA_210; CaCl_30; Lysozyme_90; BSA_90; BSA_930; Caffeine_990; LL37_750; Lysine_690; Caffeine_1230; MgCl_660; Lysozyme_1260; Lysine_240; Lysozyme_1200; Lysozyme_690; Lysozyme_720; MgCl_870; LL37_540; Lysozyme_120; Caffeine_570; CaCl_540; LL37_300; Pep28_570; CaCl_150; MgCl_1140; CaCl_1110; MgCl_450; MgCl_420; CaCl_270; Lysozyme_1290; Lysozyme_1020; LL37_990; CaCl_90; LL37_1260; Caffeine_1080; CaCl_1350; Pep28_180; Pep28_150; Lysozyme_240; Pep28_1080; CaCl_900; Pep28_30; Pep28_720; LL37_180; LL37_1110; MgCl_480; Caffeine_1200; CaCl_780; LL37_480; Caffeine_90; Lysine_390; MgCl_1110; BSA_690; LL37_420; BSA_240; BSA_600; MgCl_180; Pep28_690; CaCl_1140; Lysine_1290; BSA_1290; Lysine_750; LL37_1050; LL37_1140; Caffeine_360; Caffeine_630; Pep28_480; Lysozyme_270; Lysozyme_630; MgCl_240; MgCl_1170; Lysozyme_810; MgCl_120; Caffeine_1110; LL37_330,C=10; class_weight=None; gamma=0.01; kernel=rbf,1.0,100.0,1.0,100.0
143,PR.QM_Chip4_Chan3,SVM,77,Lysozyme_60; Lysozyme_750; Caffeine_660; LL37_1020; Pep28_360; CaCl_990; Lysozyme_1170; Caffeine_1020; MgCl_270; LL37_390; LL37_1350; Lysozyme_30; Lysozyme_960; Caffeine_690; BSA_210; CaCl_30; BSA_930; BSA_90; Lysozyme_90; LL37_750; Caffeine_990; Caffeine_1230; Lysine_690; MgCl_660; Lysozyme_1260; Lysozyme_690; MgCl_870; Lysine_240; Lysozyme_1200; LL37_540; Lysozyme_720; Caffeine_570; CaCl_540; MgCl_1140; Lysozyme_120; CaCl_150; LL37_300; Pep28_570; LL37_990; MgCl_420; CaCl_1110; Lysozyme_1290; MgCl_450; CaCl_270; LL37_1260; Lysozyme_1020; CaCl_1350; Pep28_150; CaCl_90; Pep28_180; CaCl_900; Caffeine_1080; Pep28_1080; Lysozyme_240; Pep28_30; CaCl_780; Pep28_720; LL37_1110; MgCl_480; LL37_180; LL37_480; Caffeine_1200; Lysine_390; LL37_420; Caffeine_90; BSA_600; BSA_240; LL37_1050; MgCl_180; BSA_1290; LL37_1140; Caffeine_630; Pep28_690; Lysine_1290; MgCl_1110; CaCl_1140; Lysine_750,C=1; class_weight=None; gamma=0.01; kernel=rbf,1.0,100.0,1.0,100.0
144,PR.QM_Chip4_Chan4,SVM,81,Lysozyme_60; Lysozyme_750; Caffeine_660; Pep28_360; LL37_1020; Lysozyme_1170; CaCl_990; Caffeine_1020; MgCl_270; Lysozyme_30; LL37_390; LL37_1350; Caffeine_690; Lysozyme_960; BSA_90; BSA_930; BSA_210; CaCl_30; Caffeine_1230; Caffeine_990; LL37_750; Lysozyme_90; MgCl_660; Lysozyme_690; Lysozyme_1260; LL37_540; Lysine_690; CaCl_150; Lysozyme_720; Lysine_240; MgCl_870; Lysozyme_1200; CaCl_90; CaCl_540; Caffeine_570; Lysozyme_120; MgCl_1140; CaCl_1110; LL37_990; Pep28_570; MgCl_420; LL37_300; Pep28_180; CaCl_1350; Lysozyme_1020; LL37_180; Lysozyme_1290; CaCl_270; Pep28_150; Pep28_1080; Caffeine_1080; LL37_1260; MgCl_450; LL37_1110; CaCl_900; Pep28_720; Caffeine_90; Lysozyme_240; MgCl_480; Caffeine_1200; LL37_480; Pep28_30; CaCl_780; MgCl_1110; BSA_240; Lysine_390; LL37_1050; BSA_600; MgCl_180; BSA_1290; LL37_420; LL37_1140; Caffeine_630; Lysine_750; Pep28_690; Lysine_1290; MgCl_240; Lysozyme_630; CaCl_1140; Caffeine_360; BSA_690,C=10; class_weight=None; gamma=0.01; kernel=rbf,0.8333333333333334,83.33333333333334,0.4545454545454545,45.454545454545446
1,PE.QH_Chip1_Chan1,Logistic Regression,78,Lysozyme_60; Lysozyme_750; Caffeine_660; LL37_1020; Pep28_360; CaCl_990; Lysozyme_1170; Caffeine_1020; MgCl_270; LL37_390; LL37_1350; Lysozyme_30; Lysozyme_960; Caffeine_690; Lysozyme_90; BSA_210; BSA_90; CaCl_30; BSA_930; LL37_750; Caffeine_1230; Caffeine_990; Lysine_690; MgCl_660; Lysozyme_690; Lysine_240; Lysozyme_1260; LL37_540; Lysozyme_720; Lysozyme_1200; MgCl_870; CaCl_540; Caffeine_570; CaCl_150; Lysozyme_120; LL37_300; Pep28_570; MgCl_1140; LL37_990; CaCl_270; CaCl_1110; Lysozyme_1290; CaCl_90; Lysozyme_1020; MgCl_450; MgCl_420; Caffeine_1080; Pep28_150; LL37_1260; Pep28_180; CaCl_1350; Lysozyme_240; Pep28_30; Pep28_1080; CaCl_900; MgCl_480; LL37_1110; LL37_180; Caffeine_1200; CaCl_780; Caffeine_90; LL37_480; Lysine_390; Pep28_720; MgCl_1110; BSA_240; BSA_600; LL37_420; Pep28_690; LL37_1050; LL37_1140; Lysine_1290; BSA_690; BSA_1290; MgCl_180; CaCl_1140; Lysine_750; Caffeine_630,C=1; class_weight=None; l1_ratio=0.0; max_iter=2000; penalty=l2; solver=saga,1.0,100.0,1.0,100.0
2,PE.QH_Chip1_Chan2,Logistic Regression,100,Lysozyme_60; Lysozyme_750; Caffeine_660; LL37_1020; Pep28_360; CaCl_990; Caffeine_1020; Lysozyme_1170; MgCl_270; LL37_390; LL37_1350; Lysozyme_30; BSA_210; Caffeine_690; BSA_930; Lysozyme_90; Lysozyme_960; BSA_90; CaCl_30; Caffeine_1230; Caffeine_990; Lysine_690; MgCl_660; Lysozyme_690; Lysozyme_720; LL37_750; Lysozyme_1200; Lysozyme_1260; MgCl_870; LL37_300; Lysine_240; Caffeine_570; CaCl_150; LL37_540; CaCl_780; MgCl_420; Lysozyme_120; Pep28_570; CaCl_540; LL37_990; CaCl_1110; Lysozyme_1020; Lysozyme_1290; MgCl_1140; MgCl_450; CaCl_270; LL37_480; CaCl_900; CaCl_90; Pep28_1080; Pep28_150; Caffeine_1080; Pep28_180; Lysozyme_240; CaCl_1350; Caffeine_1200; Pep28_30; LL37_1260; Caffeine_90; MgCl_480; Lysine_390; LL37_180; LL37_1050; MgCl_180; Pep28_720; BSA_240; Caffeine_630; BSA_690; MgCl_1110; BSA_1290; LL37_1140; LL37_1110; Pep28_690; BSA_600; Lysozyme_270; Caffeine_360; MgCl_1170; CaCl_1140; Lysozyme_810; LL37_420; Lysine_750; Lysine_1290; Pep28_480; MgCl_240; Lysozyme_630; Lysine_1170; MgCl_300; Caffeine_1050; Pep28_90; CaCl_1020; BSA_1260; Lysine_600; MgCl_120; LL37_1170; Lysozyme_510; Caffeine_30; Lysozyme_480; Caffeine_1110; BSA_1140; Lysine_930,C=1; class_weight=None; l1_ratio=0.0; max_iter=2000; penalty=l2; solver=saga,0.6666666666666666,66.66666666666666,0.4,40.0
3,PE.QH_Chip1_Chan3,Logistic Regression,92,Lysozyme_60; Lysozyme_750; Caffeine_660; Pep28_360; LL37_1020; CaCl_990; Lysozyme_1170; Caffeine_1020; MgCl_270; LL37_390; Lysozyme_30; LL37_1350; Caffeine_690; Lysozyme_960; BSA_210; Lysozyme_90; CaCl_30; BSA_90; BSA_930; LL37_750; Caffeine_990; Caffeine_1230; Lysine_690; Lysine_240; Lysozyme_690; MgCl_660; Lysozyme_1260; Lysozyme_720; LL37_540; Lysozyme_1200; MgCl_870; CaCl_540; Lysozyme_120; Caffeine_570; CaCl_150; MgCl_1140; Pep28_570; LL37_990; MgCl_420; LL37_300; MgCl_450; CaCl_270; Caffeine_1080; Pep28_180; CaCl_1350; CaCl_90; Lysozyme_1290; Lysozyme_1020; LL37_1260; CaCl_1110; Pep28_150; Pep28_1080; Pep28_30; Lysozyme_240; MgCl_480; LL37_1110; CaCl_900; Pep28_720; MgCl_180; LL37_180; Caffeine_90; LL37_480; MgCl_1110; BSA_240; CaCl_780; LL37_1140; Lysine_390; Caffeine_1200; BSA_600; BSA_1290; LL37_1050; BSA_690; Pep28_690; Lysine_1290; CaCl_1140; Caffeine_630; LL37_420; Caffeine_360; Lysine_750; Lysozyme_630; Pep28_480; MgCl_1170; MgCl_240; LL37_330; Lysozyme_270; Caffeine_1110; Lysine_1170; Lysozyme_810; Lysozyme_510; MgCl_120; Caffeine_30; Lysine_930,C=1; class_weight=None; l1_ratio=0.0; max_iter=2000; penalty=l2; solver=saga,1.0,100.0,1.0,100.0
4,PE.QH_Chip1_Chan4,Logistic Regression,105,Lysozyme_60; Lysozyme_750; Caffeine_660; LL37_1020; Pep28_360; CaCl_990; Caffeine_1020; Lysozyme_1170; MgCl_270; LL37_390; Lysozyme_30; Lysozyme_960; LL37_1350; Caffeine_690; BSA_210; Lysozyme_90; BSA_90; CaCl_30; BSA_930; Caffeine_990; Lysine_690; LL37_750; Caffeine_1230; MgCl_660; LL37_540; Lysozyme_690; Lysozyme_1260; Lysine_240; LL37_300; Lysozyme_720; MgCl_870; Lysozyme_1200; Lysozyme_120; Caffeine_570; MgCl_1140; CaCl_90; LL37_1260; CaCl_1110; Pep28_570; CaCl_540; Lysozyme_1290; LL37_990; Pep28_150; Pep28_180; MgCl_450; Caffeine_1080; CaCl_150; Lysozyme_1020; MgCl_420; Lysozyme_240; MgCl_480; Pep28_30; CaCl_270; Caffeine_1200; Pep28_1080; Pep28_720; CaCl_1350; LL37_180; LL37_480; CaCl_900; Caffeine_90; Lysine_390; MgCl_180; LL37_420; CaCl_780; BSA_600; Caffeine_630; CaCl_1140; Lysine_600; BSA_1290; Caffeine_360; MgCl_1110; Lysine_750; Lysozyme_630; LL37_1050; Pep28_690; BSA_690; BSA_240; Lysine_1290; Lysozyme_270; LL37_1140; LL37_1110; MgCl_240; MgCl_1170; LL37_330; Lysozyme_810; Pep28_480; Caffeine_1110; MgCl_30; MgCl_1350; Caffeine_30; Lysozyme_510; LL37_30; Caffeine_120; MgCl_1020; BSA_1140; MgCl_120; MgCl_300; Pep28_90; LL37_1170; Lysine_1170; Lysine_540; Lysine_930; Caffeine_1050; BSA_1260,C=1; class_weight=None; max_iter=2000; penalty=l2; solver=lbfgs,0.8888888888888888,88.88888888888889,0.4705882352941176,47.05882352941176
5,PE.QH_Chip3_Chan1,Logistic Regression,118,Lysozyme_60; Lysozyme_750; Caffeine_660; LL37_1020; Pep28_360; Lysozyme_1170; MgCl_270; CaCl_990; BSA_210; Lysozyme_30; LL37_390; Lysozyme_960; LL37_1350; Caffeine_690; Caffeine_1020; CaCl_30; BSA_90; Lysozyme_90; Caffeine_990; Lysine_690; BSA_930; LL37_750; Lysozyme_720; Caffeine_1230; Lysozyme_690; Lysozyme_1200; Lysozyme_1260; MgCl_660; Lysine_240; MgCl_870; LL37_540; Caffeine_570; CaCl_540; LL37_1260; MgCl_420; LL37_300; CaCl_90; Lysozyme_1290; Lysozyme_1020; Lysozyme_240; MgCl_1140; Pep28_180; Lysozyme_120; Pep28_570; CaCl_1110; Caffeine_1080; LL37_990; MgCl_450; LL37_1110; CaCl_270; Pep28_720; BSA_1290; CaCl_150; LL37_480; CaCl_1350; LL37_1140; Pep28_150; CaCl_900; Pep28_1080; LL37_180; Caffeine_1200; BSA_690; Pep28_30; LL37_420; Lysine_390; Caffeine_630; MgCl_480; CaCl_1140; Lysozyme_630; CaCl_780; LL37_1050; Caffeine_90; BSA_240; MgCl_180; Pep28_690; MgCl_1110; MgCl_1020; Caffeine_30; Pep28_480; MgCl_240; MgCl_1170; Lysine_1290; LL37_30; MgCl_30; Lysine_750; LL37_1170; Lysozyme_810; BSA_600; Lysine_600; Caffeine_1110; Lysine_660; Caffeine_360; Lysine_1170; LL37_330; BSA_300; MgCl_120; Lysine_840; BSA_390; Lysozyme_510; MgCl_300; Lysozyme_1320; Caffeine_450; CaCl_390; Lysozyme_270; Caffeine_390; MgCl_60; Pep28_120; Lysine_540; Lysine_210; Lysine_930; BSA_1140; Lysine_1050; Caffeine_870; BSA_1260; Caffeine_1050; Caffeine_930; CaCl_1020; MgCl_330,C=1; class_weight=None; max_iter=2000; penalty=l2; solver=lbfgs,0.8888888888888888,88.88888888888889,0.4705882352941176,47.05882352941176
6,PE.QH_Chip3_Chan2,Logistic Regression,101,Lysozyme_60; Lysozyme_750; Caffeine_660; LL37_1020; Pep28_360; CaCl_990; Lysozyme_1170; MgCl_270; Caffeine_1020; LL37_390; LL37_1350; Lysozyme_30; Caffeine_690; BSA_210; Lysozyme_960; CaCl_30; Lysozyme_90; BSA_930; BSA_90; Caffeine_990; LL37_750; Caffeine_1230; Lysine_690; MgCl_660; Lysozyme_690; Lysine_240; Lysozyme_1200; Lysozyme_1260; Lysozyme_720; MgCl_870; LL37_540; Caffeine_570; Lysozyme_120; CaCl_540; LL37_300; CaCl_150; Pep28_570; MgCl_1140; MgCl_420; Lysozyme_1290; Lysozyme_1020; CaCl_270; CaCl_1110; LL37_1260; MgCl_450; LL37_990; CaCl_90; Pep28_180; Pep28_150; CaCl_1350; Caffeine_1080; Lysozyme_240; Pep28_1080; CaCl_900; Pep28_30; CaCl_780; LL37_1110; Pep28_720; Caffeine_1200; Lysine_390; MgCl_480; LL37_480; Caffeine_90; LL37_180; LL37_420; MgCl_180; MgCl_1110; BSA_240; LL37_1140; BSA_600; LL37_1050; BSA_690; CaCl_1140; BSA_1290; Lysine_1290; Caffeine_630; Lysine_750; Pep28_690; Lysozyme_630; Caffeine_360; Pep28_480; MgCl_240; Lysozyme_810; MgCl_1170; Caffeine_1110; LL37_330; Lysozyme_270; Lysine_600; Lysine_1170; MgCl_30; MgCl_120; BSA_1260; Caffeine_30; LL37_30; MgCl_1020; Lysozyme_510; MgCl_300; Lysine_930; Caffeine_1050; BSA_390; Lysine_1050,C=1; class_weight=None; l1_ratio=0.0; max_iter=2000; penalty=l2; solver=saga,1.0,100.0,1.0,100.0
7,PE.QH_Chip3_Chan3,Logistic Regression,85,Lysozyme_60; Lysozyme_750; Caffeine_660; LL37_1020; Pep28_360; Lysozyme_1170; Caffeine_1020; CaCl_990; LL37_390; MgCl_270; LL37_1350; BSA_210; Caffeine_690; Lysozyme_960; Lysozyme_30; Lysozyme_90; CaCl_30; BSA_90; BSA_930; Caffeine_990; Caffeine_1230; LL37_750; MgCl_660; Lysine_690; Lysozyme_690; Lysine_240; Lysozyme_1260; Lysozyme_1200; Lysozyme_720; MgCl_870; LL37_540; MgCl_1140; Lysozyme_1290; CaCl_540; Pep28_570; CaCl_150; LL37_300; MgCl_420; CaCl_1110; CaCl_270; Lysozyme_120; Caffeine_570; LL37_990; CaCl_90; Lysozyme_1020; LL37_1260; Pep28_180; MgCl_450; Pep28_150; CaCl_1350; Caffeine_1080; MgCl_180; Pep28_30; Pep28_1080; CaCl_900; Lysozyme_240; LL37_480; LL37_1110; CaCl_780; Lysine_390; LL37_180; Pep28_720; LL37_1140; Caffeine_1200; MgCl_480; LL37_1050; BSA_240; MgCl_1110; Caffeine_630; CaCl_1140; BSA_690; Lysine_1290; Caffeine_90; Lysine_750; Pep28_690; Lysozyme_630; LL37_420; MgCl_1170; Pep28_480; MgCl_240; Lysozyme_270; BSA_1290; Lysozyme_810; Caffeine_360; MgCl_120,C=1; class_weight=None; max_iter=2000; penalty=l2; solver=lbfgs,0.9444444444444444,94.44444444444444,0.4857142857142857,48.57142857142857
8,PE.QH_Chip3_Chan4,Logistic Regression,104,Lysozyme_60; Lysozyme_750; Caffeine_660; Pep28_360; LL37_1020; Caffeine_1020; CaCl_990; Lysozyme_1170; MgCl_270; BSA_210; Caffeine_690; LL37_1350; Lysozyme_960; BSA_930; LL37_390; CaCl_30; Lysozyme_30; BSA_90; Lysozyme_90; LL37_750; Caffeine_990; MgCl_660; Lysine_690; Caffeine_1230; Lysozyme_1260; Lysine_240; LL37_540; Lysozyme_120; Lysozyme_720; Lysozyme_690; MgCl_870; Lysozyme_1200; CaCl_150; CaCl_540; Caffeine_570; Lysozyme_1290; MgCl_420; MgCl_1140; LL37_300; Pep28_570; Lysozyme_1020; LL37_990; CaCl_90; CaCl_1350; LL37_1260; Pep28_150; CaCl_1110; MgCl_450; Caffeine_1080; CaCl_270; Lysozyme_240; Caffeine_90; Pep28_720; BSA_600; Pep28_180; CaCl_780; Pep28_1080; Pep28_30; LL37_1110; LL37_420; MgCl_480; Caffeine_1200; Lysine_390; CaCl_900; LL37_1140; LL37_1050; Lysine_1290; Lysine_750; BSA_690; BSA_240; MgCl_1110; LL37_180; MgCl_180; LL37_480; BSA_1290; Caffeine_360; Pep28_690; Caffeine_630; CaCl_1140; Lysozyme_630; MgCl_240; CaCl_1170; Pep28_480; MgCl_1170; Caffeine_1110; LL37_1170; Lysine_1170; LL37_330; Lysozyme_810; Caffeine_1050; Caffeine_30; Lysozyme_270; Lysine_600; Lysine_30; Caffeine_120; MgCl_300; Lysine_930; Pep28_90; CaCl_1020; LL37_30; MgCl_1020; BSA_1200; BSA_1260; Lysozyme_510,C=100; class_weight=None; max_iter=2000; penalty=l2; solver=lbfgs,0.9444444444444444,94.44444444444444,0.4857142857142857,48.57142857142857
9,PE.QH_Chip4_Chan1,Logistic Regression,97,Lysozyme_60; Lysozyme_750; Caffeine_660; LL37_1020; Pep28_360; CaCl_990; Lysozyme_1170; Caffeine_1020; MgCl_270; LL37_390; LL37_1350; Lysozyme_30; Lysozyme_960; Caffeine_690; BSA_210; CaCl_30; BSA_930; BSA_90; Caffeine_990; Lysozyme_90; LL37_750; Caffeine_1230; Lysine_690; MgCl_660; Lysozyme_690; Lysozyme_1260; Lysine_240; Lysozyme_1200; Lysozyme_720; MgCl_870; LL37_540; Caffeine_570; Lysozyme_120; CaCl_540; Pep28_570; CaCl_150; LL37_300; MgCl_420; MgCl_1140; Lysozyme_1290; LL37_1260; CaCl_1110; Lysozyme_1020; MgCl_450; CaCl_270; LL37_990; CaCl_90; CaCl_1350; Pep28_150; Pep28_180; Pep28_1080; Caffeine_1080; CaCl_900; Lysozyme_240; Pep28_30; Pep28_720; CaCl_780; LL37_1110; Lysine_390; MgCl_480; LL37_480; Caffeine_1200; LL37_180; Caffeine_90; MgCl_1110; BSA_600; BSA_240; LL37_420; LL37_1140; MgCl_180; LL37_1050; BSA_1290; CaCl_1140; Caffeine_630; BSA_690; Lysine_1290; Pep28_690; Lysozyme_630; Lysine_750; Caffeine_360; MgCl_240; Pep28_480; Lysozyme_810; MgCl_1170; Caffeine_1110; Lysozyme_270; Lysine_600; LL37_330; BSA_1260; Lysine_1170; Caffeine_30; MgCl_120; MgCl_30; Lysozyme_510; Caffeine_1050; MgCl_300; Lysine_930,C=1; class_weight=None; max_iter=2000; penalty=l2; solver=lbfgs,1.0,100.0,1.0,100.0
10,PE.QH_Chip4_Chan2,Logistic Regression,78,Lysozyme_60; Lysozyme_750; Caffeine_660; LL37_1020; Pep28_360; CaCl_990; Lysozyme_1170; Caffeine_1020; MgCl_270; LL37_390; Lysozyme_30; LL37_1350; Lysozyme_960; Caffeine_690; BSA_210; Lysozyme_90; BSA_90; BSA_930; CaCl_30; LL37_750; Caffeine_990; Caffeine_1230; Lysine_690; MgCl_660; Lysozyme_1260; Lysozyme_690; Lysine_240; Lysozyme_720; LL37_540; Lysozyme_1200; MgCl_870; CaCl_540; Lysozyme_120; Caffeine_570; CaCl_150; LL37_300; MgCl_1140; Pep28_570; CaCl_1110; LL37_990; CaCl_270; CaCl_90; MgCl_450; Lysozyme_1290; Lysozyme_1020; MgCl_420; Pep28_180; LL37_1260; CaCl_1350; Caffeine_1080; Pep28_150; CaCl_900; Pep28_30; Pep28_1080; Lysozyme_240; LL37_1110; LL37_180; MgCl_480; Caffeine_1200; CaCl_780; Pep28_720; LL37_480; Caffeine_90; Lysine_390; BSA_600; BSA_240; MgCl_1110; MgCl_180; LL37_420; LL37_1140; BSA_1290; LL37_1050; Pep28_690; Lysine_1290; Caffeine_630; CaCl_1140; BSA_690; Lysine_750,C=1; class_weight=None; max_iter=2000; penalty=l2; solver=lbfgs,1.0,100.0,1.0,100.0
11,PE.QH_Chip4_Chan3,Logistic Regression,77,Lysozyme_60; Caffeine_660; Lysozyme_750; LL37_1020; Pep28_360; CaCl_990; Lysozyme_1170; Caffeine_1020; MgCl_270; Lysozyme_30; LL37_390; LL37_1350; Caffeine_690; BSA_210; Lysozyme_90; Lysozyme_960; CaCl_30; BSA_930; Caffeine_1230; BSA_90; Caffeine_990; MgCl_660; Lysozyme_1260; LL37_750; Lysozyme_1200; Lysozyme_690; Lysozyme_720; LL37_540; Lysine_690; LL37_300; Lysine_240; MgCl_1140; CaCl_540; CaCl_150; CaCl_90; Caffeine_570; Lysozyme_120; MgCl_420; CaCl_1110; Pep28_570; Lysozyme_1020; CaCl_270; Pep28_180; MgCl_870; MgCl_450; Lysozyme_1290; Pep28_150; LL37_990; CaCl_900; Lysozyme_240; CaCl_1350; Pep28_1080; Caffeine_1080; Pep28_720; LL37_1110; CaCl_780; Caffeine_90; LL37_1260; LL37_480; Pep28_30; LL37_180; BSA_1290; MgCl_480; MgCl_180; LL37_1140; BSA_600; BSA_240; Lysine_390; LL37_1050; Pep28_690; MgCl_1110; Caffeine_630; Caffeine_1200; LL37_420; CaCl_1140; Lysozyme_630; Lysine_1290,C=0.1; class_weight=None; max_iter=2000; penalty=l2; solver=lbfgs,1.0,100.0,1.0,100.0
12,PE.QH_Chip4_Chan4,Logistic Regression,78,Lysozyme_60; Lysozyme_750; Caffeine_660; LL37_1020; Pep28_360; CaCl_990; Lysozyme_1170; Caffeine_1020; MgCl_270; LL37_390; LL37_1350; Lysozyme_30; Lysozyme_960; Caffeine_690; BSA_210; Lysozyme_90; BSA_90; BSA_930; CaCl_30; LL37_750; Caffeine_990; Caffeine_1230; Lysine_690; MgCl_660; Lysozyme_1260; Lysozyme_690; Lysine_240; LL37_540; Lysozyme_720; Lysozyme_1200; Lysozyme_120; CaCl_540; Caffeine_570; LL37_300; CaCl_150; MgCl_1140; MgCl_870; Pep28_570; CaCl_1110; CaCl_270; CaCl_90; MgCl_420; LL37_990; MgCl_450; Lysozyme_1290; Lysozyme_1020; Pep28_180; LL37_1260; CaCl_1350; Pep28_150; Caffeine_1080; CaCl_900; Pep28_1080; Lysozyme_240; Pep28_30; MgCl_480; LL37_1110; LL37_180; Pep28_720; CaCl_780; Caffeine_1200; LL37_480; Caffeine_90; Lysine_390; MgCl_1110; BSA_600; BSA_240; MgCl_180; LL37_420; BSA_1290; LL37_1140; Pep28_690; LL37_1050; Caffeine_630; BSA_690; Lysine_750; CaCl_1140; Lysine_1290,C=1; class_weight=None; max_iter=2000; penalty=l2; solver=lbfgs,1.0,100.0,1.0,100.0
13,PE.QL_Chip1_Chan1,Logistic Regression,91,Lysozyme_60; Lysozyme_750; Caffeine_660; LL37_1020; Pep28_360; CaCl_990; Lysozyme_1170; MgCl_270; Caffeine_1020; LL37_390; LL37_1350; Lysozyme_30; Caffeine_690; BSA_210; Lysozyme_960; Lysozyme_90; CaCl_30; BSA_90; BSA_930; Caffeine_990; LL37_750; Caffeine_1230; Lysine_690; MgCl_660; Lysozyme_1260; Lysine_240; Lysozyme_690; Lysozyme_1200; LL37_540; MgCl_870; Lysozyme_720; CaCl_540; Caffeine_570; Lysozyme_120; LL37_300; CaCl_150; MgCl_420; MgCl_1140; Pep28_570; LL37_990; CaCl_90; CaCl_1110; Lysozyme_1020; MgCl_450; LL37_1260; Lysozyme_1290; CaCl_270; Pep28_180; Pep28_150; CaCl_1350; CaCl_900; Lysozyme_240; LL37_1110; Caffeine_1200; Caffeine_1080; CaCl_780; MgCl_480; Pep28_1080; Pep28_30; LL37_480; LL37_180; Caffeine_90; BSA_240; Pep28_720; MgCl_1110; Lysine_390; BSA_600; LL37_420; MgCl_180; CaCl_1140; LL37_1050; LL37_1140; BSA_690; Caffeine_630; Lysine_1290; Pep28_690; BSA_1290; Caffeine_360; Lysine_750; Pep28_480; Lysozyme_630; MgCl_240; MgCl_1170; Lysozyme_810; Caffeine_1110; LL37_330; Lysine_600; Lysozyme_270; LL37_30; Lysine_930; MgCl_120,C=10; class_weight=balanced; max_iter=2000; penalty=l2; solver=lbfgs,1.0,100.0,1.0,100.0
14,PE.QL_Chip1_Chan2,Logistic Regression,108,Lysozyme_60; Lysozyme_750; Caffeine_660; LL37_1020; Pep28_360; CaCl_990; Lysozyme_1170; Caffeine_1020; LL37_390; MgCl_270; LL37_1350; Caffeine_690; Lysozyme_30; Lysozyme_960; BSA_90; BSA_210; CaCl_30; Lysozyme_90; BSA_930; Caffeine_990; LL37_750; Lysozyme_690; Caffeine_1230; Lysine_690; Lysozyme_1260; Lysozyme_1200; Lysozyme_720; Lysine_240; MgCl_660; LL37_300; LL37_540; MgCl_870; Caffeine_570; CaCl_540; Pep28_570; CaCl_150; Lysozyme_120; Lysozyme_1290; MgCl_1140; LL37_990; CaCl_270; CaCl_1110; Lysozyme_1020; MgCl_420; MgCl_450; LL37_1260; Pep28_180; Lysozyme_240; Pep28_150; LL37_1110; CaCl_900; Pep28_1080; CaCl_90; MgCl_480; Lysine_390; CaCl_1350; Caffeine_90; LL37_180; Pep28_30; Caffeine_1080; LL37_420; CaCl_780; LL37_480; Pep28_690; MgCl_1110; Pep28_720; Caffeine_1200; LL37_1140; Lysine_750; BSA_600; BSA_240; BSA_690; LL37_1050; BSA_1290; Caffeine_360; CaCl_1140; Caffeine_630; Lysine_1290; Lysozyme_630; Lysozyme_270; Lysozyme_810; MgCl_1170; Pep28_480; Caffeine_1110; MgCl_240; MgCl_180; MgCl_30; LL37_330; Lysine_600; CaCl_1020; LL37_1170; BSA_1260; MgCl_120; Caffeine_30; Caffeine_1050; Lysine_930; MgCl_1020; Caffeine_120; BSA_1140; MgCl_300; BSA_390; Lysine_30; LL37_30; Lysine_1050; Lysine_540; Lysine_1170; Lysozyme_510; Caffeine_150,C=10; class_weight=None; l1_ratio=0.0; max_iter=2000; penalty=l2; solver=saga,1.0,100.0,1.0,100.0
15,PE.QL_Chip1_Chan3,Logistic Regression,78,Lysozyme_60; Lysozyme_750; Caffeine_660; LL37_1020; Pep28_360; CaCl_990; Lysozyme_1170; MgCl_270; Caffeine_1020; LL37_390; LL37_1350; Lysozyme_30; Caffeine_690; Lysozyme_960; BSA_210; Lysozyme_90; BSA_90; CaCl_30; BSA_930; LL37_750; Caffeine_990; Caffeine_1230; Lysine_690; MgCl_660; Lysozyme_1260; Lysozyme_690; Lysine_240; LL37_540; Lysozyme_720; Lysozyme_1200; MgCl_870; CaCl_540; Caffeine_570; Lysozyme_120; LL37_300; CaCl_150; MgCl_1140; Pep28_570; CaCl_1110; LL37_990; CaCl_270; MgCl_450; Lysozyme_1290; Lysozyme_1020; CaCl_90; LL37_1260; Pep28_180; MgCl_420; Caffeine_1080; CaCl_1350; Lysozyme_240; Pep28_150; CaCl_900; Pep28_1080; CaCl_780; Pep28_30; Caffeine_1200; LL37_1110; MgCl_480; LL37_180; LL37_480; Lysine_390; Caffeine_90; Pep28_720; BSA_240; MgCl_1110; BSA_600; LL37_420; Pep28_690; MgCl_180; LL37_1050; BSA_1290; LL37_1140; CaCl_1140; Lysine_750; Lysine_1290; Caffeine_630; BSA_690,C=1; class_weight=None; max_iter=2000; penalty=l2; solver=lbfgs,1.0,100.0,1.0,100.0
16,PE.QL_Chip1_Chan4,Logistic Regression,96,Lysozyme_60; Lysozyme_750; Caffeine_660; LL37_1020; Pep28_360; CaCl_990; Lysozyme_1170; Caffeine_1020; MgCl_270; LL37_390; LL37_1350; Lysozyme_30; Caffeine_690; Lysozyme_960; Lysozyme_90; BSA_210; BSA_90; CaCl_30; BSA_930; LL37_750; Caffeine_990; Caffeine_1230; Lysine_690; MgCl_660; Lysozyme_1260; Lysozyme_690; Lysine_240; Lysozyme_1200; LL37_540; Lysozyme_720; MgCl_870; Lysozyme_120; CaCl_540; Caffeine_570; CaCl_150; LL37_300; MgCl_1140; Pep28_570; CaCl_1110; LL37_990; MgCl_450; CaCl_270; Lysozyme_1290; MgCl_420; CaCl_90; Lysozyme_1020; LL37_1260; Pep28_180; Caffeine_1080; CaCl_1350; Pep28_150; CaCl_900; Lysozyme_240; Pep28_1080; Pep28_30; LL37_1110; LL37_180; MgCl_480; Caffeine_1200; CaCl_780; LL37_480; Caffeine_90; Lysine_390; Pep28_720; MgCl_1110; BSA_240; MgCl_180; BSA_600; LL37_420; Pep28_690; LL37_1050; LL37_1140; BSA_1290; CaCl_1140; Lysine_1290; Caffeine_630; BSA_690; Lysine_750; Lysozyme_630; Caffeine_360; MgCl_240; Pep28_480; MgCl_1170; Lysozyme_270; LL37_330; Lysozyme_810; Caffeine_1110; Lysine_600; Lysine_1170; MgCl_30; Lysine_930; Caffeine_1050; BSA_1260; Caffeine_30; MgCl_120; Lysozyme_510,C=1; class_weight=None; max_iter=2000; penalty=l2; solver=lbfgs,1.0,100.0,1.0,100.0
17,PE.QL_Chip3_Chan1,Logistic Regression,98,Lysozyme_60; Caffeine_660; Lysozyme_750; LL37_1020; Pep28_360; CaCl_990; Lysozyme_1170; MgCl_270; Caffeine_1020; LL37_390; LL37_1350; BSA_210; Lysozyme_30; Caffeine_690; Lysozyme_960; CaCl_30; Lysozyme_90; BSA_930; BSA_90; Caffeine_990; LL37_750; Caffeine_1230; Lysine_690; MgCl_660; Lysozyme_690; Lysozyme_1200; Lysine_240; Lysozyme_1260; MgCl_870; Lysozyme_720; LL37_540; Caffeine_570; Lysozyme_120; LL37_300; CaCl_150; CaCl_540; Pep28_570; MgCl_420; MgCl_1140; Lysozyme_1290; Lysozyme_1020; CaCl_270; LL37_1260; CaCl_1110; MgCl_450; LL37_990; CaCl_90; Pep28_180; Pep28_150; Lysozyme_240; Caffeine_1080; CaCl_1350; Pep28_1080; CaCl_780; CaCl_900; Pep28_30; LL37_1110; Pep28_720; Caffeine_1200; Lysine_390; MgCl_480; LL37_480; Caffeine_90; LL37_420; LL37_180; MgCl_180; LL37_1140; MgCl_1110; BSA_240; BSA_600; LL37_1050; BSA_690; Caffeine_630; CaCl_1140; Lysozyme_630; BSA_1290; Lysine_750; Lysine_1290; Pep28_690; Caffeine_360; Lysozyme_810; Pep28_480; MgCl_1170; MgCl_240; Caffeine_1110; LL37_330; Lysine_1170; MgCl_30; Lysine_600; BSA_1260; Lysozyme_270; MgCl_120; MgCl_1020; LL37_30; Caffeine_30; MgCl_300; Lysozyme_510; Lysine_930,C=1; class_weight=None; max_iter=2000; penalty=l2; solver=lbfgs,1.0,100.0,1.0,100.0
18,PE.QL_Chip3_Chan2,Logistic Regression,95,Lysozyme_60; Lysozyme_750; Caffeine_660; LL37_1020; Pep28_360; CaCl_990; Lysozyme_1170; MgCl_270; Caffeine_1020; LL37_390; LL37_1350; Lysozyme_30; Caffeine_690; Lysozyme_960; BSA_210; CaCl_30; Lysozyme_90; BSA_90; BSA_930; Caffeine_990; LL37_750; Caffeine_1230; Lysine_690; MgCl_660; Lysozyme_690; Lysozyme_1260; Lysine_240; Lysozyme_720; Lysozyme_1200; LL37_540; MgCl_870; Lysozyme_120; Caffeine_570; CaCl_150; CaCl_540; LL37_300; MgCl_1140; Pep28_570; CaCl_1110; MgCl_420; LL37_990; Lysozyme_1290; CaCl_270; Lysozyme_1020; CaCl_90; MgCl_450; Pep28_180; LL37_1260; Pep28_150; CaCl_1350; Caffeine_1080; Lysozyme_240; Pep28_1080; CaCl_900; Pep28_30; LL37_1110; CaCl_780; Caffeine_1200; MgCl_480; Pep28_720; LL37_480; LL37_180; Caffeine_90; Lysine_390; MgCl_180; BSA_240; MgCl_1110; LL37_420; LL37_1140; BSA_600; Caffeine_630; LL37_1050; BSA_1290; Lysine_1290; BSA_690; Pep28_690; CaCl_1140; Lysine_750; Lysozyme_630; Caffeine_360; Pep28_480; MgCl_240; MgCl_1170; Lysozyme_810; Lysozyme_270; Caffeine_1110; LL37_330; Lysine_600; Lysine_1170; MgCl_30; Caffeine_30; Lysozyme_510; MgCl_120; Lysine_930; BSA_1260,C=1; class_weight=None; l1_ratio=0.0; max_iter=2000; penalty=l2; solver=saga,1.0,100.0,1.0,100.0
19,PE.QL_Chip3_Chan3,Logistic Regression,80,Lysozyme_60; Lysozyme_750; Caffeine_660; LL37_1020; Pep28_360; CaCl_990; Lysozyme_1170; Caffeine_1020; MgCl_270; LL37_390; LL37_1350; Lysozyme_30; Caffeine_690; Lysozyme_960; Lysozyme_90; BSA_210; BSA_90; BSA_930; CaCl_30; LL37_750; Caffeine_990; Caffeine_1230; Lysine_690; Lysozyme_1260; MgCl_660; Lysozyme_690; Lysine_240; LL37_540; Lysozyme_1200; Lysozyme_720; MgCl_870; CaCl_540; Lysozyme_120; CaCl_150; Caffeine_570; LL37_300; Pep28_570; MgCl_1140; LL37_990; CaCl_1110; Lysozyme_1290; CaCl_90; MgCl_450; CaCl_270; MgCl_420; Pep28_180; Caffeine_1080; Lysozyme_1020; Pep28_150; LL37_1260; CaCl_1350; CaCl_900; Pep28_30; Pep28_1080; Lysozyme_240; LL37_180; LL37_1110; Caffeine_1200; CaCl_780; MgCl_480; LL37_480; Caffeine_90; Pep28_720; Lysine_390; BSA_240; BSA_600; MgCl_1110; MgCl_180; LL37_420; Lysine_1290; Pep28_690; LL37_1140; BSA_1290; LL37_1050; Lysine_750; BSA_690; Caffeine_630; CaCl_1140; MgCl_240; Pep28_480,C=1; class_weight=None; max_iter=2000; penalty=l2; solver=lbfgs,1.0,100.0,1.0,100.0
20,PE.QL_Chip3_Chan4,Logistic Regression,68,Lysozyme_60; Lysozyme_750; Caffeine_660; LL37_1020; Pep28_360; Lysozyme_1170; CaCl_990; BSA_210; MgCl_270; Lysozyme_960; LL37_1350; Caffeine_1020; LL37_390; CaCl_30; Caffeine_690; BSA_90; LL37_750; BSA_930; Lysozyme_90; Lysine_690; Lysozyme_1260; Lysozyme_690; CaCl_1110; Caffeine_570; Caffeine_1230; Lysozyme_720; Lysine_240; Lysozyme_1200; Caffeine_990; Lysozyme_120; MgCl_660; LL37_300; CaCl_150; LL37_540; MgCl_870; Lysozyme_1290; MgCl_1140; Pep28_30; LL37_990; CaCl_270; MgCl_420; CaCl_1350; Pep28_570; LL37_180; LL37_1260; Pep28_1080; Lysozyme_1020; Pep28_150; Lysozyme_30; MgCl_450; Pep28_180; BSA_600; CaCl_780; Caffeine_90; Lysine_390; LL37_1110; Caffeine_1080; CaCl_540; LL37_480; Lysine_1290; Caffeine_630; Lysozyme_240; MgCl_480; LL37_1050; MgCl_1110; Pep28_690; CaCl_90; LL37_330,C=1; class_weight=None; max_iter=2000; penalty=l2; solver=lbfgs,0.7222222222222222,72.22222222222221,0.4193548387096774,41.93548387096774
21,PE.QL_Chip4_Chan1,Logistic Regression,131,Lysozyme_60; Lysozyme_750; Caffeine_660; LL37_1020; Pep28_360; CaCl_990; Lysozyme_1170; Caffeine_1020; LL37_390; MgCl_270; LL37_1350; Lysozyme_960; BSA_210; Lysozyme_30; Caffeine_690; BSA_90; CaCl_30; BSA_930; Caffeine_990; Lysozyme_90; LL37_750; Lysozyme_690; Lysozyme_1200; Lysine_240; Caffeine_1230; Lysine_690; MgCl_660; Lysozyme_720; MgCl_870; Lysozyme_1260; Caffeine_570; CaCl_150; LL37_540; Lysozyme_120; LL37_990; LL37_300; MgCl_1140; CaCl_540; MgCl_420; Lysozyme_1290; Lysozyme_1020; LL37_1260; MgCl_450; Pep28_180; Pep28_570; CaCl_90; Caffeine_1080; CaCl_1350; Pep28_150; LL37_1110; CaCl_270; CaCl_900; Caffeine_1200; Lysozyme_240; Pep28_30; LL37_180; Pep28_1080; Lysine_390; CaCl_780; Caffeine_90; BSA_240; LL37_420; BSA_600; LL37_480; MgCl_480; Pep28_720; LL37_1050; MgCl_1110; CaCl_1140; BSA_1290; Lysozyme_630; MgCl_180; BSA_690; Lysine_750; LL37_1140; Lysine_1290; Pep28_690; LL37_330; MgCl_1170; Pep28_90; Caffeine_630; Caffeine_1110; BSA_1260; Pep28_480; Caffeine_360; MgCl_240; Caffeine_150; Lysozyme_810; Lysine_600; BSA_390; BSA_1140; Lysozyme_270; MgCl_120; MgCl_1350; Caffeine_30; LL37_1170; Lysine_1170; Lysozyme_480; CaCl_1020; MgCl_1020; Lysine_930; Caffeine_120; LL37_30; Lysine_1050; Lysozyme_510; Lysine_540; Lysine_840; Lysine_210; Pep28_810; Caffeine_1050; MgCl_30; Lysine_660; Caffeine_930; Caffeine_1140; Caffeine_870; BSA_1200; Caffeine_390; CaCl_1110; LL37_690; Pep28_870; BSA_660; BSA_30; Lysozyme_1050; Caffeine_510; MgCl_300; CaCl_1170; CaCl_300; CaCl_390; Lysine_420; LL37_360; LL37_450,C=100; class_weight=None; l1_ratio=0.0; max_iter=2000; penalty=l1; solver=saga,0.6111111111111112,61.111111111111114,0.3793103448275862,37.93103448275862
22,PE.QL_Chip4_Chan2,Logistic Regression,87,Lysozyme_60; Caffeine_660; Lysozyme_750; LL37_1020; Pep28_360; CaCl_990; LL37_390; Caffeine_1230; Lysozyme_30; Caffeine_690; BSA_210; MgCl_270; LL37_1350; Lysozyme_90; Caffeine_1020; Lysozyme_1170; Caffeine_990; Lysozyme_960; CaCl_30; MgCl_870; Lysine_240; LL37_750; Lysozyme_1260; BSA_930; MgCl_660; Lysine_690; LL37_300; Lysozyme_1200; CaCl_150; LL37_1260; CaCl_1110; LL37_540; BSA_90; Pep28_570; CaCl_540; Lysozyme_720; Lysozyme_690; Lysozyme_1020; Caffeine_570; Lysine_390; LL37_990; BSA_1020; Lysozyme_120; MgCl_1140; Pep28_180; Pep28_1080; MgCl_420; CaCl_270; Pep28_150; MgCl_450; Caffeine_1200; Caffeine_1080; Lysozyme_630; Caffeine_360; Caffeine_630; Lysozyme_1290; CaCl_1350; LL37_1110; BSA_1290; LL37_180; Pep28_720; CaCl_90; Pep28_30; BSA_240; MgCl_1110; Caffeine_90; MgCl_180; MgCl_480; BSA_690; Pep28_90; CaCl_780; Caffeine_1110; Lysozyme_240; LL37_1050; CaCl_900; BSA_990; LL37_420; LL37_1140; Lysine_1290; LL37_480; Lysine_540; BSA_600; CaCl_1140; Caffeine_120; Lysine_750; MgCl_120; Lysine_210,C=1; class_weight=None; max_iter=2000; penalty=l2; solver=lbfgs,0.7222222222222222,72.22222222222221,0.4193548387096774,41.93548387096774
23,PE.QL_Chip4_Chan3,Logistic Regression,101,Lysozyme_60; Lysozyme_750; Caffeine_660; LL37_1020; Pep28_360; CaCl_990; Caffeine_1020; Lysozyme_30; LL37_390; Lysozyme_90; Lysozyme_1170; MgCl_270; Caffeine_690; CaCl_30; LL37_1350; Lysozyme_960; BSA_210; LL37_750; BSA_90; BSA_930; Lysine_690; Lysozyme_690; Lysozyme_1200; MgCl_870; MgCl_660; Caffeine_990; Lysozyme_1260; Caffeine_1230; LL37_540; Lysine_240; Lysozyme_120; Lysozyme_720; CaCl_540; CaCl_150; CaCl_270; Pep28_570; Caffeine_570; Lysozyme_240; CaCl_1110; LL37_300; CaCl_90; MgCl_1140; Pep28_180; Caffeine_1080; Lysozyme_1290; Lysozyme_1020; Pep28_30; CaCl_900; LL37_180; CaCl_1350; Caffeine_1200; MgCl_450; LL37_1260; MgCl_420; MgCl_480; Pep28_150; MgCl_180; Pep28_1080; LL37_990; Lysine_390; CaCl_780; Caffeine_90; Pep28_720; LL37_1110; Caffeine_630; LL37_480; BSA_600; Pep28_690; Lysine_750; Lysozyme_630; LL37_1140; MgCl_1110; MgCl_240; LL37_420; Lysine_1290; LL37_1050; MgCl_1170; BSA_1290; Pep28_480; Caffeine_360; BSA_240; Lysozyme_270; Caffeine_30; Lysozyme_810; LL37_330; Caffeine_1110; BSA_690; MgCl_300; Lysine_30; Caffeine_1050; BSA_1260; Lysozyme_510; MgCl_30; Lysozyme_480; Lysine_930; Lysine_600; CaCl_1020; Caffeine_150; MgCl_120; LL37_30; Lysine_540,C=100; class_weight=balanced; l1_ratio=0.0; max_iter=2000; penalty=l2; solver=saga,0.8333333333333334,83.33333333333334,0.4545454545454545,45.454545454545446
24,PE.QL_Chip4_Chan4,Logistic Regression,168,Lysozyme_750; Lysozyme_60; Caffeine_660; LL37_1020; Pep28_360; CaCl_990; Lysozyme_1170; Caffeine_1020; MgCl_270; Lysozyme_30; LL37_390; LL37_1350; CaCl_30; Caffeine_690; Lysozyme_960; BSA_90; BSA_210; BSA_930; Lysozyme_90; Caffeine_1230; Caffeine_990; Lysozyme_690; Lysine_690; LL37_750; Lysozyme_720; LL37_540; CaCl_1110; Lysozyme_1200; MgCl_660; Lysine_240; Lysozyme_120; Lysozyme_1260; Lysozyme_1290; MgCl_1140; CaCl_150; Caffeine_570; MgCl_870; LL37_990; CaCl_540; Pep28_150; LL37_300; CaCl_1350; Lysozyme_1020; Pep28_1080; LL37_480; CaCl_270; Caffeine_1080; MgCl_450; Pep28_720; MgCl_420; Pep28_570; CaCl_90; Lysozyme_240; Pep28_180; LL37_1260; LL37_180; CaCl_1140; LL37_1110; BSA_690; Caffeine_90; BSA_240; Caffeine_1200; MgCl_1110; CaCl_900; BSA_600; CaCl_780; Lysine_390; Pep28_30; BSA_1290; MgCl_480; LL37_420; MgCl_180; LL37_1050; Lysine_750; Lysine_1170; Caffeine_360; Lysozyme_630; LL37_1140; MgCl_240; Caffeine_630; Lysine_1290; MgCl_1170; Lysine_600; MgCl_30; Pep28_480; Caffeine_1050; Lysozyme_270; MgCl_300; Caffeine_1110; Lysozyme_810; Lysine_930; Lysozyme_480; MgCl_1020; CaCl_1020; Pep28_690; Pep28_90; LL37_330; MgCl_330; Lysine_540; Caffeine_150; CaCl_60; Pep28_120; LL37_840; BSA_390; Caffeine_120; BSA_300; BSA_1140; Caffeine_390; MgCl_1350; Lysine_1050; Lysozyme_510; BSA_1200; MgCl_120; LL37_1170; Lysine_210; CaCl_300; CaCl_390; Lysozyme_840; BSA_660; Lysine_660; LL37_60; BSA_1260; Caffeine_930; Caffeine_510; LL37_690; MgCl_60; Lysine_840; Caffeine_1140; CaCl_1170; BSA_1320; Lysine_420; Caffeine_870; Lysine_1230; Caffeine_30; Lysozyme_660; Lysozyme_1320; LL37_30; Lysine_900; LL37_360; Lysozyme_300; MgCl_90; BSA_1020; LL37_450; Lysozyme_390; Lysozyme_1050; Caffeine_180; Lysine_30; Lysine_1260; CaCl_1290; BSA_30; Pep28_810; Pep28_870; CaCl_1080; BSA_1350; Pep28_780; Lysozyme_1350; MgCl_930; Caffeine_450; BSA_330; Pep28_210; LL37_930; BSA_750; MgCl_960; MgCl_600; Caffeine_810; Pep28_1110; LL37_240; MgCl_1260,C=100; class_weight=None; l1_ratio=0.0; max_iter=2000; penalty=l2; solver=saga,0.9444444444444444,94.44444444444444,0.4857142857142857,48.57142857142857
25,PE.QM_Chip1_Chan1,Logistic Regression,101,Lysozyme_60; Lysozyme_750; Caffeine_660; LL37_1020; Pep28_360; CaCl_990; Lysozyme_1170; Caffeine_1020; MgCl_270; LL37_390; LL37_1350; Lysozyme_30; Caffeine_690; BSA_210; Lysozyme_960; CaCl_30; Lysozyme_90; BSA_930; BSA_90; Caffeine_990; LL37_750; Caffeine_1230; Lysine_690; MgCl_660; Lysozyme_690; Lysine_240; Lysozyme_1260; Lysozyme_1200; MgCl_870; Lysozyme_720; LL37_540; Caffeine_570; Lysozyme_120; CaCl_540; CaCl_150; LL37_300; Pep28_570; MgCl_1140; Lysozyme_1290; Lysozyme_1020; CaCl_1110; MgCl_420; LL37_1260; LL37_990; CaCl_270; MgCl_450; CaCl_90; Pep28_150; CaCl_1350; Pep28_180; Caffeine_1080; Lysozyme_240; CaCl_900; Pep28_1080; LL37_1110; Pep28_720; CaCl_780; Pep28_30; Caffeine_1200; LL37_480; MgCl_480; Caffeine_90; Lysine_390; LL37_180; BSA_240; MgCl_180; MgCl_1110; LL37_420; LL37_1140; BSA_600; LL37_1050; Pep28_690; BSA_1290; BSA_690; Lysine_1290; Caffeine_630; CaCl_1140; Lysozyme_630; Caffeine_360; Lysine_750; MgCl_240; MgCl_1170; Pep28_480; Lysozyme_810; Lysozyme_270; LL37_330; Lysine_600; Caffeine_1110; MgCl_30; Caffeine_30; BSA_1260; Lysine_1170; Caffeine_1050; Lysozyme_510; Lysine_930; MgCl_120; LL37_1170; LL37_30; MgCl_300; Pep28_90; MgCl_1020,C=1; class_weight=None; max_iter=2000; penalty=l2; solver=lbfgs,1.0,100.0,1.0,100.0
26,PE.QM_Chip1_Chan2,Logistic Regression,98,Lysozyme_60; Lysozyme_750; Caffeine_660; LL37_1020; CaCl_990; Pep28_360; MgCl_270; Lysozyme_1170; Caffeine_1020; BSA_210; LL37_1350; LL37_390; Lysozyme_960; Caffeine_690; CaCl_30; Lysozyme_30; Lysozyme_90; BSA_930; LL37_750; Caffeine_1230; Lysozyme_720; Caffeine_990; BSA_90; Lysine_690; Lysozyme_1200; Lysozyme_120; CaCl_1110; LL37_300; Caffeine_570; MgCl_870; Lysine_240; LL37_540; MgCl_660; CaCl_780; MgCl_1140; CaCl_540; Pep28_570; Lysozyme_1260; Lysozyme_690; MgCl_450; CaCl_90; Pep28_1080; Lysine_1290; LL37_1260; LL37_990; CaCl_150; Lysozyme_1290; Pep28_180; CaCl_270; Lysozyme_240; Pep28_720; MgCl_420; Pep28_150; LL37_1140; LL37_180; LL37_480; Caffeine_1200; CaCl_900; Caffeine_1080; Lysozyme_1020; CaCl_1350; MgCl_480; Caffeine_630; Caffeine_90; MgCl_180; LL37_1110; Pep28_690; BSA_600; BSA_240; Lysine_390; MgCl_1110; BSA_690; BSA_1290; LL37_420; Lysine_600; LL37_1050; LL37_330; Lysine_540; LL37_30; Lysine_660; Caffeine_30; Lysozyme_630; Lysine_750; CaCl_1140; Caffeine_360; MgCl_1020; CaCl_750; MgCl_1350; MgCl_1170; Pep28_480; CaCl_390; Caffeine_930; MgCl_120; Caffeine_1110; BSA_1260; Pep28_30; Lysine_210; BSA_750,C=0.1; class_weight=balanced; max_iter=2000; penalty=l2; solver=lbfgs,0.7777777777777778,77.77777777777779,0.4375,43.75
27,PE.QM_Chip1_Chan3,Logistic Regression,101,Lysozyme_60; Lysozyme_750; Caffeine_660; LL37_1020; Pep28_360; CaCl_990; Lysozyme_1170; Caffeine_1020; MgCl_270; LL37_1350; LL37_390; Lysozyme_30; Lysozyme_960; Caffeine_690; BSA_210; Lysozyme_90; BSA_90; BSA_930; CaCl_30; LL37_750; Caffeine_990; Caffeine_1230; Lysine_690; Lysozyme_690; Lysine_240; MgCl_660; Lysozyme_1260; LL37_540; Lysozyme_1200; MgCl_870; Lysozyme_720; CaCl_540; CaCl_150; Caffeine_570; Lysozyme_120; Pep28_570; LL37_300; MgCl_1140; Lysozyme_1020; CaCl_1110; CaCl_270; LL37_990; LL37_1260; MgCl_450; MgCl_420; CaCl_1350; CaCl_90; Caffeine_1080; Lysozyme_1290; Pep28_150; Pep28_180; Pep28_30; Lysozyme_240; CaCl_900; LL37_1110; CaCl_780; MgCl_480; Lysine_390; Caffeine_90; Pep28_720; Caffeine_1200; LL37_180; LL37_480; Pep28_1080; BSA_240; LL37_420; LL37_1050; MgCl_1110; MgCl_180; Pep28_690; CaCl_1140; BSA_600; Lysine_1290; LL37_1140; BSA_690; BSA_1290; Lysine_750; Caffeine_630; Lysozyme_630; Caffeine_360; MgCl_240; MgCl_1170; Pep28_480; Lysozyme_270; LL37_330; Lysozyme_810; Caffeine_1110; Lysine_600; Caffeine_1050; BSA_1260; Lysozyme_510; MgCl_30; Lysine_1170; Lysine_930; Caffeine_30; LL37_1170; Caffeine_150; MgCl_120; MgCl_300; Pep28_90; Caffeine_120,C=10; class_weight=None; max_iter=2000; penalty=l2; solver=lbfgs,1.0,100.0,1.0,100.0
28,PE.QM_Chip1_Chan4,Logistic Regression,78,Lysozyme_60; Lysozyme_750; Caffeine_660; LL37_1020; Pep28_360; CaCl_990; Lysozyme_1170; Caffeine_1020; MgCl_270; LL37_390; LL37_1350; Lysozyme_30; Caffeine_690; BSA_210; Lysozyme_960; CaCl_30; Lysozyme_90; BSA_90; BSA_930; LL37_750; Caffeine_1230; Caffeine_990; Lysine_690; MgCl_660; Lysozyme_1260; Lysozyme_690; Lysine_240; LL37_540; Lysozyme_1200; MgCl_870; Lysozyme_720; CaCl_150; Caffeine_570; CaCl_540; Pep28_570; Lysozyme_120; LL37_300; Pep28_180; MgCl_420; LL37_990; Lysozyme_1020; Lysozyme_1290; Pep28_150; MgCl_1140; MgCl_450; CaCl_90; CaCl_1110; CaCl_270; CaCl_1350; Caffeine_1080; LL37_1260; Lysozyme_240; CaCl_900; Pep28_1080; CaCl_780; LL37_180; Caffeine_1200; LL37_480; Pep28_30; Lysine_390; LL37_1110; Pep28_720; MgCl_480; BSA_600; BSA_240; LL37_1050; Caffeine_90; BSA_690; LL37_1140; MgCl_1110; Pep28_690; MgCl_180; Lysine_750; LL37_420; BSA_1290; CaCl_1140; Pep28_480; Caffeine_630,C=0.01; class_weight=balanced; l1_ratio=0.0; max_iter=2000; penalty=l2; solver=saga,0.6111111111111112,61.111111111111114,0.3793103448275862,37.93103448275862
29,PE.QM_Chip3_Chan1,Logistic Regression,148,Lysozyme_60; Caffeine_660; Lysozyme_750; Pep28_360; LL37_1020; CaCl_990; Lysozyme_1170; Caffeine_1020; MgCl_270; LL37_390; LL37_1350; Caffeine_690; BSA_210; Lysozyme_30; Lysozyme_960; BSA_930; Lysozyme_90; CaCl_30; BSA_90; Lysine_690; Caffeine_1230; LL37_750; Caffeine_990; Lysozyme_690; Lysine_240; MgCl_660; Lysozyme_1260; LL37_540; Lysozyme_720; Lysozyme_1200; CaCl_540; MgCl_870; Lysozyme_120; Caffeine_570; CaCl_270; CaCl_150; CaCl_1110; Pep28_570; MgCl_1140; MgCl_450; LL37_300; MgCl_420; CaCl_90; Pep28_180; LL37_990; Lysozyme_1290; Lysozyme_1020; LL37_1260; Pep28_150; CaCl_900; Pep28_1080; CaCl_1350; Caffeine_1080; CaCl_780; Lysozyme_240; Caffeine_1200; Pep28_720; Pep28_30; BSA_240; LL37_1110; MgCl_480; LL37_180; MgCl_180; LL37_480; Caffeine_90; Pep28_690; Lysine_1290; Lysine_390; BSA_600; MgCl_1110; LL37_1050; Caffeine_630; LL37_420; BSA_690; CaCl_1140; Lysine_750; Lysozyme_630; LL37_1140; BSA_1290; MgCl_1170; Lysozyme_270; MgCl_300; MgCl_240; LL37_330; Pep28_480; Caffeine_1050; Caffeine_360; Caffeine_1110; Lysozyme_810; LL37_1170; BSA_390; LL37_30; Lysine_600; Lysine_1170; Lysozyme_510; Caffeine_150; Caffeine_870; CaCl_1020; MgCl_120; LL37_840; BSA_1260; Caffeine_120; Lysine_540; BSA_300; CaCl_1170; Pep28_90; Lysine_840; Lysine_930; MgCl_30; Caffeine_930; Caffeine_30; LL37_690; Lysine_1050; Lysine_420; Lysine_30; MgCl_1020; MgCl_1350; Lysozyme_480; MgCl_60; Lysozyme_840; Caffeine_390; CaCl_390; BSA_30; BSA_1140; MgCl_90; Caffeine_180; Pep28_120; Lysine_660; Caffeine_1140; Pep28_870; Lysozyme_660; CaCl_300; CaCl_60; MgCl_330; Lysine_210; Lysine_900; LL37_450; Caffeine_210; LL37_360; Caffeine_510; Lysozyme_1320; LL37_60; BSA_660; Lysine_1230; Lysine_1260; BSA_1200; BSA_750; Lysozyme_1050,C=1; class_weight=None; max_iter=2000; penalty=l2; solver=lbfgs,1.0,100.0,1.0,100.0
30,PE.QM_Chip3_Chan2,Logistic Regression,121,Lysozyme_60; Lysozyme_750; Caffeine_660; LL37_1020; Pep28_360; CaCl_990; Lysozyme_1170; LL37_1350; MgCl_270; LL37_390; Lysozyme_30; Lysozyme_90; Caffeine_1020; BSA_210; Lysozyme_960; Caffeine_690; CaCl_30; Caffeine_990; Lysozyme_1200; BSA_930; Caffeine_1230; Lysine_240; LL37_750; BSA_90; MgCl_660; MgCl_870; Lysine_690; Lysozyme_690; Lysozyme_1260; LL37_540; LL37_300; MgCl_1140; CaCl_540; MgCl_420; CaCl_150; Lysozyme_720; Caffeine_570; Lysozyme_120; CaCl_90; Lysozyme_1290; LL37_1260; MgCl_450; CaCl_270; CaCl_1110; Pep28_150; Pep28_180; Pep28_570; Lysozyme_1020; LL37_990; Lysozyme_240; Pep28_1080; LL37_1110; Lysine_390; CaCl_780; BSA_1290; CaCl_1350; LL37_1050; MgCl_480; LL37_180; Pep28_720; Caffeine_1200; BSA_240; Pep28_30; Caffeine_1080; CaCl_900; MgCl_300; CaCl_1140; MgCl_180; LL37_480; LL37_1140; Caffeine_90; BSA_600; LL37_420; BSA_690; Lysozyme_630; Caffeine_630; MgCl_1110; Lysine_1290; MgCl_30; Pep28_690; Caffeine_360; Lysozyme_810; Lysine_750; MgCl_1170; MgCl_240; BSA_1260; MgCl_1350; BSA_1140; Caffeine_1110; Lysine_1170; Lysozyme_270; Lysine_1050; Lysozyme_510; MgCl_1020; Lysine_840; Lysine_540; MgCl_120; Lysine_660; Lysine_600; Caffeine_120; Pep28_480; Pep28_90; Lysine_930; Caffeine_30; BSA_390; Lysozyme_480; LL37_330; Lysine_420; BSA_300; Caffeine_930; Lysine_210; CaCl_1020; BSA_1350; Caffeine_1050; LL37_30; BSA_1200; LL37_1170; Caffeine_390; Lysozyme_840; Caffeine_1140; CaCl_1170,C=1; class_weight=None; max_iter=2000; penalty=l2; solver=lbfgs,0.9444444444444444,94.44444444444444,0.4857142857142857,48.57142857142857
31,PE.QM_Chip3_Chan3,Logistic Regression,101,Lysozyme_60; Lysozyme_750; Caffeine_660; LL37_1020; Pep28_360; CaCl_990; Lysozyme_1170; MgCl_270; Caffeine_1020; LL37_390; LL37_1350; Lysozyme_30; Caffeine_690; BSA_210; Lysozyme_960; CaCl_30; Lysozyme_90; BSA_930; BSA_90; Caffeine_990; LL37_750; Caffeine_1230; Lysine_690; MgCl_660; Lysozyme_690; Lysine_240; Lysozyme_1260; Lysozyme_1200; Lysozyme_720; MgCl_870; LL37_540; Lysozyme_120; Caffeine_570; LL37_300; CaCl_540; CaCl_150; Pep28_570; MgCl_1140; MgCl_420; Lysozyme_1290; Lysozyme_1020; CaCl_1110; CaCl_270; LL37_1260; MgCl_450; LL37_990; CaCl_90; Pep28_180; Pep28_150; CaCl_1350; Caffeine_1080; Lysozyme_240; Pep28_1080; CaCl_900; Pep28_30; CaCl_780; LL37_1110; Pep28_720; Caffeine_1200; Lysine_390; MgCl_480; LL37_480; Caffeine_90; LL37_180; LL37_420; MgCl_180; BSA_240; MgCl_1110; BSA_600; LL37_1140; Caffeine_630; LL37_1050; BSA_690; CaCl_1140; Lysine_1290; BSA_1290; Pep28_690; Lysozyme_630; Lysine_750; Caffeine_360; Pep28_480; Lysozyme_810; MgCl_240; MgCl_1170; LL37_330; Caffeine_1110; Lysozyme_270; Lysine_600; Lysine_1170; MgCl_30; BSA_1260; MgCl_120; Caffeine_30; MgCl_1020; LL37_30; Lysozyme_510; MgCl_300; Caffeine_1050; Lysine_930; BSA_390; Lysine_1050,C=1; class_weight=None; l1_ratio=0.0; max_iter=2000; penalty=l2; solver=saga,1.0,100.0,1.0,100.0
32,PE.QM_Chip3_Chan4,Logistic Regression,73,Lysozyme_60; Lysozyme_750; Caffeine_660; LL37_1020; Pep28_360; CaCl_990; Lysozyme_1170; MgCl_270; Caffeine_1020; Lysozyme_30; LL37_390; LL37_1350; Lysozyme_960; Caffeine_690; BSA_210; CaCl_30; Lysozyme_90; BSA_90; BSA_930; LL37_750; Caffeine_990; Lysine_690; Caffeine_1230; MgCl_660; Lysozyme_1260; Lysozyme_690; Lysozyme_720; Lysine_240; MgCl_870; Lysozyme_1200; LL37_540; Caffeine_570; CaCl_540; Lysozyme_120; LL37_300; Pep28_570; CaCl_150; Lysozyme_1020; CaCl_270; Lysozyme_1290; MgCl_1140; LL37_990; CaCl_1350; MgCl_450; CaCl_1110; MgCl_420; Caffeine_1080; Pep28_180; Pep28_150; LL37_1260; CaCl_900; Pep28_30; CaCl_90; Pep28_1080; Lysozyme_240; LL37_1110; MgCl_480; Pep28_720; Caffeine_1200; Caffeine_90; LL37_480; Lysine_390; LL37_1140; LL37_180; LL37_420; CaCl_780; LL37_1050; BSA_240; BSA_1290; MgCl_180; MgCl_1110; BSA_600; Lysine_1290,C=0.1; class_weight=None; l1_ratio=0.0; max_iter=2000; penalty=l2; solver=saga,1.0,100.0,1.0,100.0
33,PE.QM_Chip4_Chan1,Logistic Regression,75,Lysozyme_60; Lysozyme_750; Caffeine_660; LL37_1020; Pep28_360; CaCl_990; Lysozyme_1170; Caffeine_1020; MgCl_270; LL37_390; LL37_1350; Lysozyme_960; Lysozyme_30; Caffeine_690; BSA_210; Lysozyme_90; BSA_930; BSA_90; CaCl_30; Caffeine_990; LL37_750; Caffeine_1230; Lysine_690; MgCl_660; Lysozyme_1260; Lysozyme_690; Lysine_240; LL37_540; Lysozyme_720; Lysozyme_1200; MgCl_870; Lysozyme_120; CaCl_540; Caffeine_570; LL37_300; MgCl_1140; CaCl_1110; Pep28_570; MgCl_420; Lysozyme_1020; Lysozyme_1290; LL37_990; LL37_1260; Pep28_180; MgCl_450; CaCl_150; Caffeine_1080; CaCl_1350; CaCl_270; CaCl_90; Pep28_150; Pep28_30; CaCl_900; Caffeine_1200; Pep28_1080; CaCl_780; LL37_1110; Pep28_720; MgCl_480; Lysozyme_240; LL37_180; Caffeine_90; LL37_480; BSA_600; Lysine_390; MgCl_180; LL37_420; Pep28_690; BSA_240; MgCl_1110; LL37_1050; Caffeine_630; CaCl_1140; Lysine_1290; Lysozyme_630,C=1; class_weight=None; max_iter=2000; penalty=l2; solver=lbfgs,1.0,100.0,1.0,100.0
34,PE.QM_Chip4_Chan2,Logistic Regression,77,Lysozyme_60; Lysozyme_750; Caffeine_660; LL37_1020; Pep28_360; CaCl_990; Lysozyme_1170; Caffeine_1020; MgCl_270; LL37_390; Lysozyme_30; LL37_1350; Lysozyme_960; Caffeine_690; Lysozyme_90; BSA_210; BSA_90; CaCl_30; BSA_930; LL37_750; Caffeine_1230; Caffeine_990; Lysine_690; MgCl_660; Lysozyme_1260; Lysozyme_690; Lysine_240; LL37_540; Lysozyme_720; Lysozyme_1200; CaCl_540; MgCl_870; CaCl_150; Caffeine_570; Lysozyme_120; LL37_300; MgCl_1140; Pep28_570; CaCl_1110; LL37_990; CaCl_270; CaCl_90; MgCl_450; Lysozyme_1290; Lysozyme_1020; Pep28_180; MgCl_420; Caffeine_1080; LL37_1260; CaCl_1350; Pep28_150; Pep28_30; CaCl_900; Pep28_1080; Lysozyme_240; LL37_180; Caffeine_1200; MgCl_480; Pep28_720; LL37_1110; CaCl_780; Caffeine_90; LL37_480; Lysine_390; BSA_600; MgCl_180; BSA_240; MgCl_1110; LL37_420; LL37_1140; Pep28_690; BSA_1290; Lysine_750; Lysine_1290; CaCl_1140; LL37_1050; Caffeine_630,C=1; class_weight=None; max_iter=2000; penalty=l2; solver=lbfgs,1.0,100.0,1.0,100.0
35,PE.QM_Chip4_Chan3,Logistic Regression,70,Lysozyme_60; Lysozyme_750; Caffeine_660; LL37_1020; Pep28_360; CaCl_990; Lysozyme_1170; Caffeine_1020; MgCl_270; LL37_390; Lysozyme_30; LL37_1350; Lysozyme_960; Caffeine_690; Lysozyme_90; BSA_210; BSA_90; BSA_930; CaCl_30; LL37_750; Caffeine_990; Caffeine_1230; Lysine_690; MgCl_660; Lysozyme_1260; Lysozyme_690; Lysine_240; Lysozyme_720; Lysozyme_1200; LL37_540; MgCl_870; CaCl_540; Lysozyme_120; Caffeine_570; CaCl_150; LL37_300; MgCl_1140; Pep28_570; CaCl_1110; LL37_990; MgCl_450; CaCl_270; Lysozyme_1290; CaCl_90; MgCl_420; Lysozyme_1020; Pep28_180; LL37_1260; Caffeine_1080; CaCl_1350; Pep28_150; CaCl_900; Pep28_30; Pep28_1080; Lysozyme_240; LL37_180; Caffeine_1200; LL37_1110; MgCl_480; Pep28_720; LL37_480; CaCl_780; Caffeine_90; Lysine_390; BSA_600; MgCl_1110; BSA_240; MgCl_180; LL37_420; BSA_1290,C=1; class_weight=None; l1_ratio=0.0; max_iter=2000; penalty=l2; solver=saga,1.0,100.0,1.0,100.0
36,PE.QM_Chip4_Chan4,Logistic Regression,93,Lysozyme_60; Lysozyme_750; Caffeine_660; Pep28_360; LL37_1020; CaCl_990; Caffeine_1020; MgCl_270; BSA_210; Lysozyme_1170; LL37_390; LL37_1350; Lysozyme_30; Lysozyme_960; Caffeine_690; BSA_930; BSA_90; Lysozyme_90; Caffeine_990; Lysine_690; CaCl_30; Lysine_240; Caffeine_1230; LL37_540; Lysozyme_690; Lysozyme_720; MgCl_660; Lysozyme_1200; Lysozyme_1260; Caffeine_570; LL37_750; LL37_300; MgCl_420; LL37_1260; MgCl_870; CaCl_540; Pep28_570; Lysozyme_1020; CaCl_1110; CaCl_150; LL37_990; MgCl_1140; Lysozyme_120; Lysozyme_1290; CaCl_900; Pep28_30; Pep28_180; CaCl_270; Lysozyme_240; CaCl_1350; Caffeine_1080; MgCl_480; MgCl_450; Pep28_150; Lysine_390; Pep28_1080; LL37_180; BSA_600; LL37_480; BSA_1290; Pep28_720; CaCl_780; LL37_1110; Caffeine_90; Caffeine_630; Caffeine_1200; LL37_1140; BSA_240; CaCl_1140; Lysine_1290; CaCl_90; Pep28_480; LL37_330; MgCl_1110; MgCl_180; Pep28_690; Lysozyme_810; LL37_420; MgCl_1170; MgCl_30; Caffeine_360; Caffeine_120; MgCl_120; Caffeine_1110; MgCl_1350; Caffeine_1140; Lysozyme_630; Lysine_750; MgCl_240; Lysine_1170; Lysine_30; Lysine_600; BSA_1260,C=10; class_weight=balanced; max_iter=2000; penalty=l2; solver=lbfgs,0.4444444444444444,44.44444444444444,0.3076923076923077,30.76923076923077
37,PF.QH_Chip1_Chan1,Logistic Regression,161,Lysozyme_60; Caffeine_660; Lysozyme_750; LL37_1020; Pep28_360; Caffeine_690; CaCl_990; Lysozyme_1170; Caffeine_1020; MgCl_270; LL37_1350; LL37_390; BSA_210; CaCl_30; Lysozyme_960; Lysozyme_30; Caffeine_1230; Lysozyme_90; BSA_90; BSA_930; Caffeine_990; MgCl_660; Lysozyme_720; LL37_750; Lysozyme_1200; Lysozyme_1260; CaCl_90; Lysozyme_120; Lysine_690; MgCl_870; Caffeine_570; LL37_540; Lysine_240; Pep28_570; CaCl_150; Pep28_150; Lysozyme_690; LL37_300; Lysozyme_1290; CaCl_1110; LL37_1260; CaCl_270; MgCl_450; Lysozyme_1020; Pep28_180; CaCl_540; MgCl_1140; MgCl_420; LL37_990; Caffeine_90; CaCl_780; Lysine_390; LL37_1110; Pep28_30; Pep28_1080; Pep28_720; CaCl_900; Caffeine_1080; Lysozyme_240; MgCl_1110; BSA_240; LL37_420; Caffeine_630; MgCl_480; Caffeine_1200; LL37_480; Pep28_690; MgCl_180; CaCl_1350; CaCl_1140; CaCl_1020; LL37_1050; BSA_600; LL37_1140; Caffeine_360; BSA_1290; BSA_690; Lysine_750; LL37_180; Lysozyme_810; MgCl_1350; MgCl_240; Lysozyme_630; Lysozyme_270; MgCl_1170; Caffeine_120; Lysine_1290; Lysine_930; MgCl_300; MgCl_120; Caffeine_30; Caffeine_390; LL37_30; Lysine_540; MgCl_1020; BSA_1140; Caffeine_1050; BSA_30; BSA_390; BSA_1260; Lysine_210; Caffeine_1110; Lysine_600; MgCl_30; Lysine_1170; LL37_330; Lysine_420; Lysozyme_480; Lysozyme_510; Pep28_480; Caffeine_930; Pep28_90; Lysine_660; Lysine_1050; Pep28_870; LL37_1170; LL37_840; Caffeine_150; Caffeine_1140; Lysine_30; Lysine_1230; BSA_300; Pep28_810; CaCl_60; CaCl_1170; Lysozyme_660; BSA_1200; LL37_360; Lysozyme_300; BSA_1350; Caffeine_180; CaCl_300; MgCl_90; CaCl_390; BSA_750; BSA_660; Lysine_900; Caffeine_870; Lysine_840; MgCl_60; CaCl_1290; MgCl_330; MgCl_930; Lysozyme_840; LL37_240; LL37_690; Pep28_120; Lysozyme_1320; BSA_1020; Lysine_1320; CaCl_930; LL37_450; BSA_1320; Pep28_210; Caffeine_450; Pep28_240; Pep28_1110; Lysine_510; Caffeine_810; MgCl_960; Lysozyme_1050,C=1; class_weight=None; l1_ratio=0.0; max_iter=2000; penalty=l2; solver=saga,0.8333333333333334,83.33333333333334,0.4545454545454545,45.454545454545446
38,PF.QH_Chip1_Chan2,Logistic Regression,96,Lysozyme_60; Lysozyme_750; Caffeine_660; LL37_1020; Pep28_360; CaCl_990; Lysozyme_1170; Caffeine_1020; MgCl_270; LL37_390; LL37_1350; Lysozyme_30; Caffeine_690; Lysozyme_960; BSA_210; Lysozyme_90; BSA_90; CaCl_30; BSA_930; LL37_750; Caffeine_1230; Caffeine_990; Lysine_690; MgCl_660; Lysozyme_1260; LL37_540; Lysine_240; Lysozyme_690; Lysozyme_1200; Lysozyme_720; MgCl_870; CaCl_540; Lysozyme_120; Caffeine_570; CaCl_150; LL37_300; MgCl_1140; Pep28_570; LL37_990; MgCl_420; CaCl_1110; CaCl_270; CaCl_90; MgCl_450; Lysozyme_1290; Lysozyme_1020; LL37_1260; Pep28_150; CaCl_1350; Caffeine_1080; Pep28_180; Lysozyme_240; Pep28_1080; CaCl_900; Pep28_30; MgCl_480; Caffeine_1200; LL37_180; LL37_1110; LL37_480; CaCl_780; Lysine_390; Caffeine_90; Pep28_720; MgCl_180; BSA_600; MgCl_1110; BSA_240; Pep28_690; LL37_1140; BSA_1290; CaCl_1140; Lysine_1290; LL37_420; BSA_690; LL37_1050; Caffeine_630; Lysine_750; Caffeine_360; Pep28_480; MgCl_240; Lysozyme_630; MgCl_1170; Lysozyme_270; LL37_330; Caffeine_1110; Lysozyme_810; Lysine_600; MgCl_30; Caffeine_30; Lysine_1170; Lysozyme_510; BSA_1260; Caffeine_1050; Lysine_930; MgCl_120,C=0.1; class_weight=balanced; max_iter=2000; penalty=l2; solver=lbfgs,1.0,100.0,1.0,100.0
39,PF.QH_Chip1_Chan3,Logistic Regression,94,Lysozyme_60; Caffeine_660; Lysozyme_750; LL37_1020; Pep28_360; CaCl_990; Lysozyme_1170; Caffeine_1020; Lysozyme_30; MgCl_270; LL37_390; LL37_1350; BSA_210; CaCl_30; Lysozyme_960; Caffeine_690; Lysozyme_90; BSA_930; BSA_90; Caffeine_990; Caffeine_1230; Lysine_690; LL37_750; MgCl_660; Lysozyme_1260; Lysine_240; MgCl_870; Lysozyme_690; LL37_540; Lysozyme_1200; Caffeine_570; Lysozyme_720; LL37_300; CaCl_150; MgCl_1140; CaCl_540; Lysozyme_120; CaCl_270; Lysozyme_1290; Pep28_570; Lysozyme_1020; CaCl_1110; LL37_1260; LL37_990; MgCl_450; MgCl_420; Pep28_180; CaCl_1350; Pep28_150; CaCl_90; Lysozyme_240; CaCl_780; CaCl_900; Pep28_30; Caffeine_1080; Pep28_720; Pep28_1080; LL37_1110; MgCl_480; Caffeine_1200; Lysine_390; Caffeine_90; LL37_480; LL37_180; LL37_1140; MgCl_1110; LL37_1050; MgCl_180; BSA_1290; BSA_240; BSA_600; Caffeine_630; Pep28_690; LL37_420; BSA_690; Lysine_1290; CaCl_1140; Lysozyme_630; Lysozyme_810; MgCl_240; MgCl_1170; Caffeine_360; Lysine_750; Pep28_480; BSA_1260; LL37_330; Lysozyme_270; BSA_390; Lysine_600; Lysine_930; MgCl_30; MgCl_120; MgCl_300; MgCl_1020,C=1; class_weight=None; l1_ratio=0.0; max_iter=2000; penalty=l2; solver=saga,0.9444444444444444,94.44444444444444,0.4857142857142857,48.57142857142857
40,PF.QH_Chip1_Chan4,Logistic Regression,148,Lysozyme_60; Caffeine_660; Lysozyme_750; LL37_1020; Pep28_360; CaCl_990; Lysozyme_1170; Caffeine_1020; MgCl_270; LL37_1350; LL37_390; BSA_210; Caffeine_690; Lysozyme_30; CaCl_30; Lysozyme_960; Lysozyme_90; Caffeine_990; BSA_930; BSA_90; Caffeine_1230; LL37_750; Lysine_690; Lysozyme_1200; MgCl_660; MgCl_870; Lysozyme_690; Lysozyme_1260; Lysine_240; LL37_540; Caffeine_570; Lysozyme_720; Lysozyme_120; LL37_300; MgCl_1140; CaCl_540; Lysozyme_1020; CaCl_1110; MgCl_450; Lysozyme_1290; CaCl_150; LL37_1260; Pep28_570; MgCl_420; CaCl_90; LL37_990; Pep28_1080; CaCl_270; Pep28_180; CaCl_780; Caffeine_1080; Lysozyme_240; Pep28_720; LL37_1110; Pep28_30; CaCl_900; Pep28_150; CaCl_1350; Caffeine_1200; Lysine_390; MgCl_480; Caffeine_90; LL37_480; LL37_1140; LL37_180; LL37_1050; LL37_420; Caffeine_630; BSA_1290; BSA_240; CaCl_1140; BSA_600; BSA_690; MgCl_180; MgCl_1110; Lysozyme_630; Lysine_750; Lysine_1290; Pep28_690; Caffeine_360; Lysozyme_810; MgCl_1170; LL37_30; Lysine_1170; BSA_1260; MgCl_30; LL37_330; MgCl_1350; Lysozyme_510; Lysine_600; Lysine_930; Pep28_480; Caffeine_30; MgCl_240; Caffeine_1110; BSA_1140; Caffeine_120; Caffeine_1050; Lysine_1050; Lysine_840; Lysozyme_270; Pep28_90; MgCl_1020; MgCl_120; BSA_390; MgCl_300; CaCl_1020; Lysine_540; Caffeine_390; Lysine_660; Caffeine_150; LL37_1170; Lysozyme_480; Caffeine_930; LL37_840; Lysine_210; BSA_300; CaCl_1170; Caffeine_1140; CaCl_300; Lysine_420; Pep28_210; BSA_1200; Lysine_1260; Pep28_120; MgCl_330; CaCl_1290; Caffeine_510; Lysozyme_840; MgCl_90; BSA_30; Lysine_30; BSA_1350; Pep28_870; Caffeine_870; LL37_360; Pep28_810; LL37_690; Lysozyme_1050; CaCl_390; Lysine_900; MgCl_1230; Lysozyme_660; BSA_660; Lysine_1230; BSA_750; Lysozyme_1320; CaCl_60,C=1; class_weight=None; max_iter=2000; penalty=l2; solver=lbfgs,1.0,100.0,1.0,100.0
41,PF.QH_Chip3_Chan1,Logistic Regression,100,Lysozyme_60; Caffeine_660; Lysozyme_750; LL37_1020; Pep28_360; CaCl_990; MgCl_270; Lysozyme_1170; Caffeine_1020; LL37_390; LL37_1350; Caffeine_690; Lysozyme_30; BSA_210; CaCl_30; Lysozyme_960; Lysozyme_90; BSA_930; BSA_90; Caffeine_1230; LL37_750; Caffeine_990; MgCl_660; Lysozyme_690; Lysine_240; Lysozyme_1260; Lysine_690; Lysozyme_1200; CaCl_540; Lysozyme_720; MgCl_870; LL37_540; Caffeine_570; Pep28_570; CaCl_150; LL37_300; Lysozyme_120; MgCl_1140; Lysozyme_1020; MgCl_420; MgCl_450; Pep28_180; CaCl_1110; LL37_990; LL37_1260; Pep28_150; CaCl_270; Lysozyme_240; Lysozyme_1290; Caffeine_1080; Pep28_1080; CaCl_1350; CaCl_90; CaCl_900; LL37_480; LL37_1110; Pep28_30; CaCl_780; Pep28_720; MgCl_480; LL37_420; Lysine_390; LL37_180; Lysine_1290; Caffeine_1200; BSA_600; Caffeine_90; MgCl_1110; BSA_240; MgCl_180; Caffeine_630; BSA_690; Lysine_750; LL37_1050; Caffeine_360; LL37_1140; Lysozyme_630; BSA_1290; Pep28_690; MgCl_240; Lysozyme_810; MgCl_1170; CaCl_1140; Caffeine_30; Caffeine_1110; LL37_330; Pep28_480; Lysine_1170; Lysine_600; MgCl_120; Lysozyme_270; MgCl_1020; Lysine_1050; Lysine_930; BSA_1260; Pep28_90; LL37_840; Caffeine_150; Caffeine_1050; Lysozyme_510,C=1; class_weight=None; max_iter=2000; penalty=l2; solver=lbfgs,1.0,100.0,1.0,100.0
42,PF.QH_Chip3_Chan2,Logistic Regression,139,Lysozyme_60; Lysozyme_750; Caffeine_660; Pep28_360; LL37_1020; CaCl_990; Lysozyme_1170; Caffeine_1020; MgCl_270; LL37_390; LL37_1350; Lysozyme_30; Caffeine_690; Lysozyme_960; Lysozyme_90; CaCl_30; BSA_930; BSA_210; BSA_90; Caffeine_990; Caffeine_1230; Lysine_690; LL37_750; MgCl_660; Lysozyme_690; Lysine_240; Lysozyme_1260; Lysozyme_1200; LL37_540; Lysozyme_720; Lysozyme_120; Caffeine_570; CaCl_90; CaCl_540; MgCl_870; CaCl_150; MgCl_450; LL37_300; CaCl_270; Pep28_570; Lysozyme_1020; MgCl_1140; Lysozyme_1290; CaCl_1350; LL37_990; Pep28_180; MgCl_420; CaCl_1110; LL37_1260; Pep28_150; Pep28_1080; Caffeine_1080; CaCl_900; Pep28_30; Lysozyme_240; LL37_1110; CaCl_780; Caffeine_1200; MgCl_480; Caffeine_90; Lysine_390; Pep28_720; LL37_180; MgCl_1110; LL37_480; MgCl_180; BSA_240; BSA_1290; LL37_420; LL37_1140; Lysine_1290; Caffeine_630; Pep28_690; Lysine_750; BSA_600; Lysozyme_630; MgCl_240; BSA_690; CaCl_1140; Caffeine_360; MgCl_1170; LL37_330; Pep28_480; Lysozyme_810; BSA_1260; Caffeine_1110; Lysozyme_270; Lysine_600; LL37_1050; Caffeine_1050; Lysine_1170; LL37_1170; MgCl_30; BSA_390; Lysozyme_510; MgCl_300; Pep28_90; Lysine_540; Lysine_930; Caffeine_150; Lysine_1050; Caffeine_870; MgCl_1020; CaCl_1020; Caffeine_30; MgCl_120; BSA_300; Caffeine_120; Lysine_840; Lysozyme_480; LL37_840; BSA_1140; Lysozyme_840; BSA_1200; MgCl_1350; Lysine_420; Lysine_660; Lysine_30; Caffeine_390; LL37_30; CaCl_390; CaCl_300; BSA_30; Caffeine_510; CaCl_1170; CaCl_60; Pep28_120; Caffeine_930; Pep28_870; Lysine_210; LL37_690; Lysozyme_1320; Pep28_810; MgCl_60; Lysine_900; Caffeine_1140; Caffeine_180; LL37_60; Lysozyme_660,C=10; class_weight=balanced; l1_ratio=0.0; max_iter=2000; penalty=l2; solver=saga,1.0,100.0,1.0,100.0
43,PF.QH_Chip3_Chan3,Logistic Regression,144,Lysozyme_60; Lysozyme_750; Caffeine_660; LL37_1020; Pep28_360; CaCl_990; Lysozyme_1170; MgCl_270; Caffeine_1020; LL37_390; LL37_1350; Caffeine_690; Lysozyme_960; Lysozyme_30; Lysozyme_90; BSA_210; BSA_90; BSA_930; CaCl_30; Caffeine_990; Caffeine_1230; LL37_750; Lysine_690; MgCl_660; Lysozyme_1260; Lysozyme_690; LL37_540; Lysozyme_1200; Lysozyme_720; Lysine_240; MgCl_870; CaCl_150; Lysozyme_120; CaCl_540; Caffeine_570; MgCl_1140; Pep28_570; LL37_300; LL37_990; CaCl_270; Lysozyme_1290; CaCl_90; MgCl_450; MgCl_420; CaCl_1110; Lysozyme_1020; LL37_1260; Pep28_180; Caffeine_1080; CaCl_1350; Pep28_150; CaCl_900; Pep28_1080; Lysozyme_240; Pep28_30; LL37_1110; CaCl_780; Caffeine_90; Caffeine_1200; MgCl_480; LL37_480; Pep28_720; LL37_180; Lysine_390; MgCl_180; MgCl_1110; BSA_600; BSA_240; LL37_420; BSA_1290; Lysine_1290; LL37_1140; Lysine_750; Pep28_690; BSA_690; Caffeine_630; Lysozyme_630; Caffeine_360; Pep28_480; LL37_1050; MgCl_1170; MgCl_240; Lysozyme_810; LL37_330; Lysozyme_270; CaCl_1140; Caffeine_1110; Lysine_1170; MgCl_30; Lysine_600; MgCl_300; CaCl_1020; MgCl_120; MgCl_1020; Caffeine_30; Lysozyme_510; LL37_1170; Lysine_930; BSA_390; Pep28_90; Lysine_540; LL37_840; Caffeine_1050; BSA_1260; CaCl_300; Lysine_1050; Caffeine_150; LL37_30; BSA_1140; Lysine_840; MgCl_1350; Lysozyme_480; Caffeine_120; Caffeine_1140; Lysine_420; BSA_1200; Caffeine_930; Caffeine_390; Lysine_660; BSA_30; CaCl_390; CaCl_1170; Lysozyme_840; LL37_360; Lysine_210; BSA_300; Caffeine_870; Lysine_30; Pep28_120; Pep28_870; LL37_690; MgCl_330; CaCl_60; Pep28_810; BSA_1350; Lysine_900; CaCl_1290; MgCl_90; LL37_60; Caffeine_180; BSA_660; Lysozyme_1320; Caffeine_510; Lysozyme_1050,C=1; class_weight=None; l1_ratio=0.0; max_iter=2000; penalty=l2; solver=saga,1.0,100.0,1.0,100.0
44,PF.QH_Chip3_Chan4,Logistic Regression,98,Lysozyme_60; Lysozyme_750; Caffeine_660; LL37_1020; Pep28_360; CaCl_990; Lysozyme_1170; MgCl_270; Caffeine_1020; LL37_390; LL37_1350; Lysozyme_30; Caffeine_690; Lysozyme_960; BSA_210; CaCl_30; Lysozyme_90; BSA_930; BSA_90; LL37_750; Caffeine_990; Caffeine_1230; Lysine_690; MgCl_660; Lysozyme_1260; Lysozyme_690; Lysine_240; Lysozyme_720; Lysozyme_1200; LL37_540; MgCl_870; CaCl_540; Lysozyme_120; Caffeine_570; CaCl_150; LL37_300; Pep28_570; MgCl_1140; LL37_990; CaCl_1110; Lysozyme_1020; CaCl_270; Lysozyme_1290; MgCl_420; CaCl_90; Pep28_180; LL37_1260; MgCl_450; CaCl_1350; Pep28_150; Caffeine_1080; Lysozyme_240; Pep28_30; CaCl_900; Pep28_1080; LL37_1110; CaCl_780; MgCl_480; Caffeine_1200; Caffeine_90; LL37_180; Pep28_720; Lysine_390; LL37_480; BSA_240; MgCl_1110; MgCl_180; LL37_420; BSA_600; LL37_1140; BSA_1290; LL37_1050; BSA_690; Pep28_690; Lysine_1290; CaCl_1140; Caffeine_630; Lysine_750; Pep28_480; Caffeine_360; Lysozyme_630; MgCl_240; MgCl_1170; Lysozyme_270; Lysozyme_810; Caffeine_1110; LL37_330; Lysine_600; MgCl_30; Lysine_1170; Lysozyme_510; Caffeine_30; CaCl_1020; BSA_1260; Caffeine_1050; Lysine_930; MgCl_1020; MgCl_120,C=1; class_weight=None; max_iter=2000; penalty=l2; solver=lbfgs,1.0,100.0,1.0,100.0
45,PF.QH_Chip4_Chan1,Logistic Regression,166,Lysozyme_60; Lysozyme_750; Caffeine_660; LL37_1020; Pep28_360; CaCl_990; Caffeine_1020; MgCl_270; Lysozyme_1170; BSA_210; LL37_390; CaCl_30; LL37_1350; Caffeine_690; Lysozyme_960; Lysozyme_30; Lysozyme_90; BSA_930; BSA_90; Caffeine_990; Caffeine_1230; Lysozyme_690; Lysine_690; Lysine_240; MgCl_660; MgCl_870; Lysozyme_1200; Lysozyme_720; Lysozyme_1260; LL37_750; Lysozyme_120; Caffeine_570; LL37_540; MgCl_1140; CaCl_540; Lysozyme_1020; CaCl_150; Pep28_570; MgCl_420; CaCl_270; MgCl_450; LL37_990; LL37_300; CaCl_1110; Pep28_1080; CaCl_1350; LL37_1110; CaCl_90; CaCl_900; Pep28_720; Lysozyme_1290; Pep28_180; Caffeine_1080; LL37_480; Pep28_150; LL37_1260; Lysozyme_240; CaCl_780; Caffeine_1200; BSA_1290; BSA_240; Lysine_390; Caffeine_630; MgCl_480; MgCl_180; Pep28_30; LL37_180; LL37_1140; LL37_1050; Caffeine_90; BSA_600; LL37_420; Lysine_750; Lysine_1290; Lysozyme_630; MgCl_1110; CaCl_1140; LL37_330; BSA_690; MgCl_30; LL37_30; Pep28_480; Lysozyme_810; MgCl_240; Pep28_690; Lysozyme_270; MgCl_1170; Caffeine_360; MgCl_300; MgCl_1350; Pep28_90; Caffeine_1110; Lysine_600; BSA_1260; MgCl_120; Lysine_840; Lysozyme_510; Lysine_930; Lysine_1170; Lysine_1050; Caffeine_1050; Caffeine_390; Caffeine_30; Caffeine_120; MgCl_1020; BSA_300; BSA_390; Lysine_30; Lysine_660; Lysine_540; LL37_840; BSA_1140; Caffeine_1140; CaCl_1020; Caffeine_870; Lysine_210; Lysine_420; CaCl_300; BSA_1200; LL37_360; Pep28_870; Caffeine_930; Caffeine_150; Pep28_810; Lysozyme_480; BSA_660; CaCl_1170; CaCl_390; Pep28_120; Lysozyme_1050; LL37_1170; MgCl_330; Lysozyme_840; Pep28_210; Lysine_900; MgCl_90; BSA_750; BSA_30; BSA_1020; Caffeine_510; CaCl_1290; Lysozyme_1320; CaCl_60; BSA_1320; Caffeine_210; BSA_1350; LL37_690; Lysine_1230; LL37_60; MgCl_60; LL37_450; Pep28_780; Caffeine_180; Lysozyme_1350; CaCl_1080; MgCl_1230; Lysine_1260; Lysozyme_300; CaCl_480; Pep28_1110; LL37_240; LL37_930; LL37_660; Lysine_360; Lysozyme_660; Caffeine_450,C=1; class_weight=None; max_iter=2000; penalty=l2; solver=lbfgs,1.0,100.0,1.0,100.0
46,PF.QH_Chip4_Chan2,Logistic Regression,160,Lysozyme_60; Lysozyme_750; Caffeine_660; LL37_1020; Pep28_360; CaCl_990; MgCl_270; Lysozyme_1170; Caffeine_1020; LL37_390; Caffeine_690; LL37_1350; Lysozyme_90; Lysozyme_960; Caffeine_990; BSA_90; Lysozyme_30; Caffeine_1230; LL37_750; BSA_930; BSA_210; CaCl_30; Lysine_690; Lysozyme_1200; Lysozyme_1260; MgCl_660; MgCl_870; Lysozyme_690; LL37_540; Lysozyme_120; MgCl_420; Lysine_240; MgCl_1140; CaCl_1110; Caffeine_570; Lysozyme_720; CaCl_270; Lysozyme_1020; CaCl_540; MgCl_450; Pep28_150; CaCl_1350; Pep28_180; Pep28_570; Lysine_390; LL37_1260; CaCl_900; LL37_300; Caffeine_90; CaCl_90; CaCl_150; LL37_990; Pep28_720; Caffeine_1080; LL37_1110; Lysozyme_240; MgCl_480; Lysozyme_1290; Pep28_30; LL37_1140; Caffeine_1200; MgCl_1110; CaCl_780; LL37_180; Caffeine_630; BSA_690; LL37_1050; LL37_480; Lysine_1290; Pep28_480; Pep28_1080; LL37_420; MgCl_180; Pep28_690; LL37_30; BSA_600; BSA_1140; BSA_1290; BSA_240; Caffeine_1110; Lysozyme_510; MgCl_240; LL37_330; Caffeine_30; CaCl_1140; Lysine_600; Lysine_1170; Caffeine_360; MgCl_1020; Lysine_840; Lysozyme_810; MgCl_1170; BSA_1260; Pep28_90; Lysine_930; CaCl_300; Lysozyme_270; BSA_1200; MgCl_300; CaCl_1020; Caffeine_150; Lysine_660; LL37_1170; MgCl_30; Lysine_1230; BSA_390; Caffeine_1050; Caffeine_390; MgCl_1350; MgCl_120; Lysozyme_630; Lysine_1050; BSA_300; CaCl_1170; CaCl_390; BSA_1350; Lysine_540; Caffeine_510; MgCl_330; Pep28_810; Caffeine_120; Lysine_750; Lysine_30; Caffeine_870; Lysine_900; BSA_660; Caffeine_780; CaCl_1290; Caffeine_1140; Lysine_210; Caffeine_930; LL37_840; LL37_360; Pep28_870; Lysozyme_840; MgCl_60; Pep28_210; Lysozyme_1320; Lysozyme_480; Lysine_360; LL37_60; BSA_990; Pep28_120; LL37_690; MgCl_930; Lysozyme_1050; Caffeine_450; Lysozyme_300; CaCl_60; LL37_510; Lysine_1260; MgCl_1260; Caffeine_180; CaCl_330; Pep28_1110; Lysine_420; Caffeine_810; LL37_450; Lysozyme_1350; Lysine_510,C=1; class_weight=None; max_iter=2000; penalty=l2; solver=lbfgs,0.7777777777777778,77.77777777777779,0.4375,43.75
47,PF.QH_Chip4_Chan3,Logistic Regression,155,Lysozyme_60; Lysozyme_750; Caffeine_660; LL37_1020; Pep28_360; CaCl_990; Lysozyme_1170; Caffeine_1020; MgCl_270; LL37_390; BSA_210; LL37_1350; Lysozyme_960; Caffeine_690; CaCl_30; Lysozyme_30; BSA_930; Lysozyme_90; Caffeine_990; BSA_90; Caffeine_1230; Lysozyme_1260; Lysine_690; LL37_750; Lysozyme_690; MgCl_660; Lysozyme_1200; MgCl_870; Lysine_240; Caffeine_570; LL37_300; LL37_540; Lysozyme_720; MgCl_420; Lysozyme_1290; Lysozyme_120; CaCl_1110; Lysozyme_1020; CaCl_540; MgCl_1140; CaCl_150; Pep28_570; CaCl_270; MgCl_450; Pep28_150; Lysozyme_240; CaCl_90; Pep28_180; LL37_990; CaCl_1350; CaCl_900; Caffeine_1080; Pep28_30; CaCl_780; Pep28_1080; Pep28_720; MgCl_480; Lysine_390; Caffeine_1200; CaCl_1140; Caffeine_90; LL37_1260; LL37_180; LL37_480; LL37_420; LL37_1110; BSA_1290; BSA_600; MgCl_180; MgCl_1110; Caffeine_630; BSA_690; LL37_1140; BSA_240; Pep28_690; Lysozyme_630; Lysine_1290; LL37_1050; MgCl_1170; Lysine_750; Caffeine_1110; Lysozyme_810; Caffeine_360; BSA_1260; MgCl_30; Pep28_480; Lysine_540; MgCl_240; Lysozyme_270; Caffeine_120; MgCl_1350; Lysine_600; Pep28_90; LL37_30; LL37_330; Caffeine_1050; Lysine_1170; Lysine_930; MgCl_300; LL37_1170; MgCl_120; Caffeine_30; MgCl_1020; Lysozyme_510; Lysine_1050; CaCl_1020; BSA_390; BSA_1140; CaCl_1170; Caffeine_150; LL37_690; Lysine_840; BSA_300; Lysozyme_480; Lysine_660; CaCl_390; Caffeine_390; Lysine_420; BSA_1200; CaCl_300; Lysozyme_660; MgCl_90; Caffeine_870; LL37_840; Caffeine_930; BSA_30; Caffeine_510; Lysine_210; Pep28_870; Caffeine_1140; Lysine_30; Lysozyme_840; CaCl_1290; Pep28_120; Pep28_810; MgCl_60; LL37_360; Lysozyme_300; BSA_660; BSA_1350; CaCl_60; MgCl_330; Lysine_900; Lysine_1230; LL37_240; Lysozyme_1050; BSA_1020; Lysozyme_1320; BSA_1320; Lysozyme_1350; Pep28_210; LL37_450; Caffeine_450; BSA_750; MgCl_930,C=1; class_weight=None; max_iter=2000; penalty=l2; solver=lbfgs,1.0,100.0,1.0,100.0
48,PF.QH_Chip4_Chan4,Logistic Regression,96,Lysozyme_60; Lysozyme_750; Caffeine_660; LL37_1020; Pep28_360; CaCl_990; Lysozyme_1170; MgCl_270; Caffeine_1020; LL37_1350; BSA_210; LL37_390; Caffeine_690; Lysozyme_960; Lysozyme_30; Lysozyme_90; BSA_930; Caffeine_990; BSA_90; Caffeine_1230; Lysine_690; CaCl_30; Lysozyme_690; Lysozyme_1200; MgCl_660; Lysozyme_1260; LL37_750; Lysine_240; MgCl_870; Caffeine_570; Lysozyme_720; LL37_540; Lysozyme_120; CaCl_540; LL37_300; Pep28_570; MgCl_1140; LL37_1260; MgCl_420; Lysozyme_1020; Lysozyme_1290; CaCl_150; MgCl_450; CaCl_1110; LL37_990; CaCl_270; Pep28_180; Pep28_1080; Lysozyme_240; CaCl_90; Pep28_150; CaCl_900; CaCl_1350; Pep28_720; Caffeine_1080; Caffeine_1200; Pep28_30; Lysine_390; CaCl_780; LL37_480; MgCl_480; LL37_1050; LL37_180; LL37_1110; MgCl_180; Caffeine_630; BSA_1290; Caffeine_90; BSA_600; LL37_1140; MgCl_1110; CaCl_1140; LL37_420; BSA_690; BSA_240; Lysozyme_630; Lysine_750; Pep28_690; Lysine_1290; Caffeine_360; Lysozyme_810; MgCl_240; MgCl_1170; Pep28_480; Lysine_600; Caffeine_1110; MgCl_120; Lysozyme_270; MgCl_300; BSA_1260; Lysine_1170; LL37_30; Lysine_1050; LL37_330; Caffeine_120; Lysine_930,C=10; class_weight=None; l1_ratio=0.0; max_iter=2000; penalty=l2; solver=saga,1.0,100.0,1.0,100.0
49,PF.QL_Chip1_Chan1,Logistic Regression,153,Lysozyme_60; Lysozyme_750; Caffeine_660; LL37_1020; Pep28_360; CaCl_990; Lysozyme_1170; Caffeine_1020; MgCl_270; LL37_390; LL37_1350; Lysozyme_30; Caffeine_690; Lysozyme_960; Lysozyme_90; BSA_210; BSA_930; CaCl_30; BSA_90; LL37_750; Caffeine_990; Caffeine_1230; Lysine_690; MgCl_660; Lysozyme_1260; Lysine_240; Lysozyme_690; Lysozyme_720; Lysozyme_1200; MgCl_870; LL37_540; Lysozyme_120; CaCl_150; Caffeine_570; CaCl_540; Pep28_570; LL37_300; CaCl_1110; MgCl_1140; MgCl_450; LL37_1260; CaCl_270; Lysozyme_1290; LL37_990; CaCl_90; Lysozyme_1020; Pep28_180; Caffeine_1080; MgCl_420; CaCl_1350; Pep28_150; Lysozyme_240; CaCl_900; Pep28_30; Pep28_1080; Caffeine_1200; LL37_1110; Pep28_720; MgCl_480; LL37_420; CaCl_780; BSA_240; Caffeine_90; MgCl_180; Lysine_390; LL37_180; BSA_600; MgCl_1110; LL37_480; LL37_1050; LL37_1140; Lysine_1290; BSA_690; Caffeine_630; BSA_1290; CaCl_1140; Lysine_750; Pep28_690; Caffeine_360; MgCl_240; Pep28_480; Lysozyme_630; MgCl_1170; LL37_330; Caffeine_1110; Lysozyme_810; Lysozyme_270; Lysine_600; Lysine_1170; CaCl_1020; Lysine_930; MgCl_30; Lysine_540; Caffeine_1050; Pep28_90; Caffeine_30; LL37_1170; BSA_1260; BSA_1140; BSA_390; Lysozyme_510; MgCl_120; BSA_1200; LL37_30; MgCl_1350; CaCl_300; MgCl_300; Lysine_1050; MgCl_1020; Caffeine_150; Caffeine_120; LL37_840; BSA_300; Lysozyme_480; Lysine_420; Lysine_210; Lysine_840; CaCl_390; CaCl_1170; Caffeine_390; Lysozyme_840; Caffeine_1140; Caffeine_870; LL37_690; BSA_30; Caffeine_930; Pep28_870; Pep28_120; LL37_360; MgCl_90; Lysine_900; Lysine_660; Lysine_30; Lysozyme_1320; MgCl_330; Lysine_1260; Caffeine_510; Pep28_810; MgCl_60; LL37_450; BSA_660; CaCl_60; Lysozyme_1350; CaCl_1290; Caffeine_180; LL37_60; BSA_1320; Lysozyme_660; Lysozyme_300; Lysine_1230; BSA_1350; Lysozyme_1050; BSA_750,C=1; class_weight=None; max_iter=2000; penalty=l2; solver=lbfgs,1.0,100.0,1.0,100.0
50,PF.QL_Chip1_Chan2,Logistic Regression,74,Lysozyme_60; Caffeine_660; Lysozyme_750; LL37_1020; Pep28_360; CaCl_990; Lysozyme_1170; MgCl_270; Caffeine_1020; LL37_1350; Lysozyme_30; LL37_390; BSA_210; CaCl_30; Caffeine_690; Lysozyme_960; Caffeine_1230; BSA_90; Lysozyme_90; BSA_930; Caffeine_990; LL37_750; Lysine_690; MgCl_660; Lysozyme_1200; Lysozyme_1260; Lysine_240; Lysozyme_690; MgCl_870; LL37_540; Lysozyme_120; Lysozyme_720; CaCl_540; CaCl_150; Caffeine_570; MgCl_420; MgCl_1140; Pep28_570; Lysozyme_1290; LL37_300; LL37_1260; LL37_990; CaCl_1110; Pep28_180; CaCl_90; CaCl_1350; MgCl_450; CaCl_270; CaCl_900; Lysozyme_1020; Pep28_150; Pep28_1080; Lysozyme_240; Caffeine_1080; LL37_180; Lysine_390; LL37_420; LL37_480; CaCl_780; MgCl_480; Pep28_720; BSA_240; Pep28_30; LL37_1110; Caffeine_90; Caffeine_1200; Caffeine_630; MgCl_1110; MgCl_180; LL37_1050; BSA_1290; CaCl_1140; BSA_690; Lysine_750,C=1; class_weight=None; max_iter=2000; penalty=l2; solver=lbfgs,1.0,100.0,1.0,100.0
51,PF.QL_Chip1_Chan3,Logistic Regression,78,Lysozyme_60; Lysozyme_750; Caffeine_660; LL37_1020; Pep28_360; CaCl_990; Lysozyme_1170; Caffeine_1020; MgCl_270; LL37_390; LL37_1350; Lysozyme_30; Caffeine_690; Lysozyme_960; BSA_210; Lysozyme_90; CaCl_30; BSA_930; BSA_90; LL37_750; Caffeine_990; Caffeine_1230; Lysine_690; MgCl_660; Lysine_240; Lysozyme_690; Lysozyme_1260; Lysozyme_1200; Lysozyme_720; LL37_540; MgCl_870; Caffeine_570; Lysozyme_120; CaCl_540; LL37_300; CaCl_150; Pep28_570; MgCl_1140; CaCl_270; CaCl_1110; LL37_990; Lysozyme_1020; Lysozyme_1290; MgCl_450; MgCl_420; CaCl_90; LL37_1260; Caffeine_1080; Pep28_150; CaCl_1350; Pep28_180; Lysozyme_240; Pep28_1080; CaCl_900; CaCl_780; Pep28_30; MgCl_480; LL37_1110; Caffeine_1200; Pep28_720; Caffeine_90; LL37_180; Lysine_390; LL37_480; BSA_240; MgCl_1110; LL37_1140; BSA_600; LL37_1050; MgCl_180; Pep28_690; LL37_420; CaCl_1140; BSA_690; BSA_1290; Caffeine_630; Lysine_1290; Lysine_750,C=0.1; class_weight=None; l1_ratio=0.0; max_iter=2000; penalty=l2; solver=saga,1.0,100.0,1.0,100.0
52,PF.QL_Chip1_Chan4,Logistic Regression,88,Lysozyme_60; Lysozyme_750; Caffeine_660; LL37_1020; MgCl_270; CaCl_990; Pep28_360; Caffeine_1020; Lysozyme_1170; Caffeine_690; Lysozyme_960; LL37_390; BSA_210; CaCl_30; Lysozyme_90; Lysozyme_30; LL37_1350; BSA_930; Lysozyme_1200; CaCl_150; Lysozyme_690; BSA_90; Caffeine_990; Lysine_240; LL37_750; Lysine_690; MgCl_660; Lysozyme_1260; MgCl_870; Lysozyme_1020; Caffeine_570; LL37_300; Lysozyme_720; CaCl_540; Lysozyme_1290; MgCl_1140; Caffeine_1230; CaCl_90; Lysozyme_120; Pep28_150; MgCl_420; Caffeine_90; Pep28_570; LL37_540; CaCl_270; Pep28_30; MgCl_450; Caffeine_1080; Caffeine_1200; Pep28_180; LL37_1140; LL37_990; Lysine_390; LL37_1260; CaCl_1110; Lysozyme_510; Lysozyme_240; CaCl_900; CaCl_1350; BSA_600; Caffeine_630; Lysozyme_1050; LL37_480; BSA_1290; Lysozyme_630; LL37_180; Pep28_1080; MgCl_1110; BSA_240; LL37_1050; MgCl_480; Lysine_750; LL37_1110; MgCl_180; BSA_690; Caffeine_360; BSA_1260; CaCl_780; MgCl_1170; MgCl_240; Pep28_480; MgCl_1350; Pep28_720; Lysine_1290; CaCl_1140; Lysine_540; MgCl_120; LL37_420,C=1; class_weight=None; max_iter=2000; penalty=l2; solver=lbfgs,0.2777777777777778,27.77777777777778,0.217391304347826,21.7391304347826
53,PF.QL_Chip3_Chan1,Logistic Regression,100,Lysozyme_60; Caffeine_660; Lysozyme_750; LL37_1020; Pep28_360; CaCl_990; Lysozyme_1170; Caffeine_1020; MgCl_270; LL37_390; Lysozyme_30; LL37_1350; Caffeine_690; BSA_210; Lysozyme_960; CaCl_30; Lysozyme_90; BSA_90; BSA_930; Caffeine_990; LL37_750; Caffeine_1230; Lysine_690; Lysozyme_690; MgCl_660; Lysine_240; Lysozyme_1200; Lysozyme_1260; LL37_540; Lysozyme_720; MgCl_870; Lysozyme_120; CaCl_540; Caffeine_570; LL37_300; CaCl_150; MgCl_420; MgCl_1140; Pep28_570; Lysozyme_1020; Lysozyme_1290; LL37_1260; MgCl_450; CaCl_1110; LL37_990; CaCl_270; CaCl_90; Pep28_150; Pep28_180; CaCl_1350; Caffeine_1080; Pep28_1080; Lysozyme_240; CaCl_900; Pep28_30; Pep28_720; LL37_1110; CaCl_780; Caffeine_1200; Lysine_390; MgCl_480; LL37_180; Caffeine_90; LL37_480; LL37_420; BSA_240; MgCl_180; LL37_1140; BSA_1290; CaCl_1140; BSA_690; MgCl_1110; Pep28_690; Lysine_1290; Caffeine_630; BSA_600; Lysine_750; LL37_1050; Lysozyme_630; Caffeine_360; Pep28_480; MgCl_240; MgCl_1170; Lysozyme_810; LL37_330; Caffeine_1110; Lysozyme_270; Lysine_1170; Lysine_600; MgCl_120; MgCl_30; Lysozyme_510; Caffeine_30; Pep28_90; Caffeine_1050; Lysine_930; LL37_1170; BSA_1260; MgCl_1020; LL37_30,C=1; class_weight=None; max_iter=2000; penalty=l2; solver=lbfgs,1.0,100.0,1.0,100.0
54,PF.QL_Chip3_Chan2,Logistic Regression,99,Lysozyme_60; Lysozyme_750; Caffeine_660; LL37_1020; Pep28_360; CaCl_990; Lysozyme_1170; MgCl_270; Caffeine_1020; LL37_390; LL37_1350; Lysozyme_30; Caffeine_690; Lysozyme_960; BSA_210; CaCl_30; Lysozyme_90; BSA_930; BSA_90; Caffeine_990; LL37_750; Caffeine_1230; Lysine_690; MgCl_660; Lysozyme_690; Lysozyme_1260; Lysine_240; Lysozyme_1200; LL37_540; Lysozyme_720; MgCl_870; Caffeine_570; Lysozyme_120; CaCl_540; LL37_300; CaCl_150; MgCl_1140; Pep28_570; Lysozyme_1290; MgCl_420; CaCl_1110; CaCl_270; Lysozyme_1020; LL37_990; MgCl_450; LL37_1260; CaCl_90; Pep28_180; Pep28_150; CaCl_1350; Caffeine_1080; Pep28_1080; Lysozyme_240; CaCl_900; Pep28_30; LL37_1110; Caffeine_1200; CaCl_780; Pep28_720; MgCl_480; LL37_480; LL37_180; Lysine_390; Caffeine_90; MgCl_180; LL37_420; BSA_240; MgCl_1110; LL37_1140; Caffeine_630; BSA_600; BSA_690; BSA_1290; Lysine_1290; LL37_1050; Pep28_690; Lysine_750; CaCl_1140; Lysozyme_630; Caffeine_360; MgCl_240; Pep28_480; MgCl_1170; Lysozyme_810; Lysozyme_270; LL37_330; Caffeine_1110; Lysine_600; Lysine_1170; MgCl_30; BSA_1260; MgCl_120; Caffeine_30; Lysozyme_510; MgCl_300; Caffeine_1050; Lysine_930; MgCl_1020; LL37_30,C=1; class_weight=None; l1_ratio=0.0; max_iter=2000; penalty=l2; solver=saga,1.0,100.0,1.0,100.0
55,PF.QL_Chip3_Chan3,Logistic Regression,79,Lysozyme_60; Lysozyme_750; Caffeine_660; LL37_1020; Pep28_360; CaCl_990; Lysozyme_1170; MgCl_270; Caffeine_1020; LL37_390; LL37_1350; BSA_210; Caffeine_690; Lysozyme_30; Lysozyme_960; CaCl_30; Lysozyme_90; BSA_930; Caffeine_990; BSA_90; LL37_750; Caffeine_1230; Lysine_690; Lysozyme_690; MgCl_660; Lysine_240; Lysozyme_1200; Lysozyme_1260; Lysozyme_720; MgCl_870; LL37_540; LL37_300; Lysozyme_120; Caffeine_570; CaCl_540; CaCl_150; Pep28_570; Lysozyme_1020; MgCl_1140; MgCl_420; Lysozyme_1290; CaCl_1110; LL37_1260; CaCl_270; CaCl_90; MgCl_450; LL37_990; Pep28_150; Pep28_180; Pep28_1080; CaCl_1350; Lysozyme_240; Caffeine_1080; CaCl_900; CaCl_780; Pep28_30; LL37_1110; Lysine_390; Caffeine_1200; MgCl_480; Pep28_720; Caffeine_90; LL37_480; MgCl_180; LL37_420; Caffeine_630; LL37_180; BSA_690; LL37_1140; MgCl_1110; BSA_240; LL37_1050; CaCl_1140; BSA_1290; Lysozyme_630; Lysine_1290; Lysine_750; Caffeine_360; Pep28_690,C=1; class_weight=None; max_iter=2000; penalty=l2; solver=lbfgs,1.0,100.0,1.0,100.0
56,PF.QL_Chip3_Chan4,Logistic Regression,79,Lysozyme_60; Lysozyme_750; Caffeine_660; LL37_1020; Pep28_360; CaCl_990; Lysozyme_1170; MgCl_270; Caffeine_1020; LL37_390; LL37_1350; Lysozyme_30; Caffeine_690; Lysozyme_90; Lysozyme_960; BSA_90; BSA_210; CaCl_30; BSA_930; LL37_750; Caffeine_1230; Lysine_690; Caffeine_990; MgCl_660; Lysozyme_1260; Lysozyme_690; Lysine_240; Lysozyme_720; LL37_540; Lysozyme_1200; MgCl_870; Lysozyme_120; CaCl_540; CaCl_150; Caffeine_570; LL37_300; Pep28_570; MgCl_1140; CaCl_1110; CaCl_90; LL37_990; CaCl_270; Lysozyme_1290; MgCl_450; MgCl_420; Pep28_180; Caffeine_1080; Lysozyme_1020; LL37_1260; CaCl_1350; Pep28_150; Pep28_1080; CaCl_900; Lysozyme_240; Pep28_30; LL37_180; LL37_1110; LL37_480; Caffeine_1200; MgCl_480; Caffeine_90; CaCl_780; Lysine_390; BSA_600; Pep28_720; MgCl_180; MgCl_1110; BSA_240; Lysine_750; LL37_1050; LL37_420; LL37_1140; Lysine_1290; BSA_1290; Pep28_690; CaCl_1140; MgCl_240; Caffeine_630; BSA_690,C=1; class_weight=None; l1_ratio=0.0; max_iter=2000; penalty=l2; solver=saga,1.0,100.0,1.0,100.0
57,PF.QL_Chip4_Chan1,Logistic Regression,101,Lysozyme_60; Lysozyme_750; Caffeine_660; LL37_1020; Pep28_360; CaCl_990; Caffeine_1020; Lysozyme_1170; MgCl_270; Caffeine_690; Lysozyme_90; BSA_210; Lysozyme_960; Lysozyme_30; LL37_390; LL37_1350; CaCl_30; Lysozyme_1200; BSA_90; Caffeine_990; BSA_930; Lysine_690; Lysozyme_690; MgCl_660; Lysozyme_1260; LL37_750; Lysine_240; Caffeine_1230; Lysozyme_120; LL37_540; MgCl_870; Lysozyme_720; Lysozyme_1020; Pep28_570; CaCl_150; Caffeine_570; MgCl_1140; LL37_300; CaCl_270; Lysozyme_1290; CaCl_1110; MgCl_450; LL37_1260; Caffeine_1200; CaCl_540; Pep28_30; MgCl_420; Caffeine_1080; Lysozyme_630; CaCl_900; Pep28_150; CaCl_90; Pep28_1080; Caffeine_630; Pep28_180; CaCl_1350; LL37_990; LL37_480; BSA_1290; LL37_180; MgCl_180; Pep28_720; Lysozyme_240; LL37_1110; MgCl_480; LL37_420; Lysine_390; Caffeine_90; CaCl_1140; LL37_1050; BSA_240; LL37_1140; MgCl_1110; CaCl_780; Pep28_690; BSA_600; Lysine_1290; MgCl_1170; MgCl_300; LL37_30; Lysine_750; MgCl_240; BSA_1260; Lysine_600; CaCl_300; Lysozyme_510; BSA_690; Lysozyme_810; Caffeine_1050; LL37_330; BSA_390; MgCl_1350; Pep28_480; Lysine_540; Lysine_1170; Lysine_930; Lysozyme_270; Lysine_840; Caffeine_120; Caffeine_390; Caffeine_360,C=1; class_weight=None; l1_ratio=0.0; max_iter=2000; penalty=l2; solver=saga,0.9444444444444444,94.44444444444444,0.4857142857142857,48.57142857142857
58,PF.QL_Chip4_Chan2,Logistic Regression,76,Lysozyme_60; Lysozyme_750; Caffeine_660; LL37_1020; Pep28_360; CaCl_990; Lysozyme_1170; MgCl_270; Caffeine_1020; LL37_390; Lysozyme_30; LL37_1350; Lysozyme_960; Caffeine_690; BSA_210; Lysozyme_90; BSA_930; CaCl_30; BSA_90; LL37_750; Caffeine_990; Caffeine_1230; Lysine_690; MgCl_660; Lysozyme_690; LL37_540; Lysine_240; MgCl_870; Lysozyme_720; Lysozyme_1200; CaCl_540; Lysozyme_1260; CaCl_150; Caffeine_570; LL37_300; Lysozyme_120; CaCl_1110; Pep28_570; MgCl_420; LL37_990; Pep28_180; MgCl_450; CaCl_270; MgCl_1140; Lysozyme_1020; CaCl_90; LL37_1260; Caffeine_1080; Pep28_30; Pep28_150; Lysozyme_1290; CaCl_1350; Pep28_720; CaCl_900; Pep28_1080; Lysozyme_240; Caffeine_1200; MgCl_480; LL37_180; LL37_1110; LL37_480; CaCl_780; BSA_600; Caffeine_90; Lysine_390; LL37_1140; MgCl_180; LL37_420; LL37_1050; Pep28_690; BSA_240; CaCl_1140; MgCl_1110; Caffeine_630; Lysine_1290; Lysine_750,C=0.1; class_weight=None; max_iter=2000; penalty=l2; solver=lbfgs,1.0,100.0,1.0,100.0
59,PF.QL_Chip4_Chan3,Logistic Regression,78,Lysozyme_60; Lysozyme_750; Caffeine_660; LL37_1020; Pep28_360; CaCl_990; Lysozyme_1170; Caffeine_1020; MgCl_270; LL37_390; LL37_1350; Lysozyme_30; Lysozyme_960; Caffeine_690; BSA_210; Lysozyme_90; CaCl_30; BSA_90; BSA_930; LL37_750; Caffeine_990; Caffeine_1230; Lysine_690; MgCl_660; Lysozyme_1260; Lysine_240; Lysozyme_690; LL37_540; Lysozyme_720; Lysozyme_1200; MgCl_870; CaCl_540; Lysozyme_120; Caffeine_570; CaCl_150; LL37_300; MgCl_1140; Pep28_570; CaCl_1110; LL37_990; CaCl_270; CaCl_90; MgCl_420; Lysozyme_1020; Lysozyme_1290; LL37_1260; Pep28_180; CaCl_1350; MgCl_450; Caffeine_1080; Pep28_150; CaCl_900; Lysozyme_240; Pep28_1080; Pep28_30; LL37_1110; LL37_180; Pep28_720; MgCl_480; Caffeine_1200; CaCl_780; LL37_480; Lysine_390; Caffeine_90; BSA_600; MgCl_1110; BSA_240; MgCl_180; LL37_420; LL37_1140; LL37_1050; BSA_1290; Pep28_690; CaCl_1140; Lysine_750; BSA_690; Lysine_1290; Caffeine_630,C=1; class_weight=None; max_iter=2000; penalty=l2; solver=lbfgs,1.0,100.0,1.0,100.0
60,PF.QL_Chip4_Chan4,Logistic Regression,166,Lysozyme_60; Lysozyme_750; Caffeine_660; LL37_1020; Pep28_360; CaCl_990; Lysozyme_1170; Caffeine_1020; MgCl_270; LL37_390; Lysozyme_30; LL37_1350; CaCl_30; Lysozyme_960; BSA_210; Caffeine_690; Caffeine_990; Caffeine_1230; LL37_750; Lysine_690; MgCl_450; Lysozyme_90; Lysozyme_690; BSA_930; MgCl_660; MgCl_870; BSA_90; Lysozyme_1260; CaCl_540; LL37_300; Lysine_240; Lysozyme_720; Caffeine_570; MgCl_1140; CaCl_150; Lysozyme_120; Lysozyme_1020; CaCl_1110; LL37_540; LL37_990; Pep28_570; CaCl_90; CaCl_270; MgCl_420; Lysozyme_1200; Lysozyme_1290; CaCl_1350; LL37_1260; Pep28_30; Pep28_180; LL37_480; Lysozyme_240; BSA_600; Caffeine_1200; BSA_1290; MgCl_1110; Caffeine_1080; Pep28_1080; CaCl_900; BSA_690; LL37_180; Lysine_390; Pep28_150; LL37_1110; Pep28_720; MgCl_480; CaCl_1140; LL37_1140; BSA_240; Lysozyme_630; Caffeine_90; LL37_420; Lysine_750; Caffeine_630; MgCl_180; Caffeine_1110; Lysine_1290; LL37_1050; MgCl_30; LL37_30; CaCl_780; Caffeine_360; Lysozyme_810; MgCl_1170; MgCl_240; MgCl_1350; BSA_1140; Lysozyme_270; Caffeine_1050; Pep28_480; BSA_390; Pep28_690; Lysine_600; Caffeine_30; LL37_330; Lysine_540; CaCl_300; CaCl_1020; Caffeine_150; Lysozyme_480; Caffeine_120; LL37_840; Lysozyme_510; Lysine_420; LL37_1170; Lysine_1170; MgCl_300; Lysine_210; MgCl_120; BSA_1260; MgCl_1020; Caffeine_390; MgCl_90; Lysine_930; Lysine_840; BSA_1320; Lysozyme_840; Lysine_660; MgCl_60; CaCl_1170; Caffeine_1140; Pep28_870; Caffeine_510; BSA_300; Caffeine_870; Lysine_1050; MgCl_330; CaCl_390; Lysine_30; BSA_750; Lysozyme_660; LL37_690; Pep28_810; Caffeine_930; LL37_360; BSA_1020; Lysozyme_1320; LL37_60; CaCl_1290; Pep28_120; Lysine_1230; Pep28_90; Caffeine_180; Lysine_900; Lysozyme_1050; Lysozyme_1350; Lysozyme_300; BSA_1200; LL37_240; CaCl_480; BSA_660; Caffeine_780; BSA_1350; Lysine_360; Pep28_210; BSA_30; Pep28_780; Lysine_1260; MgCl_1200; Pep28_1350; LL37_450; MgCl_930; Caffeine_210; BSA_540; MgCl_1260; MgCl_600,C=1; class_weight=None; l1_ratio=0.0; max_iter=2000; penalty=l2; solver=saga,0.9444444444444444,94.44444444444444,0.4857142857142857,48.57142857142857
61,PF.QM_Chip1_Chan1,Logistic Regression,69,Lysozyme_60; Lysozyme_750; Caffeine_660; LL37_1020; Pep28_360; CaCl_990; Lysozyme_1170; MgCl_270; Caffeine_690; LL37_390; LL37_1350; Lysozyme_90; Lysozyme_960; BSA_210; Caffeine_1020; Lysozyme_30; LL37_750; CaCl_30; BSA_90; Caffeine_990; Lysine_240; BSA_930; Lysine_690; Caffeine_1230; Lysozyme_1200; Lysozyme_690; MgCl_660; MgCl_870; LL37_300; CaCl_90; Lysozyme_720; CaCl_540; CaCl_150; Caffeine_570; Lysozyme_1260; MgCl_1140; LL37_1260; Lysozyme_1020; Pep28_570; CaCl_900; LL37_990; MgCl_420; LL37_540; MgCl_450; LL37_1140; Lysozyme_120; Pep28_30; Lysozyme_630; Pep28_180; Caffeine_1080; Pep28_150; CaCl_1110; Lysozyme_240; Pep28_1080; Caffeine_90; Lysozyme_1290; LL37_180; CaCl_1140; CaCl_270; CaCl_1350; Lysine_1290; CaCl_780; Pep28_720; MgCl_180; LL37_1050; BSA_690; MgCl_1110; Lysine_390; BSA_600,C=1; class_weight=None; max_iter=2000; penalty=l2; solver=lbfgs,0.9444444444444444,94.44444444444444,0.4857142857142857,48.57142857142857
62,PF.QM_Chip1_Chan2,Logistic Regression,147,Lysozyme_60; Lysozyme_750; Caffeine_660; LL37_1020; Pep28_360; CaCl_990; Lysozyme_1170; MgCl_270; Caffeine_1020; BSA_210; LL37_1350; LL37_390; Caffeine_690; CaCl_30; Lysozyme_30; Lysozyme_960; Lysozyme_90; Caffeine_990; BSA_930; BSA_90; Caffeine_1230; Lysozyme_690; LL37_750; Lysine_690; MgCl_870; Lysozyme_1260; Lysozyme_1200; Lysine_240; MgCl_660; Caffeine_570; LL37_300; Lysozyme_120; LL37_540; CaCl_540; CaCl_270; Lysozyme_720; Lysozyme_1020; MgCl_1140; CaCl_1110; Pep28_570; LL37_1260; Lysozyme_1290; CaCl_150; MgCl_450; MgCl_420; Pep28_150; LL37_990; Caffeine_1200; Lysozyme_240; Caffeine_1080; LL37_480; Pep28_30; CaCl_90; CaCl_1350; LL37_1110; Lysine_390; CaCl_900; Pep28_1080; Pep28_180; Pep28_720; CaCl_780; MgCl_180; LL37_180; MgCl_480; Caffeine_90; BSA_240; LL37_1050; LL37_1140; MgCl_1110; BSA_690; Caffeine_630; LL37_420; BSA_600; Lysine_750; Lysozyme_810; BSA_1290; Caffeine_360; Pep28_690; Lysozyme_630; BSA_1260; CaCl_1140; MgCl_1170; MgCl_240; Pep28_480; Lysine_1290; Caffeine_120; MgCl_30; Caffeine_1050; Lysozyme_510; Caffeine_30; MgCl_120; Pep28_90; Lysine_1170; BSA_390; LL37_330; Lysine_1050; Caffeine_390; Lysine_600; MgCl_300; MgCl_1020; Caffeine_150; MgCl_1350; BSA_1140; Caffeine_1110; Lysine_210; Lysozyme_270; Lysine_840; LL37_30; Lysine_930; LL37_1170; CaCl_1020; Lysine_660; CaCl_390; MgCl_90; Lysozyme_480; BSA_1200; Caffeine_930; CaCl_1170; BSA_30; LL37_840; BSA_300; Pep28_870; Lysine_420; Lysine_540; BSA_1350; Lysine_900; Lysozyme_840; Caffeine_1140; Pep28_120; MgCl_330; Caffeine_870; CaCl_300; Pep28_810; LL37_360; LL37_60; Lysozyme_660; Lysine_30; BSA_660; MgCl_60; Lysozyme_1320; LL37_450; Pep28_210; Lysine_1230; Lysozyme_1050; CaCl_1290; Lysozyme_300; LL37_240,C=1; class_weight=None; l1_ratio=0.0; max_iter=2000; penalty=l2; solver=saga,0.8888888888888888,88.88888888888889,0.4705882352941176,47.05882352941176
63,PF.QM_Chip1_Chan3,Logistic Regression,86,Lysozyme_60; Lysozyme_750; Caffeine_660; LL37_1020; MgCl_270; Lysozyme_960; CaCl_990; Lysozyme_1170; Pep28_360; Caffeine_1020; LL37_1350; LL37_390; Lysozyme_30; Lysozyme_90; BSA_930; CaCl_30; BSA_90; Lysozyme_720; Caffeine_690; BSA_210; Lysine_690; Caffeine_1230; Lysine_240; Lysozyme_120; Lysozyme_690; Lysozyme_1200; Caffeine_990; LL37_750; Lysozyme_1260; LL37_540; CaCl_150; MgCl_870; Lysozyme_1290; LL37_300; MgCl_660; Pep28_570; Pep28_180; MgCl_1140; CaCl_900; LL37_1260; CaCl_540; CaCl_270; MgCl_450; MgCl_420; Pep28_150; Caffeine_570; LL37_1110; CaCl_90; Caffeine_90; LL37_990; CaCl_1350; LL37_480; CaCl_780; MgCl_480; CaCl_1110; Lysine_390; Lysozyme_1020; MgCl_180; LL37_1140; BSA_600; Caffeine_360; Lysozyme_240; MgCl_1110; Pep28_1080; Pep28_720; CaCl_1140; LL37_420; Caffeine_1080; Caffeine_1200; Lysine_930; Caffeine_630; BSA_690; LL37_1050; MgCl_1170; LL37_180; BSA_240; Pep28_30; BSA_1200; Lysine_1170; Lysine_1290; MgCl_300; BSA_1290; MgCl_240; Pep28_690; Lysine_750; LL37_330,C=1; class_weight=None; max_iter=2000; penalty=l2; solver=lbfgs,0.6666666666666666,66.66666666666666,0.4,40.0
64,PF.QM_Chip1_Chan4,Logistic Regression,83,Lysozyme_60; Lysozyme_750; Caffeine_660; LL37_1020; Pep28_360; CaCl_990; Lysozyme_1170; Caffeine_1020; MgCl_270; LL37_390; LL37_1350; Lysozyme_30; Caffeine_690; Lysozyme_960; BSA_210; Lysozyme_90; CaCl_30; BSA_90; BSA_930; LL37_750; Caffeine_990; Caffeine_1230; MgCl_660; Lysine_690; Lysozyme_1260; Lysozyme_690; Lysine_240; Lysozyme_720; MgCl_870; Lysozyme_1200; LL37_540; Caffeine_570; CaCl_540; CaCl_150; Lysozyme_120; LL37_300; Pep28_570; MgCl_1140; Lysozyme_1290; MgCl_420; Lysozyme_1020; CaCl_1110; LL37_990; MgCl_450; LL37_1260; CaCl_90; CaCl_270; Pep28_180; CaCl_1350; Caffeine_1080; Pep28_150; Pep28_1080; Lysozyme_240; Pep28_30; CaCl_780; CaCl_900; MgCl_480; Pep28_720; Caffeine_90; Lysine_390; Caffeine_1200; LL37_480; LL37_1110; LL37_180; BSA_240; MgCl_180; LL37_420; MgCl_1110; Pep28_690; BSA_690; BSA_600; CaCl_1140; LL37_1050; Lysozyme_630; BSA_1290; Caffeine_630; Caffeine_360; Lysine_1290; LL37_1140; Lysine_750; Pep28_480; MgCl_240; Lysozyme_810,C=0.01; class_weight=balanced; l1_ratio=0.0; max_iter=2000; penalty=l2; solver=saga,0.8333333333333334,83.33333333333334,0.4545454545454545,45.454545454545446
65,PF.QM_Chip3_Chan1,Logistic Regression,100,Lysozyme_60; Lysozyme_750; Caffeine_660; LL37_1020; Pep28_360; CaCl_990; Lysozyme_1170; MgCl_270; Caffeine_1020; LL37_390; LL37_1350; Lysozyme_30; Caffeine_690; Lysozyme_960; BSA_210; Lysozyme_90; BSA_90; CaCl_30; BSA_930; LL37_750; Caffeine_990; Lysine_690; Caffeine_1230; MgCl_660; Lysozyme_1260; Lysozyme_690; Lysine_240; Lysozyme_1200; Lysozyme_720; LL37_540; MgCl_870; CaCl_540; Lysozyme_120; CaCl_150; Caffeine_570; LL37_300; Pep28_570; MgCl_1140; LL37_990; Lysozyme_1290; CaCl_1110; CaCl_270; MgCl_450; MgCl_420; Lysozyme_1020; CaCl_90; Pep28_180; LL37_1260; CaCl_1350; Caffeine_1080; Pep28_150; Pep28_1080; Lysozyme_240; CaCl_900; Pep28_30; LL37_1110; Caffeine_1200; LL37_180; CaCl_780; Pep28_720; MgCl_480; LL37_480; Caffeine_90; Lysine_390; BSA_600; MgCl_180; MgCl_1110; BSA_240; LL37_420; LL37_1140; Lysine_1290; Pep28_690; BSA_690; BSA_1290; Caffeine_630; Lysine_750; LL37_1050; CaCl_1140; Lysozyme_630; Caffeine_360; Pep28_480; MgCl_240; MgCl_1170; Lysozyme_270; Lysozyme_810; LL37_330; Caffeine_1110; Lysine_600; Lysine_1170; MgCl_30; Caffeine_30; Lysozyme_510; BSA_1260; MgCl_120; Lysine_930; Pep28_90; LL37_1170; MgCl_1020; Caffeine_1050; MgCl_300,C=1; class_weight=None; l1_ratio=0.0; max_iter=2000; penalty=l2; solver=saga,1.0,100.0,1.0,100.0
66,PF.QM_Chip3_Chan2,Logistic Regression,84,Lysozyme_60; Lysozyme_750; Caffeine_660; LL37_1020; Pep28_360; CaCl_990; Lysozyme_1170; MgCl_270; LL37_1350; Caffeine_1020; BSA_210; LL37_390; Lysozyme_30; Caffeine_690; CaCl_30; Lysozyme_960; Lysozyme_90; Caffeine_990; BSA_90; BSA_930; Caffeine_1230; LL37_750; Lysine_690; Lysozyme_1200; MgCl_660; Lysozyme_690; Lysine_240; MgCl_870; Lysozyme_1260; Caffeine_570; Lysozyme_720; LL37_540; Pep28_570; Lysozyme_120; CaCl_540; LL37_300; MgCl_420; CaCl_1110; CaCl_150; MgCl_1140; Lysozyme_1290; Lysozyme_1020; CaCl_270; LL37_1260; MgCl_450; CaCl_90; Pep28_180; LL37_990; CaCl_1350; Pep28_150; CaCl_900; Pep28_1080; Lysozyme_240; Pep28_30; Pep28_720; Lysine_390; Caffeine_1200; Caffeine_90; MgCl_480; Caffeine_1080; LL37_1140; LL37_480; LL37_1110; CaCl_780; MgCl_180; LL37_420; Caffeine_630; CaCl_1140; BSA_1290; MgCl_1110; BSA_690; BSA_240; LL37_1050; BSA_600; Lysine_750; Pep28_690; Lysozyme_630; LL37_180; Lysine_1290; Lysozyme_810; Caffeine_360; MgCl_1170; MgCl_240; MgCl_1020,C=1; class_weight=None; max_iter=2000; penalty=l2; solver=lbfgs,0.9444444444444444,94.44444444444444,0.4857142857142857,48.57142857142857
67,PF.QM_Chip3_Chan3,Logistic Regression,99,Lysozyme_60; Lysozyme_750; Caffeine_660; LL37_1020; Pep28_360; CaCl_990; Lysozyme_1170; Caffeine_1020; MgCl_270; LL37_390; LL37_1350; BSA_210; Caffeine_690; Lysozyme_30; Lysozyme_960; CaCl_30; Lysozyme_90; BSA_930; BSA_90; Caffeine_990; LL37_750; Caffeine_1230; Lysine_690; MgCl_660; Lysozyme_690; Lysozyme_1200; Lysozyme_1260; Lysine_240; MgCl_870; Lysozyme_720; LL37_540; Caffeine_570; LL37_300; Lysozyme_120; CaCl_540; CaCl_150; MgCl_420; Pep28_570; MgCl_1140; Lysozyme_1290; Lysozyme_1020; CaCl_1110; CaCl_270; LL37_1260; MgCl_450; LL37_990; CaCl_90; Pep28_180; Pep28_150; Lysozyme_240; Pep28_1080; CaCl_1350; Caffeine_1080; CaCl_900; CaCl_780; Pep28_30; LL37_1110; Pep28_720; Caffeine_1200; Lysine_390; MgCl_480; LL37_480; Caffeine_90; LL37_420; LL37_180; MgCl_180; MgCl_1110; Caffeine_630; BSA_240; LL37_1140; BSA_600; BSA_690; CaCl_1140; LL37_1050; BSA_1290; Lysozyme_630; Lysine_750; Lysine_1290; Pep28_690; Caffeine_360; Pep28_480; MgCl_240; Lysozyme_810; MgCl_1170; Caffeine_1110; LL37_330; MgCl_30; Lysine_600; Lysine_1170; Lysozyme_270; BSA_1260; MgCl_120; Caffeine_30; LL37_30; MgCl_1020; Lysozyme_510; Caffeine_1050; MgCl_300; Lysine_930,C=1; class_weight=None; max_iter=2000; penalty=l2; solver=lbfgs,1.0,100.0,1.0,100.0
68,PF.QM_Chip3_Chan4,Logistic Regression,91,Lysozyme_60; Lysozyme_750; Caffeine_660; Pep28_360; LL37_1020; MgCl_270; BSA_210; CaCl_990; LL37_1350; Lysozyme_30; Caffeine_690; Caffeine_1020; Lysozyme_1170; CaCl_30; LL37_390; BSA_90; Lysozyme_960; Lysozyme_90; Caffeine_570; LL37_750; Caffeine_990; BSA_930; Lysine_690; Lysozyme_1260; MgCl_660; Lysine_240; LL37_300; Lysozyme_1200; Lysozyme_120; MgCl_870; Lysozyme_690; Caffeine_1200; Caffeine_1230; CaCl_540; Pep28_180; LL37_540; MgCl_420; Lysozyme_720; MgCl_1140; LL37_1260; Pep28_570; Lysozyme_1290; Lysozyme_1020; Lysozyme_240; CaCl_780; Caffeine_90; CaCl_90; CaCl_1140; Pep28_1080; LL37_990; CaCl_1350; BSA_1290; Pep28_720; LL37_1110; LL37_180; CaCl_150; MgCl_450; Caffeine_1080; BSA_240; CaCl_270; BSA_600; LL37_30; CaCl_900; Caffeine_360; MgCl_480; MgCl_1110; Pep28_150; Lysine_390; LL37_480; CaCl_1110; LL37_1050; Lysine_750; Lysine_1290; Pep28_30; BSA_690; Lysozyme_630; Pep28_690; Pep28_480; Lysine_600; MgCl_180; BSA_300; MgCl_240; LL37_420; Caffeine_870; MgCl_1170; Caffeine_630; BSA_1260; Lysine_210; Caffeine_1170; LL37_1140; LL37_330,C=0.1; class_weight=None; max_iter=2000; penalty=l2; solver=lbfgs,0.8333333333333334,83.33333333333334,0.4545454545454545,45.454545454545446
69,PF.QM_Chip4_Chan1,Logistic Regression,90,Lysozyme_60; Caffeine_660; Lysozyme_750; LL37_1020; Pep28_360; CaCl_990; MgCl_270; Caffeine_1020; Lysozyme_1170; LL37_1350; LL37_390; BSA_210; CaCl_30; Caffeine_690; Lysozyme_960; Caffeine_990; Caffeine_1230; Lysozyme_30; BSA_930; Lysozyme_90; LL37_750; MgCl_660; BSA_90; Lysine_690; Lysozyme_690; Lysine_240; Lysozyme_720; Lysozyme_1260; Lysozyme_1200; LL37_540; Caffeine_570; MgCl_870; LL37_300; Lysozyme_120; CaCl_150; MgCl_420; Lysozyme_1290; MgCl_1140; Pep28_570; CaCl_540; Lysozyme_1020; CaCl_1110; LL37_1260; CaCl_270; CaCl_90; MgCl_450; CaCl_1350; Pep28_720; CaCl_900; Caffeine_1080; Lysozyme_240; CaCl_780; LL37_990; Pep28_30; Pep28_150; Caffeine_1200; Pep28_180; MgCl_480; Pep28_1080; LL37_1140; Lysine_390; LL37_1110; MgCl_1110; BSA_600; LL37_420; LL37_480; CaCl_1140; MgCl_180; BSA_240; Lysine_750; LL37_180; Caffeine_630; MgCl_240; Lysine_1290; Caffeine_360; BSA_1290; Lysozyme_810; Caffeine_30; Lysozyme_630; MgCl_1170; Caffeine_90; MgCl_1020; Pep28_690; BSA_1260; BSA_690; LL37_1050; Caffeine_1050; Lysozyme_270; MgCl_300; MgCl_120,C=1; class_weight=None; max_iter=2000; penalty=l2; solver=lbfgs,0.8888888888888888,88.88888888888889,0.4705882352941176,47.05882352941176
70,PF.QM_Chip4_Chan2,Logistic Regression,113,Lysozyme_60; Lysozyme_750; Caffeine_660; Pep28_360; LL37_1020; CaCl_990; Lysozyme_1170; LL37_390; Caffeine_1020; LL37_1350; Lysozyme_30; Lysozyme_960; MgCl_270; CaCl_30; BSA_210; BSA_90; Lysozyme_90; Caffeine_690; BSA_930; LL37_750; Caffeine_1230; Caffeine_990; MgCl_660; Lysine_240; MgCl_870; Lysozyme_720; Lysine_690; Lysozyme_690; Lysozyme_1200; Lysozyme_1260; LL37_1260; LL37_540; MgCl_420; Caffeine_570; CaCl_150; LL37_300; Lysozyme_120; CaCl_540; MgCl_1140; Pep28_570; CaCl_1110; Lysozyme_1290; CaCl_270; Caffeine_1080; Lysozyme_1020; Lysozyme_240; Pep28_180; CaCl_1350; MgCl_450; Pep28_1080; Pep28_150; Caffeine_1200; LL37_990; LL37_1110; CaCl_90; Pep28_30; LL37_180; CaCl_900; CaCl_780; BSA_690; BSA_240; Pep28_720; Caffeine_630; LL37_480; Caffeine_90; Lysine_390; LL37_420; LL37_1140; MgCl_1110; BSA_1290; CaCl_1140; MgCl_480; BSA_600; Caffeine_30; Lysine_1290; Lysine_750; MgCl_180; Caffeine_360; LL37_1050; Pep28_690; Lysozyme_810; Caffeine_1110; MgCl_1170; Lysozyme_270; Caffeine_1050; Lysine_600; LL37_30; Pep28_480; Lysozyme_630; Lysine_840; Lysine_540; MgCl_240; CaCl_1020; Lysine_930; BSA_1260; BSA_30; MgCl_120; Caffeine_120; LL37_1170; Lysozyme_510; Pep28_90; MgCl_1350; Lysozyme_480; BSA_1140; LL37_690; Lysine_1170; BSA_390; BSA_300; Lysine_1050; CaCl_300; Caffeine_1140; LL37_330; MgCl_300,C=1; class_weight=None; max_iter=2000; penalty=l2; solver=lbfgs,0.9444444444444444,94.44444444444444,0.4857142857142857,48.57142857142857
71,PF.QM_Chip4_Chan3,Logistic Regression,117,Lysozyme_60; Lysozyme_750; Caffeine_660; LL37_1020; Pep28_360; CaCl_990; Lysozyme_1170; Caffeine_1020; MgCl_270; LL37_390; LL37_1350; Lysozyme_30; Caffeine_690; Lysozyme_960; BSA_210; Lysozyme_90; CaCl_30; BSA_90; BSA_930; Caffeine_990; LL37_750; Lysine_690; Caffeine_1230; Lysozyme_690; MgCl_660; Lysozyme_1260; LL37_540; Lysine_240; Lysozyme_1200; Lysozyme_720; Caffeine_570; Lysozyme_120; CaCl_540; MgCl_870; CaCl_150; MgCl_1140; LL37_300; CaCl_270; LL37_990; CaCl_1110; MgCl_450; CaCl_90; MgCl_420; Lysozyme_1020; Lysozyme_1290; Pep28_570; LL37_1260; Pep28_180; CaCl_1350; Pep28_150; Caffeine_1080; Pep28_1080; CaCl_900; Pep28_30; LL37_1110; MgCl_480; Lysozyme_240; LL37_180; Lysine_390; Pep28_720; LL37_480; Caffeine_1200; MgCl_180; MgCl_240; Caffeine_90; CaCl_780; BSA_600; BSA_1290; Pep28_690; Lysozyme_630; BSA_240; LL37_1050; Lysine_750; LL37_420; LL37_1140; MgCl_1110; BSA_690; CaCl_1140; Pep28_480; LL37_330; Lysine_1290; Caffeine_360; Caffeine_630; Lysozyme_270; Lysozyme_810; Lysine_600; Caffeine_1110; MgCl_1170; Lysine_1170; MgCl_120; MgCl_30; Pep28_90; LL37_1170; BSA_1260; LL37_840; Caffeine_30; BSA_390; MgCl_1020; MgCl_300; Lysozyme_510; Caffeine_1050; CaCl_1020; BSA_1140; Lysine_540; LL37_30; Lysine_930; Caffeine_150; Lysozyme_480; Lysine_210; MgCl_1350; BSA_300; CaCl_300; Lysine_1050; Lysozyme_840; Lysine_660; Caffeine_930; Lysine_420,C=1; class_weight=None; l1_ratio=0.0; max_iter=2000; penalty=l2; solver=saga,1.0,100.0,1.0,100.0
72,PF.QM_Chip4_Chan4,Logistic Regression,86,Lysozyme_60; Lysozyme_750; Caffeine_660; LL37_1020; Pep28_360; CaCl_990; Lysozyme_1170; MgCl_270; Caffeine_1020; LL37_390; Lysozyme_30; LL37_1350; Caffeine_690; Lysozyme_960; BSA_210; Lysozyme_90; BSA_930; BSA_90; CaCl_30; Caffeine_990; LL37_750; Lysine_690; Caffeine_1230; MgCl_660; Lysozyme_1260; Lysozyme_690; Lysine_240; LL37_540; Lysozyme_720; Lysozyme_1200; MgCl_870; CaCl_540; Lysozyme_120; Caffeine_570; CaCl_150; MgCl_1140; LL37_300; Pep28_570; CaCl_1110; LL37_990; Lysozyme_1290; Lysozyme_1020; CaCl_270; MgCl_420; LL37_1260; CaCl_90; Pep28_180; MgCl_450; Caffeine_1080; Pep28_150; CaCl_1350; Pep28_1080; CaCl_900; Pep28_30; Lysozyme_240; Caffeine_1200; Pep28_720; LL37_180; MgCl_480; CaCl_780; LL37_1110; LL37_480; Lysine_390; Caffeine_90; MgCl_1110; BSA_240; BSA_600; LL37_1140; MgCl_180; Pep28_690; LL37_420; LL37_1050; BSA_1290; CaCl_1140; BSA_690; Lysine_1290; Caffeine_630; Lysine_750; Caffeine_360; Pep28_480; Lysozyme_630; MgCl_240; MgCl_1170; Lysozyme_270; Lysozyme_810; LL37_330,C=1; class_weight=None; max_iter=2000; penalty=l2; solver=lbfgs,1.0,100.0,1.0,100.0
73,PK.QH_Chip1_Chan1,Logistic Regression,93,Lysozyme_60; Caffeine_660; Lysozyme_750; LL37_1020; Pep28_360; CaCl_990; Caffeine_1020; Lysozyme_1170; LL37_1350; MgCl_270; Lysozyme_30; LL37_390; Caffeine_690; BSA_210; Lysozyme_960; Lysozyme_90; BSA_90; BSA_930; CaCl_30; Caffeine_990; LL37_750; Lysozyme_690; Lysine_690; MgCl_660; Lysozyme_1260; Caffeine_1230; Lysozyme_1200; Lysozyme_720; Lysine_240; MgCl_870; Lysozyme_1020; CaCl_270; LL37_540; Caffeine_570; CaCl_150; Caffeine_1080; Pep28_570; Lysozyme_120; CaCl_540; Pep28_180; Lysozyme_1290; LL37_1260; MgCl_1140; MgCl_450; CaCl_1110; LL37_990; LL37_300; Pep28_150; CaCl_90; Pep28_720; Caffeine_90; MgCl_420; MgCl_180; CaCl_900; BSA_240; CaCl_1350; MgCl_480; Pep28_1080; Lysine_390; Caffeine_1110; LL37_1140; Caffeine_1200; LL37_180; MgCl_1110; LL37_1110; Lysine_1290; LL37_480; Lysozyme_240; LL37_1050; BSA_690; Caffeine_630; BSA_1290; BSA_600; LL37_420; CaCl_780; CaCl_1140; BSA_1260; Pep28_480; Pep28_690; Pep28_30; LL37_330; MgCl_1170; Caffeine_360; MgCl_240; Lysine_750; Lysozyme_630; Lysozyme_810; LL37_30; BSA_390; MgCl_1350; MgCl_300; Lysine_1050; MgCl_120,C=1; class_weight=None; max_iter=2000; penalty=l2; solver=lbfgs,0.8333333333333334,83.33333333333334,0.4545454545454545,45.454545454545446
74,PK.QH_Chip1_Chan2,Logistic Regression,83,Lysozyme_60; Caffeine_660; Lysozyme_750; LL37_1020; Pep28_360; CaCl_990; Lysozyme_1170; Caffeine_1020; MgCl_270; LL37_390; LL37_1350; Lysozyme_30; Caffeine_690; BSA_210; Lysozyme_960; CaCl_30; Lysozyme_90; BSA_90; BSA_930; Caffeine_1230; LL37_750; Caffeine_990; Lysine_690; MgCl_660; Lysozyme_690; Lysozyme_1260; Lysine_240; Lysozyme_1200; LL37_540; Lysozyme_720; MgCl_870; Caffeine_570; Lysozyme_120; CaCl_150; Pep28_570; CaCl_540; MgCl_1140; MgCl_420; CaCl_90; Pep28_30; Lysozyme_1290; LL37_990; LL37_300; CaCl_1110; LL37_1260; Lysozyme_1020; CaCl_1350; MgCl_450; CaCl_270; Pep28_180; Pep28_150; CaCl_900; CaCl_780; Caffeine_1080; Pep28_720; Lysozyme_240; MgCl_480; Caffeine_90; LL37_480; Pep28_1080; Caffeine_1200; LL37_420; LL37_1110; Lysine_390; LL37_180; MgCl_1110; BSA_1290; LL37_1050; Pep28_690; MgCl_180; Caffeine_630; BSA_600; BSA_690; CaCl_1140; Caffeine_360; Lysine_1290; Lysozyme_630; LL37_1140; MgCl_1170; Lysine_750; Lysozyme_270; BSA_240; Lysozyme_810,C=1; class_weight=None; max_iter=2000; penalty=l2; solver=lbfgs,1.0,100.0,1.0,100.0
75,PK.QH_Chip1_Chan3,Logistic Regression,149,Lysozyme_60; Caffeine_660; Lysozyme_750; LL37_1020; Pep28_360; CaCl_990; Lysozyme_1170; MgCl_270; Caffeine_1020; LL37_1350; Lysozyme_30; Caffeine_690; LL37_390; CaCl_30; BSA_210; Lysozyme_90; Lysozyme_960; Caffeine_1230; BSA_930; BSA_90; LL37_750; Lysozyme_1200; Lysine_690; Lysozyme_690; Caffeine_990; Lysozyme_1260; MgCl_660; Lysine_240; Lysozyme_720; Caffeine_570; Lysozyme_120; Pep28_30; MgCl_870; Pep28_570; CaCl_540; LL37_990; LL37_1260; CaCl_1110; CaCl_150; MgCl_420; MgCl_450; MgCl_1140; Lysozyme_1020; Pep28_180; Pep28_1080; Lysozyme_1290; Pep28_150; LL37_540; CaCl_1350; LL37_300; CaCl_270; CaCl_780; CaCl_90; CaCl_900; LL37_480; Lysozyme_240; Pep28_720; Lysine_390; MgCl_480; MgCl_1110; LL37_1110; Caffeine_1200; Caffeine_1080; LL37_180; LL37_1050; Caffeine_360; MgCl_180; Caffeine_90; LL37_420; Lysine_750; BSA_1290; BSA_240; BSA_600; Caffeine_630; BSA_690; LL37_1140; Lysine_1170; Pep28_690; MgCl_1170; CaCl_1140; MgCl_240; Lysine_1290; Lysozyme_810; Lysozyme_270; Lysozyme_630; Lysine_600; Caffeine_1110; MgCl_120; LL37_30; CaCl_1020; MgCl_30; Lysine_930; Caffeine_30; LL37_330; Pep28_90; Pep28_480; Lysine_1050; MgCl_1020; BSA_1140; Caffeine_1050; Caffeine_120; MgCl_1350; BSA_390; Lysozyme_510; Caffeine_150; MgCl_300; Lysine_540; Lysine_420; Caffeine_390; Lysine_840; LL37_840; Lysozyme_840; CaCl_390; Caffeine_930; LL37_1170; CaCl_300; BSA_1200; BSA_1260; Lysozyme_480; Lysine_30; Pep28_210; MgCl_60; Caffeine_1140; CaCl_1170; BSA_300; MgCl_90; Pep28_870; Lysine_660; LL37_450; Lysine_210; Caffeine_870; Lysozyme_660; Lysine_900; LL37_690; Pep28_810; BSA_30; Caffeine_510; BSA_1350; Lysine_1230; LL37_360; BSA_660; CaCl_1290; Pep28_120; Lysine_1260; BSA_750; MgCl_330; Lysozyme_1050; Lysozyme_1320; Pep28_450,C=0.1; class_weight=balanced; l1_ratio=0.0; max_iter=2000; penalty=l2; solver=saga,0.9444444444444444,94.44444444444444,0.4857142857142857,48.57142857142857
76,PK.QH_Chip1_Chan4,Logistic Regression,129,Lysozyme_60; Lysozyme_750; Caffeine_660; LL37_1020; CaCl_990; Pep28_360; Lysozyme_1170; Caffeine_1020; LL37_390; MgCl_270; Lysozyme_30; LL37_1350; Caffeine_690; CaCl_30; Lysozyme_960; Lysozyme_90; Caffeine_990; BSA_930; BSA_90; BSA_210; MgCl_660; Caffeine_1230; LL37_750; Lysozyme_1200; Lysine_240; Lysozyme_1260; Lysine_690; Caffeine_570; LL37_300; LL37_540; CaCl_540; Lysozyme_120; MgCl_870; Pep28_570; Lysozyme_720; CaCl_150; MgCl_1140; Lysozyme_690; CaCl_90; Caffeine_1080; Lysozyme_1020; LL37_1260; LL37_990; Pep28_180; MgCl_480; Lysozyme_1290; Lysozyme_240; CaCl_1350; MgCl_420; Pep28_150; LL37_180; BSA_240; Caffeine_90; MgCl_450; CaCl_900; Pep28_30; CaCl_1110; CaCl_780; LL37_1140; Pep28_1080; LL37_480; Caffeine_1200; LL37_1110; Lysine_750; BSA_1290; Lysozyme_270; Lysine_390; MgCl_180; Lysine_1290; Caffeine_630; Lysozyme_630; Pep28_690; BSA_690; BSA_600; LL37_1050; CaCl_1140; Pep28_720; LL37_420; MgCl_1110; Caffeine_360; MgCl_1170; Pep28_480; MgCl_30; MgCl_240; BSA_1140; Caffeine_120; Lysine_1170; MgCl_120; Lysozyme_510; CaCl_270; Lysine_930; LL37_330; MgCl_300; Lysozyme_810; LL37_1170; Lysine_210; Caffeine_930; LL37_690; Lysozyme_480; BSA_1200; Caffeine_390; Caffeine_1050; Caffeine_1110; Lysine_540; CaCl_1170; BSA_300; Pep28_90; Lysine_420; CaCl_300; Caffeine_150; Caffeine_1140; Lysine_600; Caffeine_30; Caffeine_870; CaCl_60; MgCl_1020; Lysine_720; Lysine_30; Lysine_660; Pep28_120; Lysozyme_840; Lysine_900; MgCl_1350; Lysine_840; Lysozyme_1350; LL37_360; BSA_30; Pep28_870; MgCl_60,C=1; class_weight=None; l1_ratio=0.0; max_iter=2000; penalty=l2; solver=saga,0.7777777777777778,77.77777777777779,0.4375,43.75
77,PK.QH_Chip3_Chan1,Logistic Regression,78,Lysozyme_60; Caffeine_660; Lysozyme_750; Pep28_360; LL37_1020; Caffeine_1020; Lysozyme_1170; Caffeine_690; Lysozyme_960; LL37_1350; CaCl_990; LL37_390; MgCl_270; BSA_930; Lysozyme_30; BSA_210; CaCl_30; Lysozyme_90; BSA_90; CaCl_90; Lysine_690; Caffeine_990; LL37_750; Lysozyme_1200; CaCl_1110; CaCl_540; Caffeine_1230; Lysine_240; LL37_540; CaCl_1350; Lysozyme_690; Lysozyme_1260; MgCl_660; CaCl_780; Lysozyme_720; Lysozyme_120; MgCl_870; LL37_990; CaCl_900; LL37_300; Pep28_570; MgCl_450; CaCl_270; Lysozyme_1020; Lysozyme_1290; CaCl_150; MgCl_420; Caffeine_30; Pep28_1080; Caffeine_90; MgCl_1140; LL37_180; Pep28_720; LL37_1260; LL37_1110; Pep28_30; BSA_1290; Pep28_150; Caffeine_1080; Caffeine_630; LL37_480; Caffeine_570; BSA_600; Lysozyme_240; Pep28_690; LL37_420; MgCl_480; Caffeine_1200; Lysine_1290; BSA_1260; MgCl_180; Pep28_180; MgCl_1110; MgCl_240; CaCl_1140; BSA_690; Lysine_750; BSA_240,C=0.1; class_weight=None; max_iter=2000; penalty=l2; solver=lbfgs,0.3888888888888889,38.88888888888889,0.28,28.000000000000004
78,PK.QH_Chip3_Chan2,Logistic Regression,88,Lysozyme_60; Caffeine_660; Lysozyme_750; Pep28_360; LL37_1020; CaCl_990; Lysozyme_1170; BSA_210; LL37_1350; MgCl_270; Lysozyme_960; Lysozyme_30; LL37_390; CaCl_30; Caffeine_1020; Caffeine_690; BSA_930; BSA_90; Lysozyme_90; Caffeine_1230; LL37_750; Lysozyme_690; Lysine_240; MgCl_660; Lysozyme_1260; Lysine_690; LL37_300; Lysozyme_720; CaCl_900; Lysozyme_1200; MgCl_870; MgCl_1140; Caffeine_570; MgCl_420; LL37_540; Lysozyme_120; Pep28_570; Lysozyme_1290; MgCl_450; LL37_1260; Lysozyme_1020; Pep28_1080; BSA_600; CaCl_540; CaCl_1110; CaCl_780; CaCl_90; Lysozyme_240; CaCl_150; LL37_1110; LL37_990; BSA_1290; Lysine_390; Caffeine_990; MgCl_180; Pep28_180; Caffeine_1200; Pep28_150; LL37_480; CaCl_1140; MgCl_480; CaCl_1350; LL37_420; Pep28_720; LL37_180; CaCl_270; LL37_1050; MgCl_1110; Pep28_30; Caffeine_1080; Lysozyme_630; LL37_1140; BSA_690; Caffeine_90; Lysine_750; MgCl_1170; Caffeine_120; Caffeine_630; LL37_30; LL37_330; BSA_1260; Lysozyme_810; Lysine_1290; MgCl_120; Lysine_1170; Lysine_660; BSA_240; Pep28_690,C=0.1; class_weight=None; max_iter=2000; penalty=l2; solver=lbfgs,0.8333333333333334,83.33333333333334,0.4545454545454545,45.454545454545446
79,PK.QH_Chip3_Chan3,Logistic Regression,186,Lysozyme_60; Lysozyme_750; Caffeine_660; LL37_1020; Pep28_360; CaCl_990; Lysozyme_1170; MgCl_270; LL37_390; Lysozyme_30; Caffeine_1020; LL37_1350; Caffeine_690; Lysozyme_90; Lysozyme_960; BSA_210; CaCl_30; BSA_90; BSA_930; LL37_750; Lysine_690; MgCl_660; Caffeine_1230; Lysozyme_1260; Lysozyme_690; Lysozyme_1200; LL37_540; Lysine_240; Caffeine_990; MgCl_870; Lysozyme_720; CaCl_150; Lysozyme_120; LL37_300; Caffeine_570; CaCl_540; MgCl_1140; Pep28_570; LL37_990; CaCl_1110; Caffeine_1080; Lysozyme_1290; MgCl_450; CaCl_90; CaCl_270; Pep28_180; LL37_1260; Lysozyme_1020; MgCl_420; CaCl_1350; Pep28_30; Pep28_150; Lysozyme_240; Pep28_1080; LL37_180; Pep28_720; LL37_480; MgCl_480; LL37_1110; Caffeine_1200; BSA_240; MgCl_180; Caffeine_90; Lysine_390; BSA_1290; LL37_1140; Caffeine_630; CaCl_1140; MgCl_1110; CaCl_780; Pep28_690; LL37_420; Lysine_1290; LL37_1050; BSA_600; Lysine_750; MgCl_240; Lysozyme_630; BSA_690; CaCl_900; Pep28_480; Lysozyme_270; MgCl_1170; Caffeine_1110; Caffeine_360; Lysozyme_810; MgCl_30; Caffeine_30; Lysine_600; LL37_330; Lysine_1170; Lysine_930; Caffeine_1050; Caffeine_150; MgCl_120; CaCl_1020; Lysine_540; Pep28_90; Lysozyme_510; LL37_30; Lysozyme_480; BSA_1260; Caffeine_120; BSA_1140; MgCl_1020; BSA_300; Caffeine_870; MgCl_300; MgCl_1350; Lysine_840; LL37_1170; BSA_1200; LL37_840; MgCl_60; Lysine_210; CaCl_390; Lysine_1050; BSA_390; Lysine_660; Pep28_870; Lysine_30; BSA_30; LL37_690; CaCl_1170; Lysozyme_840; Lysine_420; CaCl_300; MgCl_90; Caffeine_390; Caffeine_180; Caffeine_930; Caffeine_1140; Pep28_810; Pep28_120; LL37_360; Lysine_900; Lysozyme_1320; LL37_60; LL37_450; Lysozyme_660; BSA_1320; CaCl_1290; Lysozyme_1350; CaCl_60; BSA_660; MgCl_330; Caffeine_510; Lysine_1260; LL37_510; Lysine_1230; Lysozyme_300; Lysozyme_1050; BSA_1020; BSA_1350; MgCl_960; BSA_990; MgCl_930; Lysozyme_390; BSA_750; CaCl_1080; LL37_240; Caffeine_810; Pep28_450; MgCl_600; Pep28_210; Lysine_360; Pep28_1350; LL37_930; Pep28_780; CaCl_480; LL37_120; Caffeine_450; MgCl_1230; Caffeine_210; MgCl_1260; Caffeine_780; Pep28_1110; LL37_150; CaCl_420; CaCl_180; MgCl_1200; CaCl_660; Lysine_1320; MgCl_840; BSA_540; Lysine_510,C=1; class_weight=None; l1_ratio=0.0; max_iter=2000; penalty=l2; solver=saga,1.0,100.0,1.0,100.0
80,PK.QH_Chip3_Chan4,Logistic Regression,155,Lysozyme_60; Lysozyme_750; Caffeine_660; BSA_210; Pep28_360; Lysozyme_1170; LL37_1020; CaCl_990; LL37_1350; Lysozyme_90; Caffeine_1020; LL37_390; Lysozyme_960; MgCl_270; Lysine_690; Caffeine_1230; BSA_90; Lysozyme_30; Caffeine_690; BSA_930; MgCl_660; CaCl_30; Caffeine_570; Caffeine_990; Lysozyme_120; Lysozyme_720; LL37_750; Lysozyme_1200; Lysine_240; LL37_540; Lysozyme_1260; CaCl_270; Lysozyme_690; CaCl_540; MgCl_1140; Pep28_570; MgCl_420; LL37_990; CaCl_150; MgCl_870; CaCl_1110; Lysine_390; LL37_1260; MgCl_450; Lysozyme_240; Lysozyme_1020; Pep28_150; Caffeine_1080; BSA_240; MgCl_30; BSA_1290; MgCl_1170; Lysozyme_1290; Lysozyme_630; Pep28_180; LL37_1140; BSA_690; LL37_180; MgCl_300; MgCl_180; Pep28_690; Pep28_1080; MgCl_120; BSA_1140; Pep28_720; MgCl_1110; Caffeine_90; Caffeine_1200; Lysine_750; LL37_1110; Lysozyme_510; MgCl_240; LL37_300; MgCl_1020; MgCl_480; Caffeine_630; CaCl_1350; LL37_420; Caffeine_870; MgCl_90; Lysine_1170; BSA_390; BSA_600; Lysine_1290; Caffeine_120; LL37_30; Lysozyme_660; Lysozyme_270; CaCl_1140; Lysine_1050; Pep28_120; Pep28_90; Pep28_480; LL37_1050; LL37_360; LL37_840; LL37_480; LL37_330; Caffeine_510; Lysine_420; CaCl_1170; Caffeine_1110; Lysozyme_1320; Caffeine_390; CaCl_1020; Caffeine_360; Lysine_600; Caffeine_180; MgCl_60; CaCl_780; LL37_1170; BSA_1260; LL37_690; CaCl_390; CaCl_420; CaCl_930; Lysozyme_840; Caffeine_30; BSA_660; Lysine_210; Lysine_1230; BSA_990; BSA_1320; BSA_1350; Lysozyme_480; BSA_1200; Caffeine_930; Lysine_300; Lysozyme_1350; MgCl_1350; Lysine_540; BSA_1020; Lysine_360; CaCl_1290; Lysine_1260; Lysine_840; MgCl_600; Pep28_1350; MgCl_330; CaCl_90; Lysine_900; Caffeine_450; CaCl_900; Lysozyme_1050; MgCl_630; Caffeine_1050; CaCl_480; Lysine_1020; CaCl_300; Caffeine_1140; BSA_30; MgCl_1050; BSA_750; Lysine_510; LL37_660,C=1; class_weight=balanced; l1_ratio=0.0; max_iter=2000; penalty=l2; solver=saga,0.2777777777777778,27.77777777777778,0.217391304347826,21.7391304347826
81,PK.QH_Chip4_Chan1,Logistic Regression,149,Lysozyme_60; Lysozyme_750; LL37_1020; CaCl_990; Caffeine_660; Lysozyme_30; BSA_90; MgCl_270; Caffeine_1020; BSA_210; LL37_390; Caffeine_1230; Lysozyme_1170; Caffeine_690; Lysine_690; LL37_1350; MgCl_420; Caffeine_990; Lysozyme_690; MgCl_870; Lysine_240; Caffeine_570; Lysozyme_960; BSA_930; Lysozyme_720; Lysozyme_90; CaCl_30; Lysozyme_1260; CaCl_1110; Lysozyme_1200; LL37_540; LL37_300; CaCl_150; MgCl_660; CaCl_90; Caffeine_1200; LL37_750; Pep28_1080; Lysozyme_1290; MgCl_1140; CaCl_270; LL37_1140; Pep28_720; Lysozyme_240; Lysozyme_120; Lysozyme_1020; MgCl_180; MgCl_90; Pep28_90; LL37_1050; CaCl_900; BSA_1290; CaCl_540; LL37_480; Pep28_360; LL37_1260; Pep28_480; CaCl_1350; Caffeine_1080; Caffeine_90; BSA_600; BSA_1260; BSA_1320; Lysine_390; Caffeine_630; Lysozyme_810; Pep28_570; MgCl_1110; MgCl_120; BSA_30; BSA_390; MgCl_480; CaCl_780; MgCl_450; Lysozyme_630; LL37_180; MgCl_60; Lysine_750; BSA_240; BSA_1140; Lysine_1290; Caffeine_390; Caffeine_120; CaCl_1140; MgCl_300; Lysozyme_270; LL37_420; Pep28_150; Lysine_1170; Lysine_30; CaCl_1020; Lysine_930; Lysine_210; Caffeine_360; Lysozyme_480; MgCl_1320; MgCl_240; BSA_300; MgCl_1020; LL37_1110; CaCl_300; Caffeine_1050; Lysine_1050; Pep28_180; Lysine_1230; LL37_930; LL37_690; Caffeine_870; Pep28_810; LL37_330; Pep28_330; BSA_1200; LL37_30; CaCl_1170; Pep28_30; Lysozyme_300; LL37_360; LL37_990; Caffeine_1110; Caffeine_150; MgCl_330; Lysine_900; Caffeine_510; Caffeine_1140; BSA_1350; CaCl_1290; Lysozyme_1050; Lysine_1260; CaCl_390; Lysine_600; BSA_660; Lysine_420; Lysozyme_510; Pep28_210; Pep28_780; Lysozyme_1350; Pep28_870; BSA_1020; MgCl_780; MgCl_960; Lysine_660; CaCl_480; BSA_690; BSA_990; Caffeine_450; MgCl_990; Caffeine_1170; LL37_840; Lysozyme_390,C=1; class_weight=None; max_iter=2000; penalty=l2; solver=lbfgs,0.2222222222222222,22.22222222222222,0.1818181818181818,18.18181818181818
82,PK.QH_Chip4_Chan2,Logistic Regression,148,Lysozyme_60; Lysozyme_750; Caffeine_660; LL37_1020; Pep28_360; CaCl_990; Lysozyme_1170; Lysozyme_30; Caffeine_1020; LL37_1350; MgCl_270; LL37_390; BSA_210; Lysozyme_960; Caffeine_690; CaCl_30; Lysozyme_90; BSA_930; Lysine_690; Caffeine_1230; Caffeine_990; LL37_750; Lysozyme_1260; BSA_90; MgCl_660; Lysine_240; Lysozyme_1200; Lysozyme_690; MgCl_870; LL37_540; Lysozyme_720; MgCl_1140; Caffeine_570; CaCl_540; CaCl_270; CaCl_150; Lysozyme_120; LL37_990; Pep28_570; LL37_300; Lysozyme_1020; CaCl_1110; MgCl_450; CaCl_90; Pep28_30; Lysozyme_1290; Caffeine_1080; CaCl_1350; Pep28_180; MgCl_420; LL37_1260; Pep28_150; LL37_480; LL37_1110; Caffeine_630; Lysozyme_240; LL37_180; Pep28_1080; CaCl_780; Caffeine_1200; CaCl_900; BSA_690; BSA_240; Lysine_390; Pep28_720; BSA_600; LL37_1140; MgCl_1110; MgCl_240; Pep28_690; MgCl_480; Caffeine_90; LL37_420; Pep28_480; Lysine_1290; MgCl_180; Caffeine_360; BSA_1290; LL37_1050; CaCl_1140; Lysozyme_630; Lysine_750; Lysozyme_810; Lysozyme_270; Caffeine_30; MgCl_300; Lysine_1170; Caffeine_1050; Lysine_600; MgCl_120; Lysine_540; Caffeine_1110; LL37_330; MgCl_30; LL37_1170; LL37_30; BSA_1260; LL37_840; MgCl_1170; BSA_1140; Caffeine_390; Lysine_930; Caffeine_120; Caffeine_150; MgCl_1350; Lysozyme_510; Pep28_90; MgCl_1020; BSA_30; Lysozyme_480; BSA_1200; CaCl_1020; Lysine_210; CaCl_390; CaCl_60; Lysine_840; CaCl_300; Caffeine_1140; Pep28_120; Lysozyme_840; Lysine_1050; LL37_60; Caffeine_930; Caffeine_510; CaCl_1170; Lysine_660; Lysine_30; Caffeine_180; Pep28_870; Lysozyme_1050; Caffeine_870; Pep28_810; LL37_360; Lysine_420; Lysine_1260; BSA_300; BSA_1020; MgCl_60; Lysozyme_1320; BSA_1350; BSA_990; MgCl_330; LL37_690; Lysine_900; Lysozyme_1350; BSA_660; LL37_450; Caffeine_450,C=10; class_weight=None; l1_ratio=0.0; max_iter=2000; penalty=l2; solver=saga,0.8333333333333334,83.33333333333334,0.4545454545454545,45.454545454545446
83,PK.QH_Chip4_Chan3,Logistic Regression,83,Lysozyme_60; Lysozyme_750; Caffeine_660; LL37_1020; Pep28_360; CaCl_990; Lysozyme_1170; Caffeine_1020; MgCl_270; LL37_390; Lysozyme_30; LL37_1350; Caffeine_690; Lysozyme_960; BSA_210; Lysozyme_90; CaCl_30; BSA_930; BSA_90; Caffeine_990; LL37_750; Caffeine_1230; Lysine_690; MgCl_660; Lysozyme_690; Lysine_240; Lysozyme_1200; Lysozyme_1260; LL37_540; Lysozyme_720; MgCl_870; Caffeine_570; LL37_300; CaCl_540; Lysozyme_120; CaCl_150; Pep28_570; MgCl_1140; CaCl_1110; Lysozyme_1020; MgCl_450; Lysozyme_1290; LL37_990; LL37_1260; CaCl_270; Pep28_180; MgCl_420; CaCl_90; Pep28_150; CaCl_1350; Caffeine_1080; Lysozyme_240; CaCl_900; Pep28_1080; Pep28_30; CaCl_780; Caffeine_1200; LL37_1110; Pep28_720; MgCl_480; LL37_480; Lysine_390; Caffeine_90; LL37_180; MgCl_180; LL37_420; BSA_600; BSA_240; LL37_1050; LL37_1140; MgCl_1110; BSA_1290; Caffeine_630; Lysine_1290; Pep28_690; BSA_690; CaCl_1140; Caffeine_360; Lysine_750; Lysozyme_630; MgCl_1170; Pep28_480; MgCl_240,C=1; class_weight=None; max_iter=2000; penalty=l2; solver=lbfgs,1.0,100.0,1.0,100.0
84,PK.QH_Chip4_Chan4,Logistic Regression,121,Lysozyme_60; Lysozyme_750; Caffeine_660; Pep28_360; Caffeine_990; CaCl_30; CaCl_990; BSA_210; LL37_1350; LL37_1020; MgCl_270; Caffeine_1020; LL37_390; BSA_930; Lysine_690; Caffeine_690; Lysozyme_960; LL37_300; Lysozyme_690; Lysozyme_90; MgCl_660; CaCl_150; LL37_750; Caffeine_1230; Lysozyme_720; Lysozyme_1170; MgCl_870; Lysozyme_120; MgCl_450; Lysine_240; LL37_480; Pep28_30; Pep28_180; BSA_330; LL37_180; Lysozyme_240; CaCl_540; Lysozyme_1260; Lysozyme_1020; CaCl_1140; CaCl_1110; MgCl_420; Lysozyme_30; Caffeine_570; Pep28_150; LL37_540; CaCl_900; LL37_1110; MgCl_480; BSA_1290; LL37_1260; MgCl_1140; Lysozyme_1290; Pep28_570; LL37_990; BSA_600; CaCl_780; MgCl_1350; CaCl_270; MgCl_180; LL37_1050; MgCl_1170; Lysine_1170; Lysozyme_630; LL37_420; Caffeine_1080; BSA_240; Lysine_420; LL37_330; Pep28_480; Lysozyme_1200; Caffeine_1110; Caffeine_90; CaCl_1350; Lysine_1290; Caffeine_1200; Lysine_210; Caffeine_150; BSA_1140; Lysine_660; MgCl_1110; Pep28_720; Caffeine_360; LL37_150; CaCl_90; Lysine_1050; Lysozyme_480; LL37_360; Lysozyme_810; Lysine_390; Caffeine_120; Lysozyme_510; Pep28_1080; MgCl_840; MgCl_330; Lysine_600; LL37_1170; LL37_690; MgCl_930; Pep28_690; Caffeine_630; Caffeine_390; LL37_1140; CaCl_1020; Lysine_510; BSA_1200; Lysine_930; BSA_390; CaCl_1290; Pep28_810; MgCl_600; LL37_510; MgCl_300; BSA_1260; Lysozyme_390; MgCl_120; BSA_1350; CaCl_1170; CaCl_390; MgCl_1020; BSA_690,C=1; class_weight=None; l1_ratio=0.0; max_iter=2000; penalty=l2; solver=saga,0.0555555555555555,5.55555555555555,0.0526315789473684,5.26315789473684
85,PK.QL_Chip1_Chan1,Logistic Regression,130,Lysozyme_60; Lysozyme_750; LL37_1020; Pep28_360; CaCl_990; Caffeine_660; Lysozyme_1170; Lysozyme_30; Caffeine_1020; LL37_390; LL37_1350; MgCl_270; Lysozyme_960; BSA_210; CaCl_30; BSA_930; Lysozyme_90; MgCl_660; LL37_750; BSA_90; Lysozyme_1200; Lysine_240; Caffeine_990; Lysine_690; Lysozyme_720; Pep28_570; MgCl_870; LL37_540; Lysozyme_1260; CaCl_150; Caffeine_690; CaCl_540; LL37_300; Lysozyme_120; Pep28_150; Caffeine_570; Caffeine_1230; CaCl_1350; CaCl_1110; Lysozyme_690; MgCl_1140; CaCl_90; LL37_1260; Pep28_180; Lysozyme_240; MgCl_450; LL37_990; Caffeine_1200; Lysozyme_1290; CaCl_900; CaCl_270; LL37_180; LL37_1110; LL37_480; Pep28_1080; Pep28_30; Lysozyme_1020; Caffeine_90; CaCl_1140; MgCl_420; LL37_420; Lysine_1290; Lysine_750; MgCl_240; MgCl_180; CaCl_780; Caffeine_1080; BSA_600; Lysine_390; MgCl_1110; BSA_1290; Caffeine_360; BSA_690; Caffeine_630; Pep28_690; Pep28_720; BSA_240; LL37_1050; LL37_1140; Lysine_540; Lysozyme_810; Caffeine_1110; Lysozyme_630; Pep28_120; Lysozyme_510; Lysine_600; Caffeine_1050; LL37_330; Caffeine_30; MgCl_1170; CaCl_390; Lysozyme_270; Lysine_930; MgCl_300; BSA_1140; MgCl_1350; CaCl_1020; MgCl_120; Pep28_90; Pep28_480; MgCl_60; LL37_1170; MgCl_30; MgCl_1020; Caffeine_120; CaCl_300; Lysozyme_480; BSA_1260; Lysine_1050; LL37_360; Lysine_420; Lysine_210; LL37_30; LL37_840; BSA_1200; MgCl_1050; Caffeine_1140; CaCl_1170; BSA_300; Lysine_1170; LL37_60; Lysine_30; Lysine_900; BSA_1350; Lysine_840; BSA_390; Caffeine_930; MgCl_330; Lysozyme_840; CaCl_60,C=10; class_weight=None; max_iter=2000; penalty=l2; solver=lbfgs,1.0,100.0,1.0,100.0
86,PK.QL_Chip1_Chan2,Logistic Regression,112,Lysozyme_60; Lysozyme_750; Caffeine_660; LL37_1020; Pep28_360; CaCl_990; Lysozyme_1170; Caffeine_1020; MgCl_270; LL37_390; LL37_1350; Lysozyme_30; Caffeine_690; Lysozyme_960; BSA_210; Lysozyme_90; CaCl_30; BSA_90; BSA_930; LL37_750; Caffeine_990; Lysine_690; Caffeine_1230; MgCl_660; Lysozyme_1260; Lysine_240; Lysozyme_690; Lysozyme_1200; LL37_540; MgCl_870; Lysozyme_720; CaCl_540; Caffeine_570; Lysozyme_120; CaCl_150; LL37_300; Lysozyme_1290; MgCl_420; MgCl_1140; Pep28_570; CaCl_270; CaCl_1110; Caffeine_1080; Lysozyme_1020; LL37_990; MgCl_450; Pep28_180; CaCl_90; LL37_1260; Pep28_150; CaCl_1350; LL37_1110; CaCl_900; Pep28_30; Lysozyme_240; Pep28_1080; CaCl_780; MgCl_480; LL37_180; Caffeine_1200; Pep28_720; Caffeine_90; LL37_480; MgCl_1110; Lysine_390; BSA_600; Lysine_1290; MgCl_180; LL37_1140; Pep28_690; BSA_1290; LL37_420; CaCl_1140; LL37_1050; BSA_690; BSA_240; Lysozyme_630; Pep28_480; Caffeine_360; Caffeine_630; Lysine_750; Caffeine_1110; MgCl_240; MgCl_1170; LL37_330; BSA_390; Lysine_600; Lysozyme_810; MgCl_30; Lysozyme_270; Caffeine_30; Lysozyme_510; Pep28_90; Lysine_540; LL37_1170; Caffeine_1050; MgCl_120; MgCl_300; LL37_30; Lysine_930; LL37_840; CaCl_1020; BSA_1140; MgCl_1020; BSA_1260; Caffeine_150; Lysine_1170; CaCl_300; Lysine_1050; Lysine_30; Caffeine_120; Lysozyme_480,C=10; class_weight=None; max_iter=2000; penalty=l2; solver=lbfgs,0.9444444444444444,94.44444444444444,0.4857142857142857,48.57142857142857
87,PK.QL_Chip1_Chan3,Logistic Regression,106,Lysozyme_750; Lysozyme_60; LL37_1020; CaCl_990; Lysozyme_1170; Pep28_360; Caffeine_660; MgCl_270; Lysozyme_30; Caffeine_1020; LL37_390; CaCl_30; Lysozyme_960; Lysozyme_720; LL37_1350; Caffeine_1230; Lysine_690; BSA_90; Lysozyme_90; LL37_300; BSA_210; Pep28_150; Lysozyme_690; Caffeine_990; BSA_930; Lysozyme_1260; CaCl_150; LL37_1260; MgCl_870; LL37_1110; LL37_540; CaCl_270; LL37_750; Pep28_570; CaCl_90; CaCl_900; Lysozyme_1200; LL37_990; CaCl_540; Caffeine_570; MgCl_480; MgCl_1140; Lysozyme_120; LL37_1140; Lysozyme_240; CaCl_780; Pep28_30; LL37_1050; CaCl_1110; MgCl_300; Caffeine_690; Lysozyme_270; MgCl_660; Caffeine_1080; Caffeine_90; Caffeine_1200; LL37_480; Pep28_720; MgCl_1110; MgCl_450; Lysozyme_510; Caffeine_390; BSA_1260; Pep28_180; CaCl_1140; Lysine_390; Caffeine_1110; Caffeine_360; CaCl_1350; BSA_1290; CaCl_1020; Lysozyme_630; LL37_180; MgCl_30; BSA_690; Caffeine_630; MgCl_420; BSA_390; MgCl_180; Lysine_930; MgCl_120; Lysozyme_300; Lysine_240; Pep28_690; BSA_30; Pep28_90; MgCl_1170; Pep28_1080; Lysine_1290; Lysine_750; Caffeine_120; Lysine_30; BSA_240; BSA_600; LL37_420; Pep28_480; LL37_840; LL37_30; BSA_1200; BSA_750; BSA_300; CaCl_1080; LL37_60; BSA_660; Caffeine_870; MgCl_960,C=1; class_weight=None; max_iter=2000; penalty=l2; solver=lbfgs,0.0555555555555555,5.55555555555555,0.0526315789473684,5.26315789473684
88,PK.QL_Chip1_Chan4,Logistic Regression,135,Lysozyme_60; Lysozyme_750; Pep28_360; LL37_1020; Caffeine_690; Caffeine_660; MgCl_270; Lysozyme_1170; CaCl_990; BSA_210; BSA_90; Lysozyme_960; BSA_930; LL37_1350; Lysozyme_90; Caffeine_1020; LL37_390; Caffeine_990; CaCl_30; Lysozyme_30; CaCl_150; CaCl_90; Lysine_690; Lysozyme_720; Pep28_1080; MgCl_660; LL37_540; Lysozyme_1020; Lysine_240; Caffeine_1230; LL37_750; Lysozyme_1260; Lysozyme_690; Pep28_570; MgCl_870; Caffeine_1200; MgCl_1140; Lysozyme_120; Lysozyme_240; CaCl_540; Lysozyme_1200; LL37_300; CaCl_1110; Caffeine_30; Caffeine_570; Pep28_180; LL37_990; LL37_480; MgCl_480; LL37_180; CaCl_900; LL37_1140; Caffeine_360; MgCl_450; Pep28_30; CaCl_1350; BSA_240; MgCl_120; BSA_690; Lysine_390; Lysine_1050; Caffeine_150; Lysozyme_1290; CaCl_390; CaCl_270; LL37_420; MgCl_180; LL37_1260; CaCl_1020; CaCl_420; Lysozyme_810; MgCl_1110; Caffeine_630; Caffeine_90; BSA_1290; Lysine_1170; MgCl_420; Lysine_750; BSA_390; MgCl_1170; BSA_1260; Pep28_480; LL37_1050; LL37_330; BSA_600; Lysozyme_510; Caffeine_1050; Caffeine_120; Pep28_810; CaCl_1140; LL37_1110; BSA_300; CaCl_780; Pep28_150; Pep28_720; MgCl_240; Caffeine_1110; LL37_1170; MgCl_1350; Lysine_840; Lysine_600; LL37_30; Pep28_690; MgCl_300; Lysozyme_840; CaCl_1170; BSA_1140; Lysozyme_480; Lysozyme_630; MgCl_1020; Lysine_1320; Caffeine_390; MgCl_90; Caffeine_450; Pep28_780; LL37_60; Lysine_540; MgCl_30; Caffeine_930; BSA_30; BSA_1200; MgCl_540; Lysine_420; LL37_840; LL37_450; Caffeine_1080; Lysine_930; LL37_360; Pep28_210; CaCl_60; Lysine_660; Pep28_240; MgCl_330; CaCl_1290; Caffeine_870,C=10; class_weight=None; max_iter=2000; penalty=l2; solver=lbfgs,0.2777777777777778,27.77777777777778,0.217391304347826,21.7391304347826
89,PK.QL_Chip3_Chan1,Logistic Regression,95,Lysozyme_60; Caffeine_660; Lysozyme_750; LL37_1020; Pep28_360; CaCl_990; Lysozyme_1170; Caffeine_1020; MgCl_270; LL37_390; LL37_1350; BSA_210; Lysozyme_960; Caffeine_690; Lysozyme_30; CaCl_30; BSA_90; Lysozyme_90; BSA_930; Caffeine_990; LL37_750; Caffeine_1230; Lysine_690; MgCl_660; Lysozyme_690; Lysozyme_1260; Lysozyme_1200; Lysine_240; MgCl_870; Lysozyme_720; LL37_540; Caffeine_570; Lysozyme_120; CaCl_540; CaCl_150; LL37_300; Pep28_570; Lysozyme_1020; MgCl_1140; Lysozyme_1290; MgCl_420; CaCl_1110; CaCl_270; CaCl_90; LL37_990; LL37_1260; MgCl_450; Pep28_180; Pep28_150; CaCl_1350; Lysozyme_240; CaCl_900; Pep28_1080; Caffeine_1080; LL37_1110; CaCl_780; Caffeine_1200; Pep28_720; Pep28_30; MgCl_480; LL37_480; Lysine_390; LL37_180; MgCl_180; Caffeine_90; BSA_600; LL37_1140; MgCl_1110; Caffeine_630; LL37_420; BSA_240; LL37_1050; BSA_690; CaCl_1140; Lysozyme_630; Lysine_750; Pep28_690; Caffeine_360; Lysine_1290; BSA_1290; Lysozyme_810; MgCl_1170; Pep28_480; MgCl_240; LL37_330; Caffeine_1110; Lysine_600; Lysozyme_270; Lysine_1170; MgCl_120; MgCl_30; MgCl_300; MgCl_1020; Lysozyme_510; Lysine_930,C=1; class_weight=None; max_iter=2000; penalty=l2; solver=lbfgs,1.0,100.0,1.0,100.0
90,PK.QL_Chip3_Chan2,Logistic Regression,148,Caffeine_660; Lysozyme_750; Lysozyme_60; Pep28_360; LL37_1020; MgCl_270; Caffeine_1020; LL37_1350; Lysozyme_1170; BSA_90; Lysozyme_90; Caffeine_1230; CaCl_990; CaCl_30; MgCl_870; Lysozyme_960; Lysine_690; Caffeine_990; LL37_390; Caffeine_690; MgCl_660; BSA_210; Lysozyme_30; Lysozyme_720; Lysozyme_1260; Lysine_240; LL37_750; Lysozyme_1200; Lysozyme_1020; Lysozyme_690; LL37_990; Caffeine_570; CaCl_540; MgCl_420; LL37_1110; LL37_1260; CaCl_150; CaCl_270; CaCl_780; Caffeine_360; Lysozyme_120; MgCl_300; MgCl_1140; BSA_30; Lysozyme_240; LL37_300; CaCl_1350; Lysozyme_1290; MgCl_90; CaCl_90; Pep28_150; LL37_540; CaCl_1110; Lysine_390; MgCl_450; MgCl_180; Pep28_1080; Lysine_660; Pep28_570; Pep28_180; Lysozyme_630; MgCl_480; Pep28_30; Pep28_720; Caffeine_630; Caffeine_1200; Caffeine_1080; Caffeine_90; LL37_420; Lysine_1290; CaCl_900; MgCl_1110; BSA_690; LL37_1050; BSA_240; Lysozyme_1320; Pep28_690; Lysozyme_810; BSA_930; CaCl_1140; Caffeine_30; Pep28_90; Pep28_480; Caffeine_1050; Lysine_30; BSA_600; LL37_330; BSA_660; LL37_180; Lysine_1170; Lysine_930; Caffeine_870; Lysine_540; LL37_1170; MgCl_240; Lysozyme_270; LL37_1140; Lysine_600; Caffeine_1110; BSA_300; Lysine_480; Lysine_750; LL37_60; Caffeine_390; CaCl_1020; CaCl_210; CaCl_390; MgCl_30; Lysine_840; MgCl_930; Caffeine_120; Lysozyme_510; CaCl_300; BSA_390; LL37_840; MgCl_120; BSA_1290; MgCl_1170; BSA_1230; BSA_1140; Lysine_1050; MgCl_1350; MgCl_60; MgCl_1020; CaCl_1080; Pep28_810; BSA_1260; CaCl_1170; Lysozyme_480; Lysozyme_1050; CaCl_1290; Caffeine_930; Lysozyme_840; Pep28_750; MgCl_1260; Pep28_120; Lysine_510; LL37_30; Pep28_210; LL37_240; Lysozyme_1350; Caffeine_780; Lysine_1260; Lysozyme_300; BSA_1020; LL37_450; BSA_60; Caffeine_150,C=100; class_weight=None; l1_ratio=0.0; max_iter=2000; penalty=l2; solver=saga,0.5,50.0,0.3333333333333333,33.33333333333333
91,PK.QL_Chip3_Chan3,Logistic Regression,96,Lysozyme_60; Lysozyme_750; Caffeine_660; LL37_1020; Pep28_360; CaCl_990; Lysozyme_1170; MgCl_270; Caffeine_1020; BSA_210; LL37_390; LL37_1350; Caffeine_690; Lysozyme_960; Lysozyme_30; CaCl_30; Lysozyme_90; BSA_930; BSA_90; Caffeine_990; Caffeine_1230; Lysine_690; LL37_750; MgCl_660; Lysozyme_690; Lysozyme_1200; Lysine_240; Lysozyme_1260; Lysozyme_720; LL37_540; MgCl_870; Lysozyme_120; Caffeine_570; CaCl_540; LL37_300; CaCl_150; Pep28_570; CaCl_90; MgCl_420; MgCl_1140; Lysozyme_1290; Lysozyme_1020; LL37_1260; CaCl_270; CaCl_1110; MgCl_450; LL37_990; Pep28_180; Lysozyme_240; Pep28_150; Caffeine_1080; Pep28_1080; CaCl_1350; CaCl_900; Caffeine_1200; Pep28_720; Pep28_30; CaCl_780; LL37_1110; MgCl_480; Lysine_390; Caffeine_90; LL37_480; LL37_180; LL37_1050; LL37_1140; CaCl_1140; LL37_420; BSA_600; MgCl_1110; BSA_1290; MgCl_180; BSA_240; BSA_690; Caffeine_630; Lysozyme_630; Lysine_750; Lysine_1290; Pep28_690; MgCl_1170; Caffeine_360; Lysozyme_810; LL37_330; Pep28_480; MgCl_240; BSA_1260; Caffeine_1110; Lysine_600; Lysozyme_270; Lysine_1170; MgCl_120; BSA_390; Caffeine_1050; MgCl_1020; Lysozyme_510; Lysine_930,C=1; class_weight=None; max_iter=2000; penalty=l2; solver=lbfgs,0.9444444444444444,94.44444444444444,0.4857142857142857,48.57142857142857
92,PK.QL_Chip3_Chan4,Logistic Regression,96,Lysozyme_60; Caffeine_660; Lysozyme_750; LL37_1020; Pep28_360; Lysozyme_1170; MgCl_270; CaCl_990; LL37_390; LL37_1350; Caffeine_1020; BSA_210; CaCl_30; Lysozyme_960; Caffeine_690; Lysozyme_30; BSA_90; Caffeine_1230; Lysozyme_690; Lysozyme_1200; Caffeine_990; Lysozyme_90; LL37_750; MgCl_660; Caffeine_570; MgCl_870; Lysine_240; LL37_300; Lysozyme_1260; BSA_930; Lysine_690; MgCl_420; Pep28_570; CaCl_540; LL37_540; LL37_1260; CaCl_150; MgCl_1140; Lysozyme_1020; Lysozyme_120; Lysozyme_1290; Lysozyme_720; CaCl_1110; CaCl_270; LL37_480; Pep28_180; CaCl_90; MgCl_450; LL37_420; Pep28_150; Pep28_30; CaCl_1350; Lysozyme_240; Pep28_1080; Lysine_390; LL37_1050; MgCl_180; Caffeine_1080; LL37_990; CaCl_900; Caffeine_1200; Pep28_720; CaCl_780; LL37_30; MgCl_480; Caffeine_630; Lysine_750; LL37_1140; LL37_180; BSA_600; CaCl_1140; LL37_1110; Lysozyme_810; BSA_690; MgCl_1110; Lysine_1290; Caffeine_90; BSA_240; Lysozyme_630; Caffeine_360; Pep28_480; Pep28_690; Caffeine_1110; MgCl_1170; Lysine_1050; Lysine_930; Lysozyme_510; MgCl_1350; Caffeine_120; Lysine_210; MgCl_30; Lysine_600; BSA_1350; Caffeine_30; MgCl_1020; Pep28_90,C=1; class_weight=None; max_iter=2000; penalty=l2; solver=lbfgs,0.7777777777777778,77.77777777777779,0.4375,43.75
93,PK.QL_Chip4_Chan1,Logistic Regression,109,Lysozyme_60; Caffeine_660; Lysozyme_750; LL37_1020; Pep28_360; CaCl_990; Lysozyme_1170; Caffeine_1020; MgCl_270; LL37_390; LL37_1350; Lysozyme_30; Caffeine_690; Lysozyme_960; BSA_210; CaCl_30; Lysozyme_90; BSA_90; BSA_930; Caffeine_1230; LL37_750; Caffeine_990; Lysine_690; Lysine_240; MgCl_660; Lysozyme_690; Lysozyme_1260; LL37_540; Lysozyme_720; Lysozyme_1200; MgCl_870; Caffeine_570; Lysozyme_120; LL37_300; CaCl_540; MgCl_1140; Lysozyme_1290; Pep28_570; CaCl_270; CaCl_90; MgCl_450; LL37_990; CaCl_150; Pep28_150; Pep28_180; Lysozyme_1020; LL37_1260; CaCl_1110; MgCl_420; Caffeine_1080; CaCl_900; Pep28_1080; CaCl_1350; MgCl_480; Lysozyme_240; LL37_1110; CaCl_780; Pep28_30; Caffeine_1200; LL37_480; Pep28_720; BSA_240; LL37_180; Caffeine_90; Lysine_390; MgCl_180; BSA_600; LL37_1140; Pep28_690; MgCl_1110; Lysine_750; CaCl_1140; BSA_690; LL37_420; Caffeine_630; Lysozyme_630; Lysine_1290; LL37_1050; BSA_1290; Caffeine_360; Pep28_480; MgCl_240; MgCl_1170; Lysine_600; Lysozyme_270; Caffeine_1110; Lysine_1170; Lysozyme_810; MgCl_300; BSA_1260; Caffeine_30; CaCl_300; LL37_330; Lysine_930; MgCl_1020; Caffeine_1050; LL37_1170; CaCl_1020; Lysine_1050; Caffeine_120; Lysine_540; Lysozyme_510; MgCl_30; MgCl_1350; Pep28_90; MgCl_120; LL37_30; Lysozyme_840; BSA_390,C=1; class_weight=None; max_iter=2000; penalty=l2; solver=lbfgs,0.8888888888888888,88.88888888888889,0.4705882352941176,47.05882352941176
94,PK.QL_Chip4_Chan2,Logistic Regression,107,Lysozyme_750; Lysozyme_60; Caffeine_660; LL37_1020; Pep28_360; CaCl_990; Caffeine_1020; Lysozyme_1170; MgCl_270; LL37_1350; LL37_390; BSA_90; Lysozyme_30; BSA_210; Caffeine_690; Lysozyme_960; LL37_750; BSA_930; CaCl_30; Lysine_690; Caffeine_1230; Lysozyme_1260; MgCl_870; Lysozyme_1200; MgCl_660; Lysozyme_720; Caffeine_990; LL37_540; Lysozyme_690; Lysozyme_90; Lysozyme_1020; CaCl_1110; CaCl_270; Lysine_240; Caffeine_570; MgCl_1110; CaCl_540; Lysozyme_240; CaCl_90; LL37_300; MgCl_420; Pep28_150; MgCl_450; CaCl_900; Lysozyme_120; MgCl_1140; Pep28_720; Pep28_30; Pep28_180; Caffeine_1080; CaCl_150; LL37_990; LL37_1260; LL37_1050; BSA_240; Lysozyme_1290; Pep28_570; LL37_480; LL37_420; Caffeine_90; CaCl_1350; Lysine_390; MgCl_480; LL37_180; Lysine_750; Caffeine_630; Pep28_1080; Caffeine_1200; Pep28_690; BSA_1290; LL37_1140; CaCl_780; Lysine_1290; MgCl_180; Lysozyme_630; Lysine_840; Lysozyme_810; LL37_1110; BSA_600; Pep28_480; LL37_330; Lysine_930; Caffeine_360; LL37_30; Lysine_210; BSA_690; Lysozyme_270; Lysine_540; BSA_300; Lysine_600; Lysozyme_510; MgCl_1350; MgCl_120; MgCl_240; CaCl_1020; MgCl_1020; MgCl_300; Caffeine_120; MgCl_1170; Caffeine_30; Lysine_900; BSA_1200; LL37_1170; LL37_840; BSA_390; Pep28_90; Lysine_1170,C=1; class_weight=None; max_iter=2000; penalty=l2; solver=lbfgs,0.7222222222222222,72.22222222222221,0.4193548387096774,41.93548387096774
95,PK.QL_Chip4_Chan3,Logistic Regression,153,Lysozyme_60; Lysozyme_750; Caffeine_660; LL37_1020; Pep28_360; CaCl_990; Lysozyme_1170; MgCl_270; Caffeine_1020; LL37_390; LL37_1350; Lysozyme_960; Caffeine_690; Lysozyme_30; Lysozyme_90; BSA_210; CaCl_30; BSA_90; BSA_930; LL37_750; Lysine_690; Caffeine_990; Caffeine_1230; Lysozyme_1260; MgCl_660; Lysine_240; Lysozyme_690; Lysozyme_720; MgCl_870; Lysozyme_1200; CaCl_540; MgCl_1140; Lysozyme_120; Caffeine_570; LL37_300; Pep28_570; LL37_540; MgCl_420; CaCl_150; LL37_1260; CaCl_270; Caffeine_1080; CaCl_1110; Lysozyme_1290; Lysozyme_1020; Pep28_180; Lysine_390; Pep28_30; CaCl_90; MgCl_450; CaCl_1350; LL37_990; Pep28_150; Lysozyme_240; CaCl_900; Pep28_1080; MgCl_480; LL37_1110; Caffeine_1200; Pep28_720; CaCl_780; Caffeine_90; LL37_480; LL37_180; BSA_600; LL37_1050; BSA_1290; BSA_240; MgCl_180; LL37_1140; Caffeine_360; Lysine_1290; Caffeine_630; Pep28_480; Lysine_750; MgCl_1110; MgCl_30; Pep28_690; LL37_330; Lysozyme_630; Lysozyme_480; Caffeine_30; CaCl_1140; Lysozyme_270; BSA_690; MgCl_240; MgCl_1170; Caffeine_1110; LL37_420; BSA_1140; Lysine_1170; Lysine_600; Lysozyme_810; LL37_1170; Caffeine_1050; Lysine_540; BSA_1260; MgCl_120; Caffeine_120; MgCl_300; CaCl_1020; LL37_30; Lysine_30; Lysine_660; Lysine_930; Pep28_90; Caffeine_150; BSA_390; Lysozyme_840; Lysine_1050; MgCl_1350; Lysine_840; CaCl_1170; Caffeine_390; MgCl_1020; CaCl_300; Pep28_120; Caffeine_1140; BSA_300; LL37_840; Lysine_210; CaCl_390; Lysine_420; CaCl_1290; Caffeine_870; BSA_1200; Caffeine_930; MgCl_90; CaCl_60; LL37_360; Lysozyme_660; Caffeine_510; BSA_1350; Lysozyme_510; Caffeine_180; Lysine_1230; Lysozyme_1050; BSA_1320; LL37_60; Pep28_870; Lysine_900; MgCl_60; Pep28_810; Lysozyme_1320; MgCl_960; BSA_30; Lysine_1260; Pep28_1350; LL37_450; Lysozyme_1350; LL37_690; MgCl_330; Caffeine_210,C=100; class_weight=None; l1_ratio=0.0; max_iter=2000; penalty=l2; solver=saga,0.9444444444444444,94.44444444444444,0.4857142857142857,48.57142857142857
96,PK.QL_Chip4_Chan4,Logistic Regression,126,Lysozyme_60; Caffeine_660; Lysozyme_750; LL37_1020; Pep28_360; CaCl_990; Caffeine_1020; MgCl_270; Lysozyme_1170; LL37_1350; Lysozyme_30; Lysozyme_960; Caffeine_690; LL37_390; BSA_210; BSA_90; BSA_930; LL37_750; CaCl_30; Lysozyme_90; Caffeine_990; Caffeine_1230; Lysine_690; LL37_540; MgCl_660; Lysine_240; Lysozyme_690; Lysozyme_720; MgCl_870; Lysozyme_1260; Lysozyme_120; Lysozyme_1200; CaCl_150; CaCl_1110; Pep28_570; Caffeine_570; LL37_300; CaCl_540; Lysozyme_1020; MgCl_450; LL37_1260; Lysozyme_1290; MgCl_1140; MgCl_420; Caffeine_1080; CaCl_1350; Pep28_1080; CaCl_270; LL37_990; Pep28_150; Pep28_180; CaCl_900; CaCl_780; Caffeine_1200; Lysozyme_240; LL37_480; CaCl_90; Pep28_720; LL37_180; Pep28_30; MgCl_480; Caffeine_90; BSA_600; LL37_1110; Lysine_390; BSA_240; CaCl_1140; LL37_420; Pep28_690; MgCl_1110; MgCl_180; LL37_1140; Lysine_1290; BSA_1290; Caffeine_630; Lysozyme_630; Lysine_750; BSA_690; LL37_1050; Lysine_600; Pep28_480; Lysozyme_270; Caffeine_360; MgCl_240; Lysozyme_510; MgCl_1170; Lysozyme_810; MgCl_30; Caffeine_1110; BSA_1260; Pep28_90; LL37_30; Lysine_1170; LL37_330; Lysine_930; MgCl_300; Caffeine_1050; LL37_1170; Lysine_840; MgCl_1020; Lysine_540; Lysine_1050; CaCl_1020; Caffeine_30; BSA_390; MgCl_120; BSA_1200; CaCl_60; BSA_1140; Lysine_660; CaCl_300; Lysozyme_1050; BSA_300; Lysine_420; MgCl_1350; Caffeine_150; CaCl_390; Caffeine_120; Lysine_210; Caffeine_930; CaCl_1170; Caffeine_1140; MgCl_90; LL37_690; Pep28_810; Lysozyme_480,C=10; class_weight=balanced; max_iter=2000; penalty=l2; solver=lbfgs,0.9444444444444444,94.44444444444444,0.4857142857142857,48.57142857142857
97,PK.QM_Chip1_Chan1,Logistic Regression,81,Lysozyme_60; Lysozyme_750; Caffeine_660; LL37_1020; Pep28_360; CaCl_990; Lysozyme_1170; Caffeine_1020; LL37_390; Lysozyme_30; MgCl_270; LL37_1350; Caffeine_690; Lysozyme_960; BSA_210; CaCl_30; BSA_90; Lysozyme_90; BSA_930; Caffeine_990; LL37_750; Caffeine_1230; Lysine_690; MgCl_660; Lysozyme_690; LL37_540; Caffeine_570; Lysozyme_1200; Lysozyme_1260; MgCl_870; Lysine_240; CaCl_150; Lysozyme_120; CaCl_540; LL37_300; Pep28_150; MgCl_1140; CaCl_1110; Pep28_570; Lysozyme_1020; LL37_990; MgCl_450; Lysozyme_1290; CaCl_270; CaCl_90; Pep28_180; LL37_1260; Lysozyme_720; Caffeine_1080; Caffeine_1200; MgCl_420; Lysozyme_240; CaCl_1350; CaCl_900; CaCl_780; Pep28_1080; LL37_1110; Pep28_30; Caffeine_90; LL37_180; MgCl_1110; MgCl_180; BSA_240; BSA_600; Lysine_390; LL37_420; LL37_480; LL37_1140; BSA_1290; LL37_1050; Pep28_720; Lysine_1290; CaCl_1140; MgCl_480; Pep28_690; BSA_690; MgCl_1170; Lysozyme_630; Caffeine_630; Lysine_750; Caffeine_360,C=1; class_weight=None; l1_ratio=0.0; max_iter=2000; penalty=l2; solver=saga,0.8888888888888888,88.88888888888889,0.4705882352941176,47.05882352941176
98,PK.QM_Chip1_Chan2,Logistic Regression,148,Caffeine_660; Lysozyme_750; Lysozyme_60; LL37_1020; Pep28_360; MgCl_270; Lysozyme_1170; CaCl_990; LL37_1350; Caffeine_1020; Lysozyme_30; Lysozyme_90; Caffeine_690; CaCl_30; LL37_390; BSA_210; Lysozyme_960; BSA_930; LL37_750; Caffeine_990; BSA_90; Caffeine_1230; Lysine_240; MgCl_660; Lysozyme_1260; Lysozyme_1200; MgCl_870; Lysine_690; LL37_300; CaCl_150; Caffeine_570; Lysozyme_120; CaCl_540; Lysozyme_690; Pep28_570; LL37_540; LL37_990; Pep28_720; Lysozyme_1290; MgCl_450; MgCl_1140; CaCl_900; LL37_1260; CaCl_90; Lysine_750; CaCl_270; MgCl_480; Lysozyme_720; CaCl_1110; Pep28_1080; Lysine_390; Caffeine_1080; CaCl_780; CaCl_1350; Pep28_180; LL37_180; MgCl_420; Lysozyme_1020; Caffeine_90; Lysozyme_240; CaCl_1140; Pep28_690; Caffeine_630; LL37_1110; MgCl_240; LL37_1050; BSA_690; BSA_240; LL37_480; Pep28_30; LL37_1140; Pep28_150; LL37_420; BSA_600; Lysozyme_270; MgCl_1170; MgCl_180; Lysine_600; MgCl_1110; BSA_1290; BSA_1140; Caffeine_150; LL37_330; Caffeine_360; Lysozyme_630; Pep28_480; Lysine_930; MgCl_30; Lysine_1290; Caffeine_390; MgCl_300; Caffeine_1200; MgCl_1020; Caffeine_1050; Lysozyme_300; Lysine_1050; Caffeine_1140; Lysine_840; LL37_840; LL37_30; Lysine_210; Caffeine_30; Lysine_1170; BSA_1260; Pep28_90; Caffeine_1110; CaCl_300; MgCl_1350; MgCl_120; LL37_60; Caffeine_510; CaCl_390; Pep28_120; Caffeine_870; LL37_1170; Pep28_870; CaCl_60; Lysine_540; Caffeine_120; CaCl_180; CaCl_1170; Lysozyme_810; LL37_930; Lysozyme_840; MgCl_330; Pep28_1110; Lysozyme_510; BSA_390; BSA_300; Caffeine_180; Lysozyme_480; MgCl_90; Lysine_420; Lysine_1260; Caffeine_930; Lysozyme_1320; CaCl_1020; Lysine_30; Pep28_810; Lysozyme_1050; Caffeine_450; Pep28_210; BSA_1200; Lysine_660; Lysine_900; Lysozyme_660; BSA_30; MgCl_540,C=1; class_weight=None; max_iter=2000; penalty=l2; solver=lbfgs,0.6666666666666666,66.66666666666666,0.4,40.0
99,PK.QM_Chip1_Chan3,Logistic Regression,117,Lysozyme_60; Caffeine_660; LL37_1020; Pep28_360; Lysozyme_750; CaCl_990; Caffeine_1020; Lysozyme_1170; LL37_1350; MgCl_270; LL37_390; Lysozyme_30; BSA_90; Caffeine_690; BSA_930; BSA_210; Caffeine_1230; CaCl_30; Lysozyme_690; Lysozyme_90; Lysozyme_960; LL37_750; Caffeine_990; Lysine_240; Lysine_690; LL37_540; MgCl_660; Lysozyme_1260; MgCl_420; Caffeine_570; MgCl_1140; Lysozyme_1290; MgCl_450; CaCl_270; CaCl_540; MgCl_870; LL37_990; CaCl_90; Pep28_570; CaCl_1110; Caffeine_90; MgCl_480; Lysozyme_120; Lysozyme_720; Lysozyme_240; Lysozyme_1200; CaCl_1350; Pep28_150; Pep28_180; CaCl_150; LL37_300; Caffeine_810; Caffeine_360; LL37_1260; CaCl_900; CaCl_780; Caffeine_1200; LL37_180; LL37_480; LL37_1050; Pep28_720; Caffeine_1080; Pep28_1080; BSA_1290; LL37_1110; BSA_600; LL37_420; MgCl_1110; CaCl_1140; Pep28_30; MgCl_180; LL37_1140; Pep28_480; Lysine_1290; BSA_690; Caffeine_720; Caffeine_1110; Lysozyme_630; Pep28_690; Lysine_750; Lysine_390; BSA_240; LL37_330; Lysine_1260; Lysozyme_510; Lysozyme_480; Caffeine_630; MgCl_240; MgCl_1350; Caffeine_930; Lysine_540; Lysine_840; BSA_1140; Lysine_600; Lysozyme_1020; MgCl_30; Lysine_420; Caffeine_120; Lysozyme_810; MgCl_1170; Lysine_1050; CaCl_300; MgCl_120; LL37_690; LL37_840; Caffeine_30; BSA_390; CaCl_1290; BSA_1200; BSA_1260; MgCl_1020; Pep28_870; Lysozyme_1350; CaCl_1170; BSA_30; Caffeine_780; Caffeine_1050,C=0.1; class_weight=balanced; l1_ratio=0.0; max_iter=2000; penalty=l2; solver=saga,0.3333333333333333,33.33333333333333,0.25,25.0
100,PK.QM_Chip1_Chan4,Logistic Regression,90,Lysozyme_60; Lysozyme_750; Caffeine_660; LL37_1020; Pep28_360; CaCl_990; Lysozyme_1170; MgCl_270; Caffeine_1020; LL37_390; BSA_210; LL37_1350; Lysozyme_30; Caffeine_690; CaCl_30; Lysozyme_960; BSA_930; Lysozyme_90; BSA_90; Caffeine_990; Caffeine_1230; Lysine_690; LL37_750; MgCl_660; Lysozyme_1200; Lysozyme_690; Lysozyme_1260; Lysine_240; MgCl_870; LL37_540; Caffeine_570; Lysozyme_720; Lysozyme_120; LL37_300; CaCl_540; Lysozyme_1290; MgCl_420; MgCl_1140; CaCl_150; Pep28_570; CaCl_1110; Lysozyme_1020; LL37_1260; CaCl_270; CaCl_90; LL37_990; MgCl_450; Lysozyme_240; Pep28_180; CaCl_1350; Pep28_30; Pep28_150; CaCl_900; Pep28_1080; Pep28_720; Caffeine_1080; Caffeine_1200; Lysine_390; CaCl_780; LL37_1110; LL37_480; LL37_420; MgCl_180; Caffeine_90; BSA_1290; LL37_180; MgCl_480; BSA_600; LL37_1050; Caffeine_630; LL37_1140; MgCl_1110; CaCl_1140; BSA_690; BSA_240; Lysine_750; Lysozyme_630; Lysine_1290; Pep28_690; Caffeine_360; Lysozyme_810; MgCl_240; MgCl_1170; Caffeine_1110; LL37_330; Lysine_600; BSA_1260; Lysine_1170; MgCl_120; LL37_30,C=1; class_weight=None; l1_ratio=0.0; max_iter=2000; penalty=l2; solver=saga,1.0,100.0,1.0,100.0
101,PK.QM_Chip3_Chan1,Logistic Regression,154,Lysozyme_60; Lysozyme_750; Caffeine_660; CaCl_990; Pep28_360; LL37_1020; Lysozyme_960; Lysozyme_1170; Caffeine_1020; MgCl_270; LL37_1350; Lysozyme_90; CaCl_30; Lysine_690; Caffeine_690; Lysozyme_690; LL37_750; Lysozyme_1200; Caffeine_990; BSA_210; Pep28_180; Lysozyme_120; BSA_930; MgCl_870; Lysozyme_1020; Pep28_570; LL37_480; CaCl_1140; MgCl_660; LL37_300; Lysine_240; LL37_540; CaCl_540; Caffeine_1230; BSA_240; LL37_390; BSA_90; Lysozyme_30; BSA_1290; MgCl_420; CaCl_90; Caffeine_630; Pep28_1080; Lysozyme_720; LL37_1260; Lysozyme_1290; MgCl_120; CaCl_780; MgCl_1140; LL37_1110; Caffeine_570; Pep28_150; MgCl_240; MgCl_1170; Caffeine_510; Pep28_30; CaCl_150; Lysozyme_1260; Pep28_690; MgCl_450; CaCl_900; Lysine_390; LL37_420; Lysozyme_240; MgCl_480; MgCl_90; LL37_990; CaCl_1110; LL37_660; BSA_300; MgCl_180; MgCl_300; CaCl_270; CaCl_1350; MgCl_1110; Lysozyme_840; BSA_690; LL37_1050; Caffeine_1200; Lysine_1290; Lysine_210; LL37_180; Caffeine_1170; BSA_600; Caffeine_1110; Lysine_1170; Caffeine_30; LL37_330; Lysine_750; Pep28_720; Caffeine_90; Caffeine_1080; Pep28_480; BSA_390; Lysine_600; MgCl_30; Caffeine_1050; LL37_840; CaCl_1020; LL37_240; Lysozyme_810; Pep28_810; CaCl_390; Lysozyme_270; Caffeine_930; BSA_1200; CaCl_180; Lysine_420; Pep28_870; Caffeine_360; Lysine_660; Caffeine_390; Lysine_540; Lysine_840; CaCl_300; Pep28_210; CaCl_1170; Lysozyme_630; Lysine_930; Lysine_1050; Pep28_780; Caffeine_810; MgCl_330; CaCl_1080; Lysine_1080; Lysozyme_660; BSA_660; Caffeine_210; LL37_60; Lysozyme_510; CaCl_60; MgCl_1020; MgCl_930; CaCl_930; CaCl_510; BSA_1020; Caffeine_870; BSA_900; BSA_1260; LL37_690; Caffeine_150; Lysozyme_480; Lysozyme_300; Caffeine_780; Lysozyme_1350; Lysine_1320; BSA_30; Lysine_510; Pep28_120; Lysine_480; Lysozyme_1050; Caffeine_900; LL37_30; MgCl_1350,C=100; class_weight=None; l1_ratio=0.0; max_iter=2000; penalty=l2; solver=saga,0.3333333333333333,33.33333333333333,0.25,25.0
102,PK.QM_Chip3_Chan2,Logistic Regression,144,Lysozyme_60; Lysozyme_750; Caffeine_660; LL37_1020; CaCl_990; Pep28_360; Caffeine_1020; Lysozyme_1170; MgCl_270; LL37_390; LL37_1350; Lysozyme_30; Lysozyme_90; BSA_930; BSA_90; Caffeine_690; Lysozyme_960; CaCl_30; Caffeine_990; LL37_750; Caffeine_1230; Lysine_690; BSA_210; Lysozyme_1260; MgCl_660; Lysozyme_690; Lysozyme_1200; Lysine_240; MgCl_870; LL37_540; Lysozyme_720; CaCl_150; Caffeine_570; MgCl_1140; Lysozyme_120; Pep28_570; LL37_300; CaCl_1110; CaCl_270; Lysozyme_1020; MgCl_450; LL37_990; Pep28_150; CaCl_90; Lysozyme_1290; CaCl_540; Caffeine_1080; LL37_1260; Lysozyme_240; Pep28_30; Pep28_180; CaCl_900; Pep28_1080; MgCl_420; Pep28_720; LL37_1110; CaCl_1350; Caffeine_90; MgCl_480; Caffeine_1200; LL37_180; LL37_480; Lysine_390; CaCl_780; MgCl_1110; LL37_420; BSA_1290; Lysine_750; Lysine_1290; LL37_1140; MgCl_180; LL37_1050; Pep28_690; CaCl_1140; Lysozyme_630; BSA_690; BSA_600; Pep28_90; Lysozyme_270; Caffeine_360; MgCl_240; BSA_240; Caffeine_1110; LL37_330; Caffeine_1050; Caffeine_630; Lysine_1170; MgCl_1170; Lysozyme_810; Lysine_600; Lysozyme_510; Pep28_480; Caffeine_30; MgCl_30; BSA_1260; Lysine_930; MgCl_1020; Lysine_1050; MgCl_120; CaCl_1020; Lysine_540; BSA_390; LL37_1170; MgCl_1350; Caffeine_120; CaCl_1170; Caffeine_1140; Lysine_840; Caffeine_150; Lysozyme_480; Lysine_30; Lysine_660; LL37_840; CaCl_300; BSA_300; CaCl_390; BSA_1140; MgCl_300; LL37_30; BSA_1200; Caffeine_390; Caffeine_930; LL37_690; LL37_360; Lysine_210; Caffeine_870; Lysine_420; LL37_60; Lysine_900; MgCl_60; Lysozyme_840; CaCl_480; Caffeine_180; LL37_450; Pep28_120; BSA_30; Pep28_870; Caffeine_510; MgCl_330; Lysozyme_1050; CaCl_60; Pep28_810; Lysine_1260; Lysozyme_1320,C=10; class_weight=None; l1_ratio=0.0; max_iter=2000; penalty=l2; solver=saga,0.9444444444444444,94.44444444444444,0.4857142857142857,48.57142857142857
103,PK.QM_Chip3_Chan3,Logistic Regression,81,Lysozyme_60; Lysozyme_750; Caffeine_660; LL37_1020; Pep28_360; CaCl_990; Lysozyme_1170; MgCl_270; Caffeine_1020; LL37_1350; LL37_390; Lysozyme_30; Caffeine_690; Lysozyme_960; BSA_210; Lysozyme_90; CaCl_30; BSA_930; BSA_90; LL37_750; Caffeine_990; Lysine_690; Caffeine_1230; MgCl_660; Lysine_240; Lysozyme_690; Lysozyme_1200; MgCl_870; Lysozyme_1260; Lysozyme_720; LL37_540; Caffeine_570; Lysozyme_120; LL37_300; CaCl_150; CaCl_540; Pep28_570; MgCl_1140; Lysozyme_1020; CaCl_1110; MgCl_450; CaCl_270; LL37_1260; Lysozyme_1290; LL37_990; CaCl_90; CaCl_1350; Pep28_150; Pep28_180; CaCl_900; MgCl_420; Pep28_1080; Caffeine_1080; Lysozyme_240; CaCl_780; LL37_480; LL37_1110; Pep28_720; Pep28_30; MgCl_480; Caffeine_90; Lysine_390; LL37_180; Caffeine_1200; MgCl_1110; BSA_240; BSA_600; MgCl_180; LL37_1140; LL37_420; BSA_690; Pep28_690; LL37_1050; BSA_1290; Lysine_750; CaCl_1140; Caffeine_630; Lysine_1290; Lysozyme_630; MgCl_240; Caffeine_360,C=1; class_weight=None; l1_ratio=0.0; max_iter=2000; penalty=l2; solver=saga,1.0,100.0,1.0,100.0
104,PK.QM_Chip3_Chan4,Logistic Regression,107,Lysozyme_60; Lysozyme_750; Caffeine_660; Pep28_360; Lysozyme_1170; Caffeine_990; CaCl_990; Caffeine_690; LL37_1350; LL37_1020; Lysozyme_960; MgCl_270; LL37_390; BSA_930; CaCl_30; BSA_90; Lysozyme_90; BSA_210; Lysozyme_30; Caffeine_1020; Lysozyme_690; MgCl_870; Lysozyme_1200; Lysozyme_720; Lysine_690; LL37_750; Lysine_240; Caffeine_1230; MgCl_1140; Lysozyme_1260; CaCl_90; LL37_300; Caffeine_570; Lysozyme_240; LL37_30; CaCl_150; MgCl_660; Lysozyme_120; Caffeine_90; Caffeine_1200; Lysozyme_1020; CaCl_780; Lysozyme_1290; LL37_1260; CaCl_1110; MgCl_420; CaCl_900; Pep28_180; Pep28_570; LL37_1050; CaCl_1140; LL37_540; Pep28_1080; CaCl_1350; Caffeine_360; Pep28_150; LL37_1110; CaCl_270; BSA_1290; MgCl_450; Lysine_1290; LL37_990; LL37_180; Caffeine_1080; BSA_240; BSA_600; Caffeine_1260; Lysine_750; Pep28_720; MgCl_1170; Pep28_30; Caffeine_1050; MgCl_480; BSA_690; Lysozyme_810; MgCl_1110; LL37_1170; LL37_1140; Lysine_600; Pep28_690; MgCl_240; Lysine_390; Lysozyme_630; Lysozyme_270; Lysine_540; MgCl_1350; BSA_1260; MgCl_180; LL37_840; Lysozyme_510; Lysine_210; CaCl_1080; Pep28_480; BSA_300; Caffeine_1140; CaCl_1020; Lysine_660; Lysine_930; Lysozyme_480; Lysine_1170; MgCl_120; LL37_450; Caffeine_1320; BSA_390; Caffeine_930; Lysine_840; Caffeine_630,C=1; class_weight=None; l1_ratio=0.0; max_iter=2000; penalty=l2; solver=saga,0.1666666666666666,16.66666666666666,0.1428571428571428,14.28571428571428
105,PK.QM_Chip4_Chan1,Logistic Regression,177,Caffeine_660; Lysozyme_750; Lysozyme_60; LL37_1020; Pep28_360; LL37_390; Caffeine_1020; CaCl_990; Lysozyme_1170; Caffeine_990; Lysozyme_30; Lysozyme_960; LL37_1350; Caffeine_690; BSA_90; Caffeine_1230; Lysozyme_720; MgCl_270; LL37_990; BSA_210; CaCl_150; MgCl_660; Lysozyme_1200; CaCl_90; CaCl_30; Caffeine_570; LL37_300; MgCl_30; LL37_540; MgCl_420; BSA_930; Lysozyme_1260; Pep28_570; Lysozyme_1290; Lysozyme_120; Lysozyme_90; Lysozyme_630; MgCl_870; LL37_1110; MgCl_450; LL37_750; CaCl_540; CaCl_780; Lysozyme_690; CaCl_1110; Lysine_240; CaCl_1140; CaCl_900; Pep28_180; BSA_690; Pep28_150; Lysozyme_1020; BSA_1290; Caffeine_630; MgCl_1140; Lysine_840; CaCl_1350; CaCl_270; Pep28_720; Lysozyme_480; Pep28_870; Pep28_690; BSA_600; Caffeine_1110; MgCl_240; Caffeine_90; Lysine_390; Lysozyme_510; MgCl_480; Caffeine_1200; LL37_180; Pep28_480; LL37_1260; LL37_480; LL37_1140; Caffeine_1080; Lysine_540; Lysine_750; MgCl_1110; LL37_420; Caffeine_360; Lysine_1290; Pep28_30; MgCl_180; BSA_1260; Lysine_1050; MgCl_300; Pep28_1080; Caffeine_390; BSA_1200; LL37_1050; BSA_1140; Lysozyme_810; MgCl_1170; LL37_330; Lysozyme_240; LL37_840; Lysine_660; Lysine_210; BSA_1020; CaCl_180; CaCl_300; MgCl_120; LL37_450; BSA_240; Lysine_1170; Pep28_90; Caffeine_930; Caffeine_510; Lysozyme_300; MgCl_330; CaCl_1170; BSA_390; Caffeine_1050; MgCl_1350; CaCl_390; Lysozyme_840; LL37_1170; Caffeine_30; Lysozyme_1350; Caffeine_150; Lysine_600; LL37_690; Caffeine_870; LL37_360; LL37_240; Lysine_30; MgCl_840; Lysine_1350; BSA_990; LL37_510; MgCl_1020; Caffeine_780; BSA_660; Pep28_750; Caffeine_720; LL37_60; Caffeine_810; MgCl_570; Pep28_1320; CaCl_1020; Lysozyme_1050; MgCl_90; MgCl_1200; Lysine_1260; MgCl_930; Caffeine_1140; Lysozyme_1320; Lysozyme_270; Pep28_780; Pep28_810; Lysine_510; CaCl_750; MgCl_600; Caffeine_450; BSA_300; Caffeine_180; CaCl_930; MgCl_1230; Caffeine_840; BSA_1230; Lysine_930; Lysozyme_990; Lysine_780; Lysine_480; Lysine_1320; Lysozyme_780; LL37_720; BSA_630; CaCl_330; MgCl_60; MgCl_1050; CaCl_660; Lysozyme_210; BSA_510; BSA_1080; Caffeine_120,C=1; class_weight=None; max_iter=2000; penalty=l2; solver=lbfgs,0.0,0.0,0.0,0.0
106,PK.QM_Chip4_Chan2,Logistic Regression,141,Lysozyme_60; Lysozyme_750; Caffeine_660; LL37_1020; Pep28_360; CaCl_990; Lysozyme_1170; LL37_390; Caffeine_1020; MgCl_270; Lysozyme_30; LL37_1350; Lysozyme_960; Caffeine_690; BSA_90; BSA_210; Lysozyme_90; BSA_930; CaCl_30; Caffeine_990; Caffeine_1230; Lysine_240; LL37_750; Lysozyme_1200; Lysozyme_690; Lysozyme_1260; MgCl_660; Lysozyme_720; LL37_540; MgCl_870; Lysine_690; Lysozyme_120; Caffeine_570; CaCl_150; Pep28_570; CaCl_540; MgCl_1140; Lysozyme_1020; MgCl_420; CaCl_270; LL37_1260; LL37_300; CaCl_1110; Lysozyme_1290; CaCl_90; Pep28_180; Pep28_1080; LL37_990; Pep28_150; LL37_180; CaCl_1350; Caffeine_1080; MgCl_450; Lysozyme_240; CaCl_900; Caffeine_1200; LL37_1110; Pep28_30; Lysine_390; MgCl_180; CaCl_780; Pep28_720; LL37_480; MgCl_480; Pep28_690; LL37_1140; BSA_240; MgCl_30; LL37_420; Caffeine_90; MgCl_1110; LL37_1050; BSA_600; Lysine_1290; BSA_1290; Caffeine_630; Caffeine_360; Lysine_750; MgCl_240; Lysozyme_810; BSA_690; MgCl_1170; Lysine_600; Lysozyme_270; CaCl_1140; Lysozyme_630; MgCl_1020; CaCl_1020; LL37_330; Caffeine_1050; Pep28_480; BSA_1260; Caffeine_150; Lysine_1170; Caffeine_1110; LL37_30; MgCl_1350; Lysozyme_510; Caffeine_30; BSA_390; Lysine_930; Caffeine_120; MgCl_120; LL37_1170; BSA_300; CaCl_300; Pep28_90; Lysine_210; Pep28_120; MgCl_300; Lysine_840; LL37_690; Lysine_30; BSA_1200; CaCl_390; Lysine_540; LL37_840; Caffeine_390; Lysozyme_480; Lysine_1050; CaCl_1170; Lysozyme_660; Caffeine_930; Pep28_810; Caffeine_870; BSA_1140; CaCl_1290; Caffeine_1140; MgCl_90; Lysine_900; Lysozyme_1320; Lysine_660; Lysozyme_840; Pep28_870; BSA_660; BSA_30; BSA_1350; Lysine_420; CaCl_60; MgCl_60; Lysozyme_1050,C=10; class_weight=balanced; max_iter=2000; penalty=l2; solver=lbfgs,0.8888888888888888,88.88888888888889,0.4705882352941176,47.05882352941176
107,PK.QM_Chip4_Chan3,Logistic Regression,185,Lysozyme_60; Lysozyme_750; Caffeine_660; LL37_1020; LL37_390; Pep28_360; MgCl_270; Lysozyme_1170; Caffeine_1020; Lysozyme_90; CaCl_990; Caffeine_690; BSA_210; CaCl_30; LL37_1350; Lysozyme_30; BSA_90; BSA_930; Lysozyme_1200; LL37_750; Caffeine_990; Caffeine_1230; Lysozyme_690; LL37_300; CaCl_90; Lysozyme_720; Lysine_240; LL37_540; MgCl_660; MgCl_870; MgCl_1140; Caffeine_570; Lysozyme_120; Lysine_690; Lysozyme_1020; Pep28_180; LL37_1260; MgCl_450; LL37_480; CaCl_150; CaCl_540; BSA_1320; CaCl_270; Lysozyme_630; Pep28_150; CaCl_900; Lysozyme_1290; Caffeine_630; Caffeine_1080; LL37_1110; Pep28_480; LL37_420; Lysozyme_240; CaCl_1350; CaCl_1110; Lysozyme_1260; MgCl_1110; MgCl_120; Caffeine_360; MgCl_300; Lysine_750; Pep28_1080; Lysozyme_810; Lysozyme_510; Caffeine_30; Lysine_390; LL37_990; Caffeine_90; CaCl_1140; Pep28_570; BSA_240; MgCl_360; MgCl_420; Lysine_1290; LL37_1140; Lysozyme_960; Caffeine_510; BSA_600; Pep28_690; MgCl_480; Caffeine_1110; LL37_60; BSA_690; CaCl_780; LL37_840; Caffeine_1200; Pep28_720; Pep28_30; MgCl_180; Lysine_1170; LL37_180; BSA_1200; Lysine_660; CaCl_390; MgCl_1350; BSA_1290; MgCl_90; CaCl_1020; Lysine_540; LL37_330; BSA_1260; Lysozyme_270; Lysine_420; Caffeine_1050; Lysine_210; BSA_1140; Lysine_930; Lysine_600; BSA_390; LL37_510; Lysozyme_660; Caffeine_150; Caffeine_390; LL37_1170; Pep28_90; MgCl_840; Lysine_900; MgCl_330; LL37_30; MgCl_1170; Lysine_840; LL37_690; Lysine_1050; LL37_1050; Caffeine_930; Caffeine_180; Caffeine_120; Lysine_1320; Pep28_750; LL37_930; LL37_450; LL37_360; Caffeine_1140; BSA_300; Caffeine_870; Lysine_30; Pep28_120; Lysine_1260; Pep28_870; CaCl_1290; BSA_990; Lysozyme_1320; Lysozyme_300; MgCl_1020; CaCl_60; MgCl_930; Pep28_810; BSA_660; MgCl_540; Lysozyme_480; CaCl_510; Pep28_210; Lysozyme_210; Lysine_360; LL37_150; CaCl_1170; MgCl_1260; Caffeine_780; MgCl_960; MgCl_630; CaCl_660; Caffeine_1320; BSA_1350; MgCl_1200; Lysozyme_390; Pep28_1110; Lysozyme_840; CaCl_180; Lysine_300; BSA_1020; Caffeine_1170; BSA_540; Caffeine_720; Caffeine_210; Caffeine_450; Lysozyme_1050; MgCl_600; Pep28_450; MgCl_1230; Lysine_1020; Lysozyme_1350; LL37_1200; BSA_420; Lysine_720; Lysine_1230,C=100; class_weight=balanced; l1_ratio=0.0; max_iter=2000; penalty=l2; solver=saga,0.1111111111111111,11.11111111111111,0.1,10.0
108,PK.QM_Chip4_Chan4,Logistic Regression,159,Lysozyme_60; Caffeine_660; Lysozyme_750; LL37_1020; Pep28_360; CaCl_990; Lysozyme_1170; MgCl_270; Caffeine_1020; CaCl_30; Caffeine_990; Caffeine_690; Lysozyme_960; BSA_90; BSA_210; Lysozyme_30; Lysine_690; LL37_990; BSA_930; CaCl_150; Lysine_240; Lysozyme_720; CaCl_540; LL37_390; MgCl_420; Lysozyme_90; Lysozyme_1260; CaCl_1110; Pep28_30; Caffeine_1230; Lysozyme_1200; LL37_1260; LL37_1350; MgCl_870; CaCl_1350; BSA_690; LL37_540; Caffeine_1200; LL37_180; Lysozyme_120; LL37_750; Lysozyme_690; Lysozyme_1290; MgCl_660; LL37_300; CaCl_270; BSA_30; Pep28_720; Pep28_570; LL37_1110; BSA_1140; Caffeine_570; CaCl_900; MgCl_240; Lysozyme_1020; Caffeine_360; Lysine_390; BSA_600; CaCl_780; MgCl_1140; Caffeine_630; Lysine_1290; Pep28_150; BSA_1290; Lysine_750; LL37_30; LL37_330; Pep28_1080; Pep28_180; LL37_420; Caffeine_1080; Caffeine_390; LL37_1050; LL37_480; MgCl_1350; Caffeine_90; CaCl_1140; Lysozyme_810; LL37_1140; Lysozyme_270; MgCl_1110; MgCl_480; BSA_240; Lysine_1170; Lysozyme_240; MgCl_1170; Lysozyme_630; MgCl_450; MgCl_30; MgCl_300; BSA_300; BSA_1230; Lysine_930; Caffeine_1110; Lysozyme_660; Lysine_210; MgCl_180; LL37_240; Lysine_540; Lysine_600; CaCl_60; BSA_1260; Pep28_690; MgCl_1020; Caffeine_150; LL37_840; Lysozyme_1050; Lysozyme_300; Lysine_30; CaCl_1170; Lysine_1350; Lysozyme_480; Pep28_870; Lysine_660; MgCl_120; Caffeine_120; LL37_660; Lysozyme_510; BSA_390; CaCl_1020; LL37_1170; Lysozyme_1350; Caffeine_870; MgCl_330; MgCl_930; Lysine_840; CaCl_1290; LL37_360; Caffeine_1050; Caffeine_930; Caffeine_30; Pep28_450; CaCl_660; Caffeine_1140; Pep28_810; CaCl_930; Caffeine_1290; Lysine_1050; BSA_660; Lysozyme_840; MgCl_1200; Caffeine_450; Pep28_780; Pep28_480; BSA_1200; LL37_120; Lysozyme_420; BSA_750; CaCl_180; Pep28_120; BSA_990; LL37_450; Lysine_510; Lysine_1260; CaCl_390; CaCl_330; BSA_60; Caffeine_780; LL37_900,C=1; class_weight=None; max_iter=2000; penalty=l2; solver=lbfgs,0.0555555555555555,5.55555555555555,0.0526315789473684,5.26315789473684
109,PR.QH_Chip1_Chan1,Logistic Regression,98,Lysozyme_60; Lysozyme_750; Caffeine_660; LL37_1020; Pep28_360; CaCl_990; Lysozyme_1170; MgCl_270; Caffeine_1020; LL37_390; Lysozyme_30; LL37_1350; Caffeine_690; Lysozyme_960; Lysozyme_90; BSA_210; BSA_90; CaCl_30; BSA_930; LL37_750; Caffeine_990; Caffeine_1230; Lysine_690; MgCl_660; Lysozyme_1260; Lysozyme_690; LL37_540; Lysine_240; Lysozyme_1200; Lysozyme_720; MgCl_870; CaCl_540; Lysozyme_120; CaCl_150; Caffeine_570; LL37_300; MgCl_1140; Pep28_570; LL37_990; CaCl_1110; Lysozyme_1290; CaCl_270; CaCl_90; MgCl_450; MgCl_420; Lysozyme_1020; LL37_1260; Caffeine_1080; Pep28_180; CaCl_1350; Pep28_30; Pep28_150; CaCl_900; Pep28_1080; LL37_1110; Lysozyme_240; Caffeine_1200; LL37_180; MgCl_480; CaCl_780; LL37_480; Caffeine_90; Pep28_720; Lysine_390; BSA_240; BSA_600; MgCl_180; MgCl_1110; LL37_420; LL37_1140; BSA_1290; LL37_1050; Pep28_690; Lysine_750; BSA_690; Lysine_1290; CaCl_1140; Caffeine_630; Caffeine_360; Lysozyme_630; Pep28_480; MgCl_240; MgCl_1170; Lysozyme_810; Lysozyme_270; Caffeine_1110; LL37_330; Lysine_600; MgCl_30; Lysine_1170; Caffeine_30; MgCl_120; Lysine_930; BSA_1260; Pep28_90; LL37_1170; Lysozyme_510; Caffeine_1050,C=1; class_weight=None; l1_ratio=0.0; max_iter=2000; penalty=l2; solver=saga,1.0,100.0,1.0,100.0
110,PR.QH_Chip1_Chan2,Logistic Regression,101,Lysozyme_60; Caffeine_660; Lysozyme_750; LL37_1020; Pep28_360; CaCl_990; Lysozyme_1170; Caffeine_1020; MgCl_270; Lysozyme_30; LL37_390; LL37_1350; Caffeine_690; Lysozyme_960; BSA_210; Lysozyme_90; CaCl_30; BSA_930; BSA_90; LL37_750; Caffeine_990; Caffeine_1230; Lysine_690; MgCl_660; Lysozyme_1260; Lysozyme_690; Lysine_240; LL37_540; Lysozyme_1200; Lysozyme_720; MgCl_870; Caffeine_570; Lysozyme_120; CaCl_540; LL37_300; CaCl_150; Pep28_570; MgCl_1140; Lysozyme_1290; LL37_990; CaCl_90; CaCl_1110; Lysozyme_1020; MgCl_450; LL37_1110; MgCl_420; CaCl_1350; LL37_1260; CaCl_270; Pep28_30; Pep28_180; Caffeine_1080; CaCl_900; Pep28_1080; Pep28_150; Caffeine_1200; Lysozyme_240; CaCl_780; Lysine_390; MgCl_480; LL37_480; Caffeine_90; LL37_180; Pep28_720; BSA_240; LL37_1050; Lysine_1290; LL37_1140; BSA_600; MgCl_1110; MgCl_180; LL37_420; BSA_690; BSA_1290; Lysine_750; Lysozyme_630; Caffeine_630; CaCl_1140; Pep28_480; Pep28_690; MgCl_240; Caffeine_360; Lysozyme_810; MgCl_1170; Lysine_600; Caffeine_1110; LL37_330; MgCl_30; Lysine_1170; MgCl_120; Lysozyme_510; Pep28_90; Caffeine_1050; Caffeine_30; BSA_1260; MgCl_300; CaCl_1020; MgCl_1020; Caffeine_150; Lysine_930; LL37_1170,C=1; class_weight=None; max_iter=2000; penalty=l2; solver=lbfgs,1.0,100.0,1.0,100.0
111,PR.QH_Chip1_Chan3,Logistic Regression,117,Lysozyme_60; Lysozyme_750; Caffeine_660; LL37_1020; Caffeine_690; MgCl_270; Lysozyme_1170; Pep28_360; CaCl_990; Caffeine_1020; LL37_390; BSA_930; BSA_210; Lysozyme_90; Lysozyme_960; CaCl_30; BSA_90; Caffeine_990; LL37_1350; Caffeine_1230; Lysozyme_30; Lysine_690; LL37_750; MgCl_870; Lysozyme_690; Lysine_240; Pep28_150; CaCl_540; CaCl_1350; Caffeine_1080; Lysozyme_1260; Pep28_570; Lysozyme_1200; LL37_990; LL37_180; LL37_300; MgCl_660; Lysozyme_120; Caffeine_570; CaCl_150; LL37_1260; CaCl_90; MgCl_1140; Lysozyme_720; MgCl_450; Pep28_30; LL37_540; Lysozyme_1290; LL37_1140; Caffeine_1200; Caffeine_1110; MgCl_420; Pep28_1080; LL37_60; CaCl_270; Caffeine_360; Lysine_600; Pep28_180; Caffeine_90; LL37_420; Lysozyme_240; Lysine_1290; BSA_240; CaCl_390; Lysozyme_1020; Lysozyme_270; CaCl_1110; Pep28_690; Lysine_390; Pep28_720; Lysine_750; Pep28_480; MgCl_480; LL37_480; LL37_330; BSA_600; MgCl_180; MgCl_1110; MgCl_30; CaCl_840; CaCl_1140; BSA_1290; CaCl_900; MgCl_1170; BSA_690; Caffeine_120; BSA_300; BSA_1260; Caffeine_1050; Lysine_930; LL37_1050; Lysozyme_840; BSA_390; LL37_360; CaCl_780; Lysozyme_810; MgCl_240; Caffeine_630; Caffeine_780; LL37_1170; Caffeine_930; MgCl_300; BSA_30; Lysozyme_480; CaCl_1170; Caffeine_390; Lysine_420; Lysine_840; Pep28_120; Lysine_540; LL37_1110; MgCl_120; MgCl_1020; BSA_1140; Lysine_1260; Pep28_810; Lysine_1050,C=1; class_weight=None; max_iter=2000; penalty=l2; solver=lbfgs,0.1666666666666666,16.66666666666666,0.1428571428571428,14.28571428571428
112,PR.QH_Chip1_Chan4,Logistic Regression,121,Lysozyme_60; Caffeine_660; Lysozyme_750; Pep28_360; LL37_1020; Lysozyme_1170; CaCl_990; Caffeine_1020; LL37_1350; LL37_390; MgCl_270; Lysozyme_30; Lysozyme_90; Caffeine_690; BSA_210; BSA_90; Lysozyme_960; CaCl_30; BSA_930; Caffeine_990; Caffeine_1230; LL37_750; MgCl_660; Lysine_690; Lysozyme_690; Lysozyme_1260; CaCl_150; Lysozyme_720; LL37_540; MgCl_870; Caffeine_570; CaCl_540; Lysine_240; Lysozyme_1200; Lysozyme_1020; Lysozyme_120; Pep28_570; CaCl_1110; LL37_300; MgCl_1140; CaCl_900; LL37_990; MgCl_450; LL37_1260; Pep28_180; Caffeine_1080; CaCl_90; Pep28_150; Lysozyme_240; Lysozyme_1290; CaCl_270; LL37_1110; MgCl_420; Pep28_30; Pep28_1080; Pep28_720; Caffeine_1200; LL37_480; LL37_180; Caffeine_90; BSA_240; Lysine_390; CaCl_780; MgCl_1110; BSA_1290; MgCl_480; LL37_1050; LL37_420; LL37_1140; BSA_600; Caffeine_630; CaCl_1140; MgCl_180; Lysine_750; Pep28_690; Lysozyme_630; BSA_690; Caffeine_360; MgCl_1170; Pep28_480; Lysine_1290; LL37_330; MgCl_240; Caffeine_30; Caffeine_1110; Lysine_600; Lysine_930; Lysozyme_270; BSA_1260; MgCl_30; Caffeine_1050; MgCl_120; LL37_1170; Lysine_1170; Pep28_90; CaCl_1020; Lysozyme_810; Lysozyme_480; BSA_1140; Caffeine_150; LL37_840; BSA_390; BSA_1200; Lysine_210; MgCl_1350; Caffeine_120; MgCl_300; Lysozyme_510; LL37_30; CaCl_1350; BSA_300; MgCl_1020; LL37_360; Caffeine_390; CaCl_300; Lysine_900; Caffeine_1140; CaCl_1170; Pep28_120; Caffeine_870; Lysine_1050,C=1; class_weight=None; l1_ratio=0.0; max_iter=2000; penalty=l2; solver=saga,1.0,100.0,1.0,100.0
113,PR.QH_Chip3_Chan1,Logistic Regression,88,Lysozyme_60; Lysozyme_750; Caffeine_660; LL37_1020; Pep28_360; CaCl_990; Lysozyme_1170; Caffeine_1020; MgCl_270; Lysozyme_30; LL37_390; LL37_1350; Lysozyme_960; Caffeine_690; BSA_930; Lysozyme_90; CaCl_30; BSA_210; BSA_90; LL37_750; Caffeine_1230; Lysine_690; Caffeine_990; Lysozyme_690; MgCl_660; Lysozyme_1260; Lysine_240; Lysozyme_720; LL37_540; Lysozyme_1200; MgCl_870; Caffeine_570; Lysozyme_120; CaCl_150; LL37_300; MgCl_1140; Pep28_570; CaCl_270; LL37_990; CaCl_90; CaCl_1110; CaCl_540; Lysozyme_1020; Lysozyme_1290; MgCl_450; MgCl_420; Pep28_180; LL37_1260; Pep28_150; Caffeine_1080; CaCl_1350; Lysozyme_240; Pep28_30; LL37_180; CaCl_900; Pep28_1080; LL37_1110; MgCl_480; Caffeine_90; CaCl_780; Pep28_720; Caffeine_1200; MgCl_180; MgCl_1110; LL37_480; Lysine_390; BSA_690; BSA_240; Pep28_690; BSA_600; LL37_420; MgCl_240; Lysine_750; Pep28_480; LL37_1050; Lysozyme_630; Lysine_1290; CaCl_1140; Caffeine_630; Caffeine_360; LL37_1140; Lysozyme_270; BSA_1290; Lysozyme_810; MgCl_1170; Caffeine_1110; Lysine_930; Lysozyme_510,C=1; class_weight=None; max_iter=2000; penalty=l2; solver=lbfgs,1.0,100.0,1.0,100.0
114,PR.QH_Chip3_Chan2,Logistic Regression,102,Lysozyme_60; Caffeine_660; Lysozyme_750; LL37_1020; Pep28_360; CaCl_990; Lysozyme_1170; Caffeine_1020; MgCl_270; LL37_390; LL37_1350; BSA_210; Caffeine_690; Lysozyme_30; CaCl_30; Lysozyme_960; Lysozyme_90; BSA_930; Caffeine_990; BSA_90; Caffeine_1230; LL37_750; Lysine_690; MgCl_660; Lysozyme_690; Lysozyme_1200; Lysine_240; MgCl_870; Lysozyme_1260; Lysozyme_720; LL37_540; Caffeine_570; Lysozyme_120; LL37_300; CaCl_540; CaCl_150; MgCl_420; Pep28_570; MgCl_1140; Lysozyme_1020; Lysozyme_1290; LL37_1260; CaCl_1110; CaCl_270; MgCl_450; CaCl_90; LL37_990; Pep28_180; Pep28_150; Lysozyme_240; Pep28_1080; CaCl_1350; Caffeine_1080; CaCl_900; Pep28_720; CaCl_780; Lysine_390; Caffeine_1200; LL37_1110; Pep28_30; LL37_480; MgCl_480; Caffeine_90; LL37_420; Caffeine_630; LL37_180; MgCl_180; LL37_1050; BSA_240; CaCl_1140; BSA_600; LL37_1140; MgCl_1110; BSA_1290; BSA_690; Lysozyme_630; Lysine_1290; Lysine_750; Pep28_690; Caffeine_360; Lysozyme_810; MgCl_1170; Pep28_480; MgCl_240; Caffeine_1110; BSA_1260; Lysine_1170; MgCl_30; LL37_30; Lysine_600; LL37_330; MgCl_120; Lysozyme_270; MgCl_1020; Caffeine_30; Caffeine_120; MgCl_300; Lysozyme_510; MgCl_1350; Lysine_930; Caffeine_1050; BSA_390,C=10; class_weight=None; max_iter=2000; penalty=l2; solver=lbfgs,1.0,100.0,1.0,100.0
115,PR.QH_Chip3_Chan3,Logistic Regression,99,Lysozyme_60; Lysozyme_750; Caffeine_660; LL37_1020; Pep28_360; CaCl_990; Lysozyme_1170; Caffeine_1020; MgCl_270; LL37_390; LL37_1350; Lysozyme_30; Caffeine_690; Lysozyme_960; Lysozyme_90; BSA_210; CaCl_30; BSA_90; BSA_930; LL37_750; Caffeine_990; Caffeine_1230; Lysine_690; MgCl_660; Lysozyme_1260; Lysine_240; Lysozyme_690; Lysozyme_720; LL37_540; Lysozyme_1200; MgCl_870; Lysozyme_120; CaCl_150; CaCl_540; LL37_300; Caffeine_570; MgCl_1140; Pep28_570; CaCl_1110; LL37_990; Lysozyme_1290; MgCl_450; CaCl_270; CaCl_90; MgCl_420; Lysozyme_1020; Pep28_180; Caffeine_1080; LL37_1260; CaCl_1350; Pep28_150; CaCl_900; Pep28_1080; Pep28_30; Lysozyme_240; LL37_1110; LL37_180; CaCl_780; MgCl_480; Caffeine_1200; LL37_480; Caffeine_90; Pep28_720; Lysine_390; BSA_240; BSA_600; MgCl_1110; MgCl_180; LL37_420; Lysine_1290; Pep28_690; LL37_1050; BSA_1290; Lysine_750; BSA_690; CaCl_1140; MgCl_240; Pep28_480; LL37_1140; Caffeine_630; Lysozyme_630; Caffeine_360; MgCl_1170; Lysozyme_270; LL37_330; Caffeine_1110; Lysozyme_810; Lysine_600; Lysine_1170; MgCl_30; Lysine_930; Pep28_90; Caffeine_30; BSA_1260; Lysozyme_510; CaCl_1020; Caffeine_1050; MgCl_300; MgCl_120,C=10; class_weight=None; l1_ratio=0.0; max_iter=2000; penalty=l2; solver=saga,1.0,100.0,1.0,100.0
116,PR.QH_Chip3_Chan4,Logistic Regression,125,Lysozyme_60; Caffeine_660; Lysozyme_750; LL37_1020; Pep28_360; CaCl_990; Lysozyme_1170; MgCl_270; Caffeine_1020; LL37_1350; BSA_210; Caffeine_690; Lysozyme_30; LL37_390; CaCl_30; Lysozyme_960; BSA_930; Lysozyme_90; BSA_90; Caffeine_990; Caffeine_1230; MgCl_660; LL37_750; Lysine_690; Lysozyme_1200; Lysozyme_690; LL37_540; Lysine_240; MgCl_870; Lysozyme_1260; CaCl_540; Lysozyme_120; Lysozyme_720; LL37_300; Lysozyme_1290; CaCl_150; Caffeine_570; Pep28_570; MgCl_420; MgCl_1140; CaCl_270; Lysozyme_1020; LL37_1260; MgCl_450; CaCl_1110; CaCl_90; Lysozyme_240; Pep28_150; LL37_990; Pep28_180; Pep28_30; Pep28_1080; LL37_420; CaCl_1350; Caffeine_1080; Lysine_390; CaCl_780; Caffeine_1200; LL37_1110; Pep28_720; Caffeine_90; LL37_480; Caffeine_630; CaCl_900; MgCl_180; CaCl_1140; LL37_180; MgCl_480; LL37_1050; Lysine_750; BSA_600; LL37_1140; BSA_240; MgCl_1110; BSA_690; Lysine_1290; Pep28_690; Lysozyme_630; MgCl_1170; LL37_330; Lysozyme_810; MgCl_240; BSA_1290; Caffeine_30; BSA_1260; Lysine_1170; MgCl_300; Lysozyme_270; MgCl_120; Caffeine_360; Pep28_480; Caffeine_1110; MgCl_30; Lysine_600; CaCl_1020; Lysozyme_510; Lysine_540; MgCl_1350; MgCl_1020; Caffeine_120; BSA_390; LL37_30; Pep28_90; Lysine_840; Lysine_1050; BSA_1140; Caffeine_1050; Lysine_210; Lysine_420; Lysine_930; Lysine_660; Lysozyme_480; Lysine_30; CaCl_390; Caffeine_1140; BSA_1200; CaCl_1170; MgCl_90; BSA_30; BSA_300; LL37_690; Caffeine_150; CaCl_300; BSA_1350; LL37_1170,C=1; class_weight=None; l1_ratio=0.0; max_iter=2000; penalty=l2; solver=saga,0.9444444444444444,94.44444444444444,0.4857142857142857,48.57142857142857
117,PR.QH_Chip4_Chan1,Logistic Regression,165,Lysozyme_60; Lysozyme_750; Caffeine_660; LL37_1020; Pep28_360; CaCl_990; MgCl_270; BSA_210; CaCl_30; LL37_390; Caffeine_690; Caffeine_1020; Lysozyme_90; Lysozyme_1170; Lysozyme_960; LL37_1350; Lysozyme_30; Lysine_240; Lysozyme_1200; BSA_90; LL37_750; BSA_930; Caffeine_990; Lysine_690; Lysozyme_690; LL37_300; MgCl_660; LL37_540; CaCl_540; MgCl_1140; Lysozyme_720; Caffeine_1230; Caffeine_570; Pep28_570; MgCl_450; CaCl_150; MgCl_420; Lysozyme_1260; LL37_990; Lysozyme_1020; CaCl_270; LL37_1260; CaCl_900; Lysozyme_240; MgCl_870; CaCl_1110; Pep28_180; LL37_1050; Pep28_150; LL37_480; Caffeine_1080; Lysozyme_120; Lysozyme_1290; MgCl_1110; MgCl_480; Caffeine_1200; BSA_1290; Pep28_30; BSA_600; Pep28_720; BSA_240; Pep28_1080; CaCl_90; CaCl_1140; BSA_390; CaCl_1350; MgCl_180; BSA_690; Lysine_1050; Lysozyme_630; LL37_420; LL37_180; LL37_1110; Caffeine_630; Lysozyme_510; BSA_1140; Caffeine_90; Caffeine_1110; Pep28_480; Lysine_30; Caffeine_120; MgCl_1020; Lysine_1290; Lysine_210; MgCl_300; BSA_1260; LL37_1170; LL37_1140; MgCl_240; MgCl_1170; CaCl_780; Lysozyme_810; LL37_690; CaCl_1020; MgCl_30; BSA_1320; Pep28_690; BSA_300; LL37_330; LL37_840; Pep28_90; Lysine_600; Lysine_660; LL37_510; Lysozyme_270; Caffeine_1050; MgCl_1350; Lysozyme_480; BSA_660; MgCl_120; Caffeine_360; CaCl_390; Pep28_870; Lysozyme_660; MgCl_960; Lysozyme_840; BSA_1200; Caffeine_1140; Pep28_810; Caffeine_30; LL37_30; MgCl_330; Caffeine_390; CaCl_1170; Caffeine_510; Caffeine_930; CaCl_300; Lysine_390; Lysine_1170; Lysine_750; Caffeine_870; BSA_1350; CaCl_60; CaCl_1290; Lysine_540; Pep28_120; LL37_660; Caffeine_150; Pep28_780; Lysine_930; Lysozyme_1350; Lysozyme_1320; LL37_360; Caffeine_780; Pep28_450; Pep28_210; MgCl_1050; Lysozyme_1050; MgCl_1230; LL37_450; LL37_930; BSA_30; Lysine_1320; LL37_240; Lysozyme_390; Lysine_1230; BSA_990; Pep28_750; MgCl_630; Caffeine_450; Lysine_900; Caffeine_720; Lysine_420; LL37_150; Pep28_1110,C=10; class_weight=balanced; max_iter=2000; penalty=l2; solver=lbfgs,0.6666666666666666,66.66666666666666,0.4,40.0
118,PR.QH_Chip4_Chan2,Logistic Regression,100,Lysozyme_60; Lysozyme_750; Caffeine_660; Pep28_360; LL37_1020; CaCl_990; Lysozyme_1170; LL37_1350; MgCl_270; Caffeine_1020; LL37_390; Lysozyme_30; BSA_90; Lysozyme_960; Caffeine_690; Lysozyme_90; CaCl_30; BSA_210; BSA_930; LL37_750; Lysine_690; Lysozyme_1260; Caffeine_1230; MgCl_660; Caffeine_990; LL37_540; Lysozyme_120; Lysozyme_690; Lysozyme_720; Lysine_240; CaCl_150; CaCl_540; CaCl_90; MgCl_1140; MgCl_870; Lysozyme_1200; Pep28_570; MgCl_450; LL37_300; CaCl_1110; Pep28_180; Lysozyme_1020; Caffeine_570; CaCl_270; LL37_1110; Lysozyme_1290; LL37_1260; CaCl_1350; MgCl_420; Caffeine_1080; Pep28_150; Pep28_30; LL37_990; Pep28_1080; CaCl_900; Lysozyme_240; MgCl_480; LL37_480; BSA_240; Pep28_720; CaCl_780; LL37_180; Caffeine_1200; BSA_600; Caffeine_90; Lysine_390; CaCl_1140; LL37_420; Pep28_690; LL37_1140; BSA_1290; MgCl_180; Lysine_1290; Caffeine_360; MgCl_1110; LL37_1050; MgCl_240; Lysozyme_630; LL37_330; Pep28_480; Caffeine_630; Lysozyme_270; Lysine_750; BSA_690; Lysine_600; LL37_1170; Lysozyme_810; LL37_840; Caffeine_1110; Lysine_540; BSA_1140; BSA_1260; MgCl_1170; MgCl_300; MgCl_30; MgCl_120; Caffeine_150; BSA_300; Lysine_930; Caffeine_1050,C=1; class_weight=None; max_iter=2000; penalty=l2; solver=lbfgs,0.7222222222222222,72.22222222222221,0.4193548387096774,41.93548387096774
119,PR.QH_Chip4_Chan3,Logistic Regression,113,Lysozyme_60; Lysozyme_750; Caffeine_660; LL37_1020; CaCl_990; Lysozyme_1170; Pep28_360; MgCl_270; Caffeine_1020; LL37_1350; LL37_390; Caffeine_690; Lysozyme_960; BSA_210; Lysozyme_30; BSA_930; CaCl_30; MgCl_870; Lysozyme_90; Caffeine_990; Caffeine_1230; BSA_90; Lysine_690; MgCl_660; Lysozyme_1260; Lysozyme_1200; Lysozyme_720; LL37_750; Lysine_240; Lysozyme_690; CaCl_270; LL37_540; Caffeine_570; CaCl_540; CaCl_150; Pep28_570; MgCl_420; CaCl_90; CaCl_900; Lysozyme_1020; Lysozyme_1290; Pep28_180; MgCl_1140; LL37_1260; Pep28_150; Pep28_30; CaCl_1350; Lysozyme_120; CaCl_1110; LL37_300; MgCl_1110; Pep28_1080; Lysine_390; Caffeine_90; Caffeine_630; Caffeine_1200; LL37_990; Pep28_720; LL37_420; CaCl_1140; CaCl_780; Lysozyme_240; LL37_1110; Caffeine_1080; MgCl_450; Lysozyme_630; MgCl_480; BSA_240; Lysine_1290; Caffeine_360; BSA_690; BSA_600; MgCl_180; LL37_480; BSA_1290; Pep28_690; Caffeine_1110; Lysozyme_810; Lysine_750; LL37_1140; LL37_180; LL37_1050; MgCl_30; MgCl_1350; Caffeine_30; Lysine_600; LL37_30; Lysine_1170; Lysozyme_270; LL37_330; Lysine_930; Lysozyme_510; CaCl_390; MgCl_240; Lysine_1050; Caffeine_120; Lysine_660; Pep28_90; LL37_1170; BSA_1320; MgCl_1020; Caffeine_150; Caffeine_390; CaCl_1020; CaCl_300; Pep28_480; MgCl_120; BSA_1260; Caffeine_1050; Lysozyme_480; MgCl_1170; Caffeine_870; BSA_1200,C=100; class_weight=balanced; l1_ratio=0.0; max_iter=2000; penalty=l2; solver=saga,0.7777777777777778,77.77777777777779,0.4375,43.75
120,PR.QH_Chip4_Chan4,Logistic Regression,124,Lysozyme_60; Caffeine_660; Lysozyme_750; Pep28_360; LL37_1020; CaCl_990; Caffeine_1020; MgCl_270; Lysozyme_1170; Lysozyme_30; LL37_1350; Caffeine_690; BSA_90; LL37_390; Lysozyme_960; CaCl_30; BSA_210; Lysozyme_90; LL37_750; BSA_930; Caffeine_990; Lysine_690; MgCl_660; Lysozyme_120; Caffeine_1230; Lysozyme_720; Lysozyme_1260; Lysozyme_690; LL37_540; Lysozyme_1200; Lysine_240; CaCl_270; Caffeine_570; CaCl_150; CaCl_1110; MgCl_870; MgCl_420; LL37_300; CaCl_540; Lysozyme_1290; CaCl_1350; LL37_1260; Pep28_30; MgCl_1140; Lysozyme_1020; Pep28_150; Pep28_570; LL37_990; CaCl_900; CaCl_90; Lysozyme_240; LL37_1110; Pep28_1080; Caffeine_1080; CaCl_780; LL37_180; MgCl_450; MgCl_480; Lysine_750; Lysine_390; Caffeine_90; Caffeine_1200; LL37_480; MgCl_1110; Pep28_180; MgCl_180; BSA_690; Pep28_720; BSA_240; BSA_1290; Pep28_690; Lysine_1290; LL37_1140; LL37_1050; BSA_600; Caffeine_1110; MgCl_1170; MgCl_240; Pep28_480; LL37_420; Lysozyme_630; Caffeine_360; Caffeine_630; CaCl_300; CaCl_1140; LL37_330; MgCl_30; BSA_1140; Caffeine_150; Lysozyme_270; Lysine_930; Lysine_840; Lysine_1170; Lysozyme_510; Lysine_420; Lysozyme_810; Lysine_600; CaCl_1020; MgCl_120; Pep28_90; LL37_1170; LL37_60; Caffeine_1050; LL37_30; Caffeine_120; BSA_300; Lysine_210; MgCl_1020; Lysine_540; CaCl_1170; BSA_1260; BSA_390; MgCl_1350; Caffeine_930; CaCl_60; LL37_840; Caffeine_870; BSA_1200; Caffeine_30; Lysine_1050; MgCl_300; Caffeine_390; CaCl_390; MgCl_60,C=10; class_weight=balanced; max_iter=2000; penalty=l2; solver=lbfgs,0.4444444444444444,44.44444444444444,0.3076923076923077,30.76923076923077
121,PR.QL_Chip1_Chan1,Logistic Regression,78,Lysozyme_60; Lysozyme_750; Caffeine_660; LL37_1020; Pep28_360; CaCl_990; Lysozyme_1170; Caffeine_1020; MgCl_270; LL37_390; LL37_1350; Lysozyme_30; Caffeine_690; Lysozyme_960; BSA_210; Lysozyme_90; CaCl_30; BSA_930; BSA_90; LL37_750; Caffeine_990; Caffeine_1230; Lysine_690; MgCl_660; Lysine_240; Lysozyme_690; Lysozyme_1260; Lysozyme_1200; LL37_540; MgCl_870; Lysozyme_720; Caffeine_570; Lysozyme_120; CaCl_540; LL37_300; CaCl_150; Pep28_570; MgCl_1140; CaCl_1110; Lysozyme_1020; CaCl_270; MgCl_450; LL37_990; Lysozyme_1290; MgCl_420; CaCl_90; LL37_1260; Caffeine_1080; Pep28_180; Pep28_150; CaCl_1350; Lysozyme_240; CaCl_900; Pep28_1080; Pep28_30; CaCl_780; MgCl_480; LL37_1110; Caffeine_1200; Caffeine_90; LL37_180; Pep28_720; Lysine_390; LL37_480; BSA_240; MgCl_1110; BSA_600; LL37_1140; MgCl_180; LL37_1050; LL37_420; CaCl_1140; BSA_1290; BSA_690; Lysine_1290; Pep28_690; Caffeine_630; Lysine_750,C=0.1; class_weight=None; max_iter=2000; penalty=l2; solver=lbfgs,1.0,100.0,1.0,100.0
122,PR.QL_Chip1_Chan2,Logistic Regression,97,Lysozyme_60; Lysozyme_750; Caffeine_660; LL37_1020; Pep28_360; CaCl_990; Lysozyme_1170; Caffeine_1020; MgCl_270; LL37_390; LL37_1350; Lysozyme_30; Caffeine_690; BSA_210; Lysozyme_960; Lysozyme_90; CaCl_30; BSA_930; BSA_90; Caffeine_990; LL37_750; Caffeine_1230; Lysine_690; MgCl_660; Lysozyme_690; Lysine_240; Lysozyme_1260; Lysozyme_1200; MgCl_870; LL37_540; Lysozyme_720; Caffeine_570; Lysozyme_120; CaCl_540; LL37_300; CaCl_150; Pep28_570; MgCl_1140; Lysozyme_1020; CaCl_1110; Lysozyme_1290; LL37_990; MgCl_450; LL37_1260; CaCl_270; MgCl_420; CaCl_90; Pep28_180; Caffeine_1080; Pep28_150; CaCl_1350; Lysozyme_240; CaCl_900; Pep28_1080; Pep28_30; CaCl_780; MgCl_480; LL37_1110; Pep28_720; LL37_480; Caffeine_1200; LL37_180; Caffeine_90; Lysine_390; BSA_240; MgCl_1110; BSA_600; MgCl_180; LL37_1050; LL37_420; LL37_1140; BSA_1290; CaCl_1140; Caffeine_630; BSA_690; Pep28_690; Lysine_1290; Lysine_750; Caffeine_360; Lysozyme_630; MgCl_240; MgCl_1170; Pep28_480; Lysozyme_810; LL37_330; Lysozyme_270; Lysine_600; Caffeine_1110; MgCl_30; BSA_1260; Lysine_1170; Caffeine_1050; Lysozyme_510; Lysine_930; MgCl_120; Caffeine_30; MgCl_300,C=1; class_weight=balanced; l1_ratio=0.0; max_iter=2000; penalty=l2; solver=saga,1.0,100.0,1.0,100.0
123,PR.QL_Chip1_Chan3,Logistic Regression,97,Lysozyme_60; Lysozyme_750; Caffeine_660; LL37_1020; Pep28_360; CaCl_990; Lysozyme_1170; Caffeine_1020; MgCl_270; LL37_390; LL37_1350; Lysozyme_30; Caffeine_690; Lysozyme_960; BSA_210; Lysozyme_90; CaCl_30; BSA_930; BSA_90; LL37_750; Caffeine_990; Caffeine_1230; Lysine_690; MgCl_660; Lysozyme_690; Lysine_240; Lysozyme_1260; Lysozyme_1200; LL37_540; MgCl_870; Lysozyme_720; Caffeine_570; Lysozyme_120; LL37_300; CaCl_540; CaCl_150; Pep28_570; MgCl_1140; CaCl_1110; Lysozyme_1020; CaCl_270; Lysozyme_1290; MgCl_420; LL37_990; MgCl_450; LL37_1260; CaCl_90; Pep28_150; Caffeine_1080; Pep28_180; CaCl_1350; Lysozyme_240; Pep28_1080; CaCl_900; CaCl_780; Pep28_30; MgCl_480; LL37_1110; Pep28_720; Caffeine_1200; Caffeine_90; LL37_480; LL37_180; Lysine_390; BSA_240; MgCl_1110; MgCl_180; LL37_420; LL37_1140; LL37_1050; BSA_600; Pep28_690; BSA_690; CaCl_1140; BSA_1290; Lysine_1290; Caffeine_630; Lysozyme_630; Lysine_750; Caffeine_360; MgCl_240; MgCl_1170; Pep28_480; Lysozyme_810; LL37_330; Lysine_600; Lysozyme_270; Caffeine_1110; MgCl_30; BSA_1260; Lysine_1170; Caffeine_1050; Lysozyme_510; Caffeine_30; MgCl_120; Lysine_930; LL37_30,C=10; class_weight=balanced; l1_ratio=0.0; max_iter=2000; penalty=l2; solver=saga,1.0,100.0,1.0,100.0
124,PR.QL_Chip1_Chan4,Logistic Regression,100,Lysozyme_60; Lysozyme_750; Caffeine_660; LL37_1020; Pep28_360; CaCl_990; Lysozyme_1170; Caffeine_1020; MgCl_270; LL37_390; LL37_1350; Lysozyme_30; Caffeine_690; Lysozyme_960; Lysozyme_90; BSA_210; CaCl_30; BSA_90; BSA_930; LL37_750; Caffeine_1230; Caffeine_990; Lysine_690; MgCl_660; Lysozyme_1260; Lysozyme_690; Lysine_240; LL37_540; Lysozyme_720; Lysozyme_1200; MgCl_870; CaCl_540; Lysozyme_120; CaCl_150; Caffeine_570; Pep28_570; MgCl_1140; LL37_300; LL37_990; CaCl_1110; CaCl_90; MgCl_420; MgCl_450; CaCl_270; Caffeine_1080; Lysozyme_1290; LL37_1260; Lysozyme_1020; Pep28_180; CaCl_1350; Pep28_150; CaCl_900; Lysozyme_240; Pep28_1080; CaCl_780; LL37_180; Pep28_30; Caffeine_1200; LL37_480; MgCl_480; Lysine_390; Caffeine_90; Pep28_720; LL37_1110; MgCl_1110; BSA_600; BSA_240; MgCl_180; LL37_420; LL37_1050; Pep28_690; BSA_1290; Lysine_1290; CaCl_1140; LL37_1140; Caffeine_630; BSA_690; Lysine_750; MgCl_240; Pep28_480; Lysozyme_630; Caffeine_360; MgCl_1170; LL37_330; Lysozyme_270; Caffeine_1110; Lysozyme_810; Lysine_600; Lysine_1170; Lysine_930; Caffeine_1050; MgCl_30; CaCl_1020; Caffeine_30; BSA_1260; Lysozyme_510; MgCl_120; Pep28_90; LL37_1170; MgCl_300,C=10; class_weight=balanced; max_iter=2000; penalty=l2; solver=lbfgs,1.0,100.0,1.0,100.0
125,PR.QL_Chip3_Chan1,Logistic Regression,152,Lysozyme_60; Lysozyme_750; Caffeine_660; LL37_1020; Pep28_360; CaCl_990; Lysozyme_30; Lysozyme_1170; MgCl_270; Caffeine_1020; LL37_390; LL37_1350; Caffeine_690; Lysozyme_960; Lysozyme_90; CaCl_30; BSA_90; Caffeine_1230; MgCl_660; BSA_930; Lysine_690; LL37_750; BSA_210; Lysine_240; Lysozyme_1200; Lysozyme_720; Caffeine_990; Lysozyme_690; MgCl_870; Lysozyme_1260; Caffeine_570; LL37_300; LL37_540; CaCl_150; Lysozyme_1020; CaCl_540; Pep28_570; MgCl_1140; CaCl_1110; Lysozyme_120; Lysozyme_1290; MgCl_420; CaCl_90; LL37_990; MgCl_450; LL37_1260; CaCl_270; CaCl_1350; CaCl_900; Caffeine_1080; Pep28_150; Pep28_180; LL37_1110; BSA_600; Pep28_1080; Lysozyme_240; Caffeine_1200; CaCl_780; Caffeine_360; MgCl_480; LL37_180; Lysine_390; MgCl_180; Pep28_30; LL37_480; Pep28_720; BSA_1290; BSA_240; Lysozyme_630; MgCl_1110; LL37_420; LL37_1140; Caffeine_90; Pep28_690; Caffeine_630; CaCl_1140; MgCl_240; BSA_690; MgCl_1170; MgCl_30; Pep28_480; Lysozyme_810; Lysine_1290; Lysine_750; Caffeine_1110; LL37_1050; BSA_1140; CaCl_1020; LL37_330; Lysozyme_270; Lysine_600; MgCl_300; Lysine_1170; Lysozyme_510; MgCl_1020; Lysine_1050; Pep28_90; Caffeine_120; LL37_840; BSA_390; BSA_1260; Lysine_420; Caffeine_150; Caffeine_1050; LL37_1170; LL37_30; MgCl_1350; Caffeine_930; Lysine_840; Lysozyme_480; Lysine_30; Caffeine_390; MgCl_120; Lysine_930; Lysine_210; MgCl_330; Lysine_540; CaCl_1170; Pep28_120; Lysine_660; Lysozyme_840; CaCl_390; CaCl_300; Pep28_870; Lysine_900; Caffeine_1140; Caffeine_450; BSA_1200; LL37_690; Caffeine_30; BSA_30; Caffeine_510; Caffeine_210; CaCl_1290; MgCl_60; Pep28_810; Lysozyme_1050; BSA_300; Lysine_1260; Lysozyme_660; BSA_1350; Lysozyme_1320; Caffeine_180; Lysozyme_300; LL37_360; LL37_60; Pep28_780; Pep28_210; BSA_1020; Lysine_1230; CaCl_60; LL37_450,C=1; class_weight=None; l1_ratio=0.0; max_iter=2000; penalty=l2; solver=saga,0.8888888888888888,88.88888888888889,0.4705882352941176,47.05882352941176
126,PR.QL_Chip3_Chan2,Logistic Regression,103,Lysozyme_60; Lysozyme_750; Caffeine_660; LL37_1020; Pep28_360; CaCl_990; Lysozyme_1170; MgCl_270; Caffeine_1020; LL37_390; LL37_1350; Lysozyme_30; Caffeine_690; BSA_210; Lysozyme_960; CaCl_30; Lysozyme_90; BSA_930; BSA_90; LL37_750; Caffeine_990; Caffeine_1230; Lysine_690; MgCl_660; Lysozyme_1260; Lysozyme_1200; Lysozyme_690; Lysine_240; Lysozyme_720; LL37_540; MgCl_870; Lysozyme_120; CaCl_540; Caffeine_570; LL37_300; CaCl_150; Pep28_570; MgCl_1140; Lysozyme_1290; MgCl_420; CaCl_1110; Lysozyme_1020; CaCl_270; LL37_1260; MgCl_450; LL37_990; CaCl_90; Pep28_180; CaCl_1350; Pep28_150; Lysozyme_240; Caffeine_1080; Pep28_30; Pep28_1080; CaCl_900; LL37_1110; CaCl_780; Pep28_720; LL37_480; Caffeine_1200; Lysine_390; MgCl_480; LL37_180; Caffeine_90; MgCl_180; LL37_420; LL37_1140; LL37_1050; BSA_240; MgCl_1110; BSA_600; CaCl_1140; Lysine_750; Caffeine_630; BSA_690; BSA_1290; Lysine_1290; Pep28_690; Lysozyme_630; Caffeine_360; Pep28_480; MgCl_1170; Lysozyme_810; LL37_330; MgCl_240; Caffeine_1110; Lysozyme_270; Lysine_600; Caffeine_30; Lysine_1170; Caffeine_1050; MgCl_300; LL37_30; MgCl_30; Lysozyme_510; BSA_1260; MgCl_1020; Lysine_930; Lysine_540; Pep28_90; LL37_1170; Lysine_1050; MgCl_120,C=1; class_weight=None; l1_ratio=0.0; max_iter=2000; penalty=l2; solver=saga,1.0,100.0,1.0,100.0
127,PR.QL_Chip3_Chan3,Logistic Regression,94,Lysozyme_60; Lysozyme_750; Caffeine_660; LL37_1020; Pep28_360; CaCl_990; Lysozyme_1170; MgCl_270; Caffeine_1020; LL37_390; LL37_1350; Caffeine_690; Lysozyme_30; Lysozyme_960; BSA_210; CaCl_30; Lysozyme_90; BSA_930; BSA_90; Caffeine_990; Lysine_690; LL37_750; Caffeine_1230; Lysozyme_690; Lysine_240; MgCl_660; Lysozyme_1200; Lysozyme_1260; MgCl_870; LL37_540; Lysozyme_720; Lysozyme_120; LL37_300; CaCl_150; MgCl_1140; Pep28_570; CaCl_270; Caffeine_570; Lysozyme_1020; CaCl_540; MgCl_420; Lysozyme_1290; CaCl_90; LL37_1260; CaCl_1110; Pep28_150; LL37_990; Pep28_180; MgCl_450; CaCl_1350; Caffeine_1080; CaCl_900; Pep28_720; Pep28_1080; Pep28_30; Lysozyme_240; LL37_1110; MgCl_480; Caffeine_1200; Caffeine_90; CaCl_780; LL37_180; BSA_1290; MgCl_180; BSA_240; Lysine_390; LL37_480; LL37_1140; LL37_420; MgCl_1110; BSA_690; CaCl_1140; Pep28_690; LL37_1050; BSA_600; Lysine_750; Caffeine_630; Lysozyme_630; Lysine_1290; Caffeine_360; MgCl_240; Pep28_480; Lysozyme_810; MgCl_1170; Lysozyme_270; Caffeine_1110; Lysine_600; Lysine_1170; Caffeine_30; LL37_30; MgCl_120; Lysine_930; MgCl_30; Lysozyme_510,C=1; class_weight=None; max_iter=2000; penalty=l2; solver=lbfgs,1.0,100.0,1.0,100.0
128,PR.QL_Chip3_Chan4,Logistic Regression,157,Lysozyme_60; Lysozyme_750; Caffeine_660; LL37_1020; Pep28_360; CaCl_990; MgCl_270; LL37_1350; Caffeine_1020; Lysozyme_1170; LL37_390; Caffeine_690; Lysozyme_960; BSA_210; Lysozyme_90; BSA_90; CaCl_30; Lysine_690; Caffeine_1230; Caffeine_990; Lysozyme_30; Lysozyme_1260; MgCl_870; Lysozyme_690; Lysine_240; Lysozyme_1200; BSA_930; MgCl_660; CaCl_540; CaCl_150; LL37_750; Caffeine_570; Lysozyme_120; MgCl_450; CaCl_1110; Lysozyme_720; CaCl_270; MgCl_1140; MgCl_420; Pep28_570; Pep28_150; Caffeine_1200; LL37_30; MgCl_90; Caffeine_1080; LL37_300; Lysozyme_1290; CaCl_1140; Lysozyme_240; LL37_1260; Caffeine_90; LL37_540; CaCl_780; Caffeine_630; Lysozyme_1020; LL37_480; Pep28_180; MgCl_120; LL37_1050; CaCl_90; Pep28_720; Pep28_30; Pep28_1080; LL37_990; LL37_1110; BSA_690; CaCl_900; LL37_180; BSA_1290; CaCl_1350; Lysozyme_810; LL37_420; BSA_600; MgCl_480; Pep28_690; Caffeine_1050; Lysine_750; MgCl_180; MgCl_1110; BSA_240; MgCl_240; Lysozyme_630; Lysine_1170; Lysine_1290; Lysine_390; MgCl_1020; Lysozyme_510; CaCl_1170; MgCl_30; Lysine_600; LL37_1170; MgCl_1350; Caffeine_120; Caffeine_1110; Lysozyme_270; MgCl_1170; BSA_1260; Caffeine_1140; Caffeine_360; MgCl_300; CaCl_1020; Lysine_840; Lysine_930; CaCl_300; CaCl_60; Lysozyme_480; Pep28_480; LL37_1140; Caffeine_30; Lysine_1050; Caffeine_510; MgCl_330; Pep28_810; Lysine_540; Pep28_90; LL37_330; LL37_60; LL37_450; LL37_690; Lysine_210; Caffeine_390; CaCl_390; LL37_510; BSA_660; BSA_1200; Caffeine_150; Caffeine_930; LL37_150; BSA_30; LL37_900; BSA_1140; Pep28_870; BSA_390; Pep28_120; Lysozyme_840; Pep28_750; CaCl_1080; Caffeine_870; Lysine_30; CaCl_1290; Lysine_660; BSA_1020; BSA_750; BSA_1350; Caffeine_780; BSA_1320; LL37_840; CaCl_480; Lysozyme_1050; Lysozyme_300; Lysine_420; MgCl_1230; Lysine_1260; CaCl_180; CaCl_660; Lysozyme_390; Pep28_780,C=100; class_weight=None; l1_ratio=0.0; max_iter=2000; penalty=l2; solver=saga,0.6111111111111112,61.111111111111114,0.3793103448275862,37.93103448275862
129,PR.QL_Chip4_Chan1,Logistic Regression,98,Lysozyme_60; Lysozyme_750; Caffeine_660; LL37_1020; Pep28_360; CaCl_990; Lysozyme_1170; Caffeine_1020; MgCl_270; LL37_390; Lysozyme_30; LL37_1350; Caffeine_690; Lysozyme_960; BSA_210; CaCl_30; Lysozyme_90; BSA_90; BSA_930; Caffeine_990; LL37_750; Caffeine_1230; Lysine_690; MgCl_660; Lysozyme_690; Lysine_240; Lysozyme_1260; Lysozyme_720; Lysozyme_1200; LL37_540; MgCl_870; Caffeine_570; Lysozyme_120; CaCl_540; CaCl_150; MgCl_1140; LL37_300; CaCl_1110; MgCl_420; Pep28_570; CaCl_270; Lysozyme_1020; Lysozyme_1290; CaCl_90; LL37_1260; MgCl_450; Pep28_180; CaCl_1350; LL37_990; Pep28_150; Caffeine_1080; CaCl_900; Lysozyme_240; Pep28_1080; Pep28_30; LL37_1110; Pep28_720; CaCl_780; MgCl_480; Caffeine_1200; Lysine_390; LL37_480; LL37_180; Caffeine_90; MgCl_180; MgCl_1110; BSA_600; LL37_420; BSA_240; LL37_1140; LL37_1050; BSA_1290; BSA_690; Caffeine_630; Lysine_1290; CaCl_1140; Pep28_690; Lysine_750; Caffeine_360; Lysozyme_630; Pep28_480; MgCl_240; MgCl_1170; Lysozyme_810; Lysozyme_270; Lysine_600; LL37_330; Caffeine_1110; MgCl_30; Lysine_1170; Caffeine_1050; MgCl_120; Lysozyme_510; Caffeine_30; Pep28_90; BSA_1260; Lysine_930; MgCl_300,C=1; class_weight=balanced; max_iter=2000; penalty=l2; solver=lbfgs,1.0,100.0,1.0,100.0
130,PR.QL_Chip4_Chan2,Logistic Regression,85,Lysozyme_60; Lysozyme_750; Caffeine_660; Lysozyme_1170; LL37_1020; Pep28_360; CaCl_990; Caffeine_1020; LL37_390; MgCl_270; Lysozyme_30; Caffeine_690; Lysozyme_960; CaCl_30; Lysozyme_90; BSA_210; LL37_1350; Lysine_690; Caffeine_1230; Caffeine_990; BSA_90; BSA_930; Lysine_240; Lysozyme_1200; MgCl_660; LL37_540; LL37_750; Lysozyme_690; CaCl_540; LL37_300; Lysozyme_120; Lysozyme_1260; MgCl_1140; Caffeine_570; CaCl_150; Lysozyme_720; Pep28_180; LL37_1260; MgCl_870; MgCl_420; Lysozyme_1290; Lysozyme_1020; Pep28_30; Lysozyme_240; CaCl_1110; Pep28_570; CaCl_90; CaCl_900; CaCl_1350; Caffeine_1080; LL37_990; BSA_600; Pep28_150; MgCl_450; MgCl_180; Caffeine_1200; CaCl_270; LL37_180; Lysine_840; LL37_480; BSA_240; LL37_420; BSA_690; MgCl_480; Caffeine_90; LL37_1140; LL37_1110; Pep28_720; Pep28_1080; Pep28_480; Lysine_390; Lysozyme_270; CaCl_780; Lysine_1290; MgCl_120; BSA_1290; MgCl_1110; Lysozyme_630; Pep28_90; Caffeine_360; Caffeine_150; Caffeine_630; MgCl_240; LL37_1050; BSA_300,C=10; class_weight=None; l1_ratio=0.0; max_iter=2000; penalty=l2; solver=saga,0.7222222222222222,72.22222222222221,0.4193548387096774,41.93548387096774
131,PR.QL_Chip4_Chan3,Logistic Regression,112,Lysozyme_60; Lysozyme_750; Caffeine_660; LL37_1020; Pep28_360; CaCl_990; Lysozyme_1170; MgCl_270; Caffeine_1020; Lysozyme_30; LL37_390; LL37_1350; Caffeine_690; Lysozyme_960; BSA_210; Lysozyme_90; BSA_930; BSA_90; CaCl_30; LL37_750; Caffeine_990; Caffeine_1230; MgCl_660; Lysozyme_1260; Lysine_690; Lysozyme_690; Lysozyme_720; Lysine_240; LL37_540; MgCl_870; Caffeine_570; Lysozyme_120; CaCl_540; CaCl_150; Lysozyme_1200; Pep28_570; MgCl_1140; LL37_300; Lysozyme_1020; CaCl_90; MgCl_420; Lysozyme_1290; CaCl_1110; CaCl_270; Pep28_180; CaCl_1350; MgCl_450; Caffeine_1080; LL37_990; Pep28_150; CaCl_900; LL37_1260; LL37_180; Pep28_1080; Pep28_30; Lysozyme_240; Caffeine_1200; Caffeine_90; LL37_480; MgCl_480; Lysine_390; Pep28_720; LL37_1110; CaCl_780; BSA_1290; MgCl_180; MgCl_1110; LL37_1050; Lysine_750; BSA_600; Pep28_480; Caffeine_630; BSA_240; LL37_1140; Pep28_690; LL37_420; Caffeine_360; Lysine_1290; CaCl_1140; MgCl_1170; Lysozyme_630; MgCl_240; BSA_690; Lysozyme_810; LL37_330; Lysozyme_270; Lysine_600; MgCl_120; Lysine_930; Lysine_1170; BSA_1140; LL37_30; Caffeine_1110; Pep28_90; CaCl_1020; BSA_1260; Caffeine_1050; Lysine_540; BSA_1200; Lysozyme_510; MgCl_30; Lysine_1050; LL37_1170; Caffeine_30; Caffeine_150; MgCl_1020; MgCl_300; Caffeine_930; Lysine_210; BSA_390; Lysozyme_480; Caffeine_120,C=1; class_weight=None; max_iter=2000; penalty=l2; solver=lbfgs,1.0,100.0,1.0,100.0
132,PR.QL_Chip4_Chan4,Logistic Regression,77,Lysozyme_60; Lysozyme_750; Caffeine_660; LL37_1020; Pep28_360; CaCl_990; Lysozyme_1170; Caffeine_1020; MgCl_270; LL37_390; Lysozyme_30; LL37_1350; Caffeine_690; Lysozyme_960; BSA_210; Lysozyme_90; CaCl_30; BSA_930; BSA_90; LL37_750; Caffeine_990; Caffeine_1230; Lysine_690; MgCl_660; Lysozyme_690; Lysozyme_1260; Lysine_240; Lysozyme_720; LL37_540; Lysozyme_1200; MgCl_870; Lysozyme_120; Caffeine_570; CaCl_150; CaCl_540; MgCl_1140; LL37_300; Pep28_570; CaCl_1110; LL37_990; CaCl_90; MgCl_450; CaCl_270; Lysozyme_1290; Lysozyme_1020; MgCl_420; Pep28_180; CaCl_1350; LL37_1260; Pep28_150; Caffeine_1080; CaCl_900; Pep28_30; Pep28_1080; Lysozyme_240; LL37_1110; Pep28_720; LL37_180; MgCl_480; Caffeine_1200; CaCl_780; LL37_480; Lysine_390; Caffeine_90; BSA_600; MgCl_1110; MgCl_180; LL37_420; LL37_1050; LL37_1140; Pep28_690; BSA_1290; BSA_240; Lysine_1290; Lysine_750; CaCl_1140; Caffeine_630,C=1; class_weight=None; max_iter=2000; penalty=l2; solver=lbfgs,1.0,100.0,1.0,100.0
133,PR.QM_Chip1_Chan1,Logistic Regression,69,Lysozyme_60; Caffeine_660; Lysozyme_750; Pep28_360; LL37_1020; CaCl_990; Caffeine_1020; Lysozyme_1170; MgCl_270; Lysozyme_30; LL37_390; BSA_210; LL37_1350; Caffeine_690; Lysozyme_960; BSA_90; Lysozyme_90; CaCl_30; BSA_930; LL37_750; Caffeine_990; Caffeine_1230; Lysozyme_690; Lysine_690; MgCl_660; Lysozyme_1260; Lysozyme_120; Lysine_240; LL37_540; MgCl_870; CaCl_540; Lysozyme_1200; LL37_300; CaCl_150; Pep28_150; Lysozyme_720; LL37_990; CaCl_1110; Caffeine_570; CaCl_1350; CaCl_270; Lysozyme_1290; Pep28_570; Pep28_1080; MgCl_450; MgCl_1140; Pep28_180; LL37_1110; MgCl_420; Lysozyme_1020; CaCl_900; LL37_1260; CaCl_90; CaCl_780; Pep28_30; LL37_180; MgCl_180; BSA_600; LL37_480; Caffeine_1080; MgCl_480; Pep28_690; Lysine_390; Pep28_720; Caffeine_90; BSA_1290; LL37_420; Lysozyme_240; Lysine_750,C=0.1; class_weight=None; max_iter=2000; penalty=l2; solver=lbfgs,0.7222222222222222,72.22222222222221,0.4193548387096774,41.93548387096774
134,PR.QM_Chip1_Chan2,Logistic Regression,89,Lysozyme_60; Lysozyme_750; Caffeine_660; LL37_1020; Pep28_360; CaCl_990; MgCl_270; Lysozyme_1170; Caffeine_1020; LL37_390; LL37_1350; Lysozyme_30; Lysozyme_960; BSA_210; Lysozyme_90; Caffeine_1230; BSA_930; BSA_90; CaCl_30; LL37_750; Caffeine_690; Lysine_690; Lysozyme_690; Lysine_240; MgCl_660; Lysozyme_1260; Caffeine_990; Lysozyme_720; Lysozyme_1200; LL37_540; MgCl_870; CaCl_540; CaCl_150; Pep28_570; MgCl_420; Caffeine_570; Lysozyme_1290; LL37_300; MgCl_1140; CaCl_1350; Lysozyme_1020; Lysozyme_120; Pep28_150; MgCl_450; LL37_990; LL37_1260; CaCl_270; CaCl_1110; CaCl_90; Pep28_180; Pep28_30; CaCl_900; Pep28_1080; CaCl_780; MgCl_480; Caffeine_1200; LL37_480; Lysozyme_240; LL37_180; Caffeine_1080; LL37_1110; Lysine_390; BSA_240; Pep28_720; Caffeine_90; LL37_1140; LL37_1050; Lysine_750; MgCl_1110; LL37_420; BSA_600; MgCl_180; CaCl_1140; Pep28_690; MgCl_240; BSA_690; BSA_1290; Pep28_480; Lysozyme_630; Caffeine_360; Caffeine_630; MgCl_1170; Lysine_1290; Lysozyme_810; LL37_330; Lysine_600; MgCl_120; MgCl_30; Lysine_930,C=100; class_weight=None; l1_ratio=0.5; max_iter=2000; penalty=elasticnet; solver=saga,0.9444444444444444,94.44444444444444,0.4857142857142857,48.57142857142857
135,PR.QM_Chip1_Chan3,Logistic Regression,58,Lysozyme_60; Caffeine_660; Lysozyme_750; LL37_1020; Pep28_360; CaCl_990; Lysozyme_1170; Caffeine_1020; MgCl_270; LL37_390; LL37_1350; Lysozyme_30; Lysozyme_960; Lysozyme_90; BSA_210; Caffeine_690; CaCl_30; BSA_90; BSA_930; LL37_750; Caffeine_990; Caffeine_1230; Lysine_690; MgCl_660; Lysozyme_1260; Lysozyme_720; Lysine_240; Lysozyme_1200; MgCl_870; LL37_540; Caffeine_570; Lysozyme_120; Lysozyme_690; CaCl_540; MgCl_1140; CaCl_150; Pep28_570; Caffeine_1080; CaCl_90; Lysozyme_1020; MgCl_420; LL37_300; CaCl_1110; LL37_990; MgCl_450; Pep28_180; LL37_1260; Lysozyme_1290; CaCl_1350; CaCl_270; Lysozyme_240; Pep28_30; LL37_1110; LL37_180; MgCl_480; CaCl_780; Pep28_1080; LL37_480,C=1; class_weight=None; max_iter=2000; penalty=l2; solver=lbfgs,0.8888888888888888,88.88888888888889,0.4705882352941176,47.05882352941176
136,PR.QM_Chip1_Chan4,Logistic Regression,79,Lysozyme_60; Lysozyme_750; Caffeine_660; LL37_1020; Pep28_360; CaCl_990; Lysozyme_1170; MgCl_270; Caffeine_1020; LL37_390; LL37_1350; Lysozyme_30; Caffeine_690; Lysozyme_90; Lysozyme_960; BSA_210; CaCl_30; BSA_90; BSA_930; LL37_750; Caffeine_990; Lysine_690; Caffeine_1230; MgCl_660; Lysozyme_1260; Lysozyme_690; Lysine_240; LL37_540; Lysozyme_1200; Lysozyme_120; MgCl_870; Lysozyme_720; Caffeine_570; CaCl_540; CaCl_150; MgCl_1140; Lysozyme_1290; LL37_990; LL37_300; Pep28_570; CaCl_1110; CaCl_90; CaCl_270; MgCl_450; LL37_1260; Caffeine_1080; Pep28_180; MgCl_420; Lysozyme_1020; Lysozyme_240; Pep28_150; CaCl_1350; CaCl_900; Pep28_30; Pep28_1080; MgCl_480; Pep28_720; CaCl_780; LL37_1110; LL37_480; Caffeine_1200; Caffeine_90; LL37_180; Lysine_390; BSA_240; MgCl_180; BSA_600; MgCl_1110; LL37_1140; CaCl_1140; LL37_420; Lysine_1290; BSA_690; BSA_1290; Caffeine_630; Pep28_690; LL37_1050; Lysine_750; Caffeine_360,C=1; class_weight=None; max_iter=2000; penalty=l2; solver=lbfgs,1.0,100.0,1.0,100.0
137,PR.QM_Chip3_Chan1,Logistic Regression,68,Lysozyme_60; Caffeine_660; Lysozyme_750; LL37_1020; Pep28_360; Lysozyme_1170; Lysozyme_30; CaCl_990; Caffeine_1020; LL37_1350; LL37_390; MgCl_270; Caffeine_690; Lysozyme_960; BSA_90; BSA_210; CaCl_30; Lysozyme_90; BSA_930; Lysine_690; LL37_750; Caffeine_990; Lysozyme_690; Lysozyme_1200; MgCl_660; Lysozyme_1260; LL37_540; Caffeine_1230; Lysine_240; MgCl_870; LL37_1260; Lysozyme_120; CaCl_540; Lysozyme_720; LL37_300; Lysozyme_1290; CaCl_90; Pep28_570; MgCl_420; MgCl_1140; CaCl_900; CaCl_1110; Caffeine_1080; Caffeine_570; Lysozyme_1020; LL37_990; CaCl_270; LL37_1110; CaCl_1350; Pep28_30; MgCl_480; LL37_180; CaCl_780; CaCl_150; BSA_600; MgCl_450; Pep28_150; Lysine_390; LL37_480; Caffeine_90; Pep28_720; Lysozyme_240; Pep28_1080; Pep28_180; Caffeine_1200; CaCl_1140; MgCl_180; Caffeine_630,C=1; class_weight=None; l1_ratio=0.0; max_iter=2000; penalty=l2; solver=saga,0.7222222222222222,72.22222222222221,0.4193548387096774,41.93548387096774
138,PR.QM_Chip3_Chan2,Logistic Regression,103,Lysozyme_60; Caffeine_660; Lysozyme_750; LL37_1020; Pep28_360; CaCl_990; Lysozyme_1170; MgCl_270; Caffeine_1020; LL37_390; LL37_1350; Caffeine_690; BSA_210; Lysozyme_30; CaCl_30; Lysozyme_960; BSA_930; Lysozyme_90; BSA_90; LL37_750; Caffeine_990; Caffeine_1230; Lysine_690; MgCl_660; Lysozyme_690; Lysine_240; Lysozyme_720; Lysozyme_1260; MgCl_870; Lysozyme_1200; LL37_540; Caffeine_570; Lysozyme_120; CaCl_540; LL37_300; CaCl_150; Pep28_570; MgCl_1140; MgCl_420; Lysozyme_1020; Lysozyme_1290; CaCl_270; LL37_1260; CaCl_1110; LL37_990; MgCl_450; CaCl_90; Pep28_180; Pep28_150; Lysozyme_240; Pep28_1080; Caffeine_1080; CaCl_1350; Pep28_30; LL37_1110; CaCl_780; Caffeine_1200; Pep28_720; Lysine_390; MgCl_480; Caffeine_90; CaCl_900; LL37_480; LL37_420; BSA_600; LL37_180; BSA_240; LL37_1140; MgCl_1110; MgCl_180; LL37_1050; BSA_690; BSA_1290; Lysozyme_630; CaCl_1140; Caffeine_630; Lysine_1290; Pep28_690; Lysine_750; Caffeine_360; Pep28_480; Lysozyme_810; MgCl_1170; MgCl_240; LL37_330; MgCl_30; Caffeine_1110; Lysozyme_270; Lysine_600; Lysine_1170; Caffeine_30; MgCl_300; MgCl_120; MgCl_1020; BSA_1260; Lysozyme_510; Caffeine_1050; LL37_30; BSA_390; Caffeine_120; Lysine_930; LL37_1170; Lysine_1050,C=10; class_weight=None; l1_ratio=0.0; max_iter=2000; penalty=l2; solver=saga,1.0,100.0,1.0,100.0
139,PR.QM_Chip3_Chan3,Logistic Regression,111,Lysozyme_60; Caffeine_660; Lysozyme_750; Pep28_360; LL37_1020; CaCl_990; Lysozyme_1170; MgCl_270; Caffeine_1020; LL37_1350; LL37_390; Lysozyme_960; Caffeine_690; Lysozyme_30; BSA_210; BSA_90; CaCl_30; Lysozyme_90; LL37_750; BSA_930; Lysine_690; Caffeine_990; Caffeine_1230; Lysozyme_720; Lysozyme_690; MgCl_660; Lysozyme_1260; Lysine_240; Lysozyme_1200; Caffeine_570; MgCl_870; CaCl_540; Lysozyme_120; LL37_540; LL37_300; Pep28_570; LL37_990; Lysozyme_1020; CaCl_90; MgCl_1140; Lysozyme_1290; CaCl_150; MgCl_420; Pep28_720; Pep28_150; CaCl_1110; LL37_1260; MgCl_450; Pep28_1080; Pep28_180; CaCl_900; CaCl_270; CaCl_780; Caffeine_1080; Lysozyme_240; Lysine_390; CaCl_1350; MgCl_480; Pep28_30; LL37_1110; LL37_180; LL37_420; Caffeine_1200; LL37_480; MgCl_1110; BSA_240; LL37_1140; Caffeine_90; LL37_1050; MgCl_180; Lysozyme_630; Lysine_1290; Caffeine_630; Lysine_750; CaCl_1140; BSA_690; Pep28_690; Pep28_480; Lysozyme_810; Caffeine_1110; MgCl_240; BSA_600; BSA_1290; LL37_330; Caffeine_360; Lysine_1170; MgCl_30; Caffeine_30; Lysozyme_270; MgCl_300; MgCl_1170; MgCl_120; Lysine_600; Caffeine_1050; CaCl_1020; BSA_1140; Lysozyme_510; MgCl_1020; Lysine_1050; BSA_1260; Caffeine_120; Pep28_90; BSA_390; Lysine_540; Lysine_930; MgCl_1350; Lysine_840; BSA_30; BSA_1200; LL37_840; Caffeine_150,C=1; class_weight=None; max_iter=2000; penalty=l2; solver=lbfgs,0.8888888888888888,88.88888888888889,0.4705882352941176,47.05882352941176
140,PR.QM_Chip3_Chan4,Logistic Regression,98,Lysozyme_60; Lysozyme_750; Caffeine_660; LL37_1020; Pep28_360; CaCl_990; Lysozyme_1170; Caffeine_1020; MgCl_270; Lysozyme_30; LL37_390; LL37_1350; Caffeine_690; Lysozyme_960; Lysozyme_90; BSA_210; BSA_930; BSA_90; CaCl_30; LL37_750; Caffeine_990; Caffeine_1230; Lysine_690; MgCl_660; Lysozyme_1260; Lysozyme_690; LL37_540; Lysine_240; Lysozyme_1200; Lysozyme_720; MgCl_870; CaCl_540; Lysozyme_120; Caffeine_570; CaCl_150; LL37_300; Pep28_570; MgCl_1140; CaCl_1110; LL37_990; MgCl_450; Lysozyme_1290; MgCl_420; LL37_1260; CaCl_270; CaCl_90; Lysozyme_1020; Pep28_180; Pep28_150; CaCl_1350; Caffeine_1080; CaCl_900; Pep28_30; Lysozyme_240; Pep28_1080; LL37_1110; LL37_180; Caffeine_90; Pep28_720; LL37_480; Caffeine_1200; MgCl_480; CaCl_780; Lysine_390; BSA_600; LL37_420; BSA_240; LL37_1140; MgCl_1110; MgCl_180; Pep28_690; Lysine_1290; BSA_1290; Lysine_750; BSA_690; Caffeine_630; MgCl_240; CaCl_1140; Lysozyme_630; Caffeine_360; Pep28_480; LL37_1050; MgCl_1170; Lysozyme_270; Caffeine_1110; LL37_330; Lysozyme_810; Lysine_600; Lysine_1170; MgCl_30; Pep28_90; Caffeine_1050; BSA_1260; LL37_1170; Lysine_930; Lysozyme_510; MgCl_120; MgCl_1020,C=1; class_weight=None; max_iter=2000; penalty=l2; solver=lbfgs,1.0,100.0,1.0,100.0
141,PR.QM_Chip4_Chan1,Logistic Regression,89,Lysozyme_60; Caffeine_660; Lysozyme_750; LL37_1020; Pep28_360; CaCl_990; MgCl_270; Lysozyme_1170; Caffeine_1020; LL37_1350; LL37_390; BSA_210; Lysozyme_30; Caffeine_690; Lysozyme_960; Lysozyme_90; CaCl_30; BSA_90; BSA_930; Caffeine_1230; Caffeine_990; LL37_750; Lysine_690; Lysine_240; Lysozyme_690; MgCl_660; LL37_540; Lysozyme_720; Lysozyme_120; Lysozyme_1260; Caffeine_570; Lysine_390; CaCl_540; LL37_300; Lysozyme_1200; Lysozyme_1290; MgCl_1140; MgCl_450; Pep28_570; CaCl_150; MgCl_870; CaCl_270; LL37_1260; CaCl_90; MgCl_420; CaCl_1110; Lysozyme_1020; Pep28_150; LL37_1110; CaCl_900; Lysozyme_240; Caffeine_1080; Pep28_180; LL37_480; Pep28_1080; CaCl_1350; Pep28_30; CaCl_780; Caffeine_1200; MgCl_480; Pep28_720; MgCl_180; LL37_1050; LL37_990; Caffeine_630; CaCl_1140; MgCl_1110; BSA_1290; BSA_600; Lysine_1290; Caffeine_90; LL37_330; LL37_1140; BSA_240; Pep28_690; LL37_180; LL37_420; MgCl_1170; BSA_690; Pep28_480; Lysozyme_630; MgCl_240; Lysine_750; Lysozyme_810; Lysine_600; Caffeine_360; BSA_1260; Caffeine_120; Lysine_1170,C=1; class_weight=balanced; max_iter=2000; penalty=l2; solver=lbfgs,0.6111111111111112,61.111111111111114,0.3793103448275862,37.93103448275862
142,PR.QM_Chip4_Chan2,Logistic Regression,92,Lysozyme_60; Lysozyme_750; Caffeine_660; LL37_1020; Pep28_360; CaCl_990; Lysozyme_1170; Caffeine_1020; MgCl_270; LL37_390; LL37_1350; Lysozyme_30; Lysozyme_960; Caffeine_690; BSA_210; CaCl_30; Lysozyme_90; BSA_90; BSA_930; Caffeine_990; LL37_750; Lysine_690; Caffeine_1230; MgCl_660; Lysozyme_1260; Lysine_240; Lysozyme_1200; Lysozyme_690; Lysozyme_720; MgCl_870; LL37_540; Lysozyme_120; Caffeine_570; CaCl_540; LL37_300; Pep28_570; CaCl_150; MgCl_1140; CaCl_1110; MgCl_450; MgCl_420; CaCl_270; Lysozyme_1290; Lysozyme_1020; LL37_990; CaCl_90; LL37_1260; Caffeine_1080; CaCl_1350; Pep28_180; Pep28_150; Lysozyme_240; Pep28_1080; CaCl_900; Pep28_30; Pep28_720; LL37_180; LL37_1110; MgCl_480; Caffeine_1200; CaCl_780; LL37_480; Caffeine_90; Lysine_390; MgCl_1110; BSA_690; LL37_420; BSA_240; BSA_600; MgCl_180; Pep28_690; CaCl_1140; Lysine_1290; BSA_1290; Lysine_750; LL37_1050; LL37_1140; Caffeine_360; Caffeine_630; Pep28_480; Lysozyme_270; Lysozyme_630; MgCl_240; MgCl_1170; Lysozyme_810; MgCl_120; Caffeine_1110; LL37_330; Lysine_600; BSA_1260; Pep28_90; Lysine_930,C=10; class_weight=None; l1_ratio=0.0; max_iter=2000; penalty=l2; solver=saga,0.9444444444444444,94.44444444444444,0.4857142857142857,48.57142857142857
143,PR.QM_Chip4_Chan3,Logistic Regression,92,Lysozyme_60; Lysozyme_750; Caffeine_660; LL37_1020; Pep28_360; CaCl_990; Lysozyme_1170; Caffeine_1020; MgCl_270; LL37_390; LL37_1350; Lysozyme_30; Lysozyme_960; Caffeine_690; BSA_210; CaCl_30; BSA_930; BSA_90; Lysozyme_90; LL37_750; Caffeine_990; Caffeine_1230; Lysine_690; MgCl_660; Lysozyme_1260; Lysozyme_690; MgCl_870; Lysine_240; Lysozyme_1200; LL37_540; Lysozyme_720; Caffeine_570; CaCl_540; MgCl_1140; Lysozyme_120; CaCl_150; LL37_300; Pep28_570; LL37_990; MgCl_420; CaCl_1110; Lysozyme_1290; MgCl_450; CaCl_270; LL37_1260; Lysozyme_1020; CaCl_1350; Pep28_150; CaCl_90; Pep28_180; CaCl_900; Caffeine_1080; Pep28_1080; Lysozyme_240; Pep28_30; CaCl_780; Pep28_720; LL37_1110; MgCl_480; LL37_180; LL37_480; Caffeine_1200; Lysine_390; LL37_420; Caffeine_90; BSA_600; BSA_240; LL37_1050; MgCl_180; BSA_1290; LL37_1140; Caffeine_630; Pep28_690; Lysine_1290; MgCl_1110; CaCl_1140; Lysine_750; Lysozyme_630; Caffeine_360; BSA_690; MgCl_240; Lysozyme_810; MgCl_1170; Pep28_480; LL37_330; Caffeine_1110; Lysine_600; Lysozyme_270; MgCl_120; Lysozyme_510; Lysine_1170; Caffeine_1050,C=1; class_weight=None; max_iter=2000; penalty=l2; solver=lbfgs,1.0,100.0,1.0,100.0
144,PR.QM_Chip4_Chan4,Logistic Regression,79,Lysozyme_60; Lysozyme_750; Caffeine_660; Pep28_360; LL37_1020; Lysozyme_1170; CaCl_990; Caffeine_1020; MgCl_270; Lysozyme_30; LL37_390; LL37_1350; Caffeine_690; Lysozyme_960; BSA_90; BSA_930; BSA_210; CaCl_30; Caffeine_1230; Caffeine_990; LL37_750; Lysozyme_90; MgCl_660; Lysozyme_690; Lysozyme_1260; LL37_540; Lysine_690; CaCl_150; Lysozyme_720; Lysine_240; MgCl_870; Lysozyme_1200; CaCl_90; CaCl_540; Caffeine_570; Lysozyme_120; MgCl_1140; CaCl_1110; LL37_990; Pep28_570; MgCl_420; LL37_300; Pep28_180; CaCl_1350; Lysozyme_1020; LL37_180; Lysozyme_1290; CaCl_270; Pep28_150; Pep28_1080; Caffeine_1080; LL37_1260; MgCl_450; LL37_1110; CaCl_900; Pep28_720; Caffeine_90; Lysozyme_240; MgCl_480; Caffeine_1200; LL37_480; Pep28_30; CaCl_780; MgCl_1110; BSA_240; Lysine_390; LL37_1050; BSA_600; MgCl_180; BSA_1290; LL37_420; LL37_1140; Caffeine_630; Lysine_750; Pep28_690; Lysine_1290; MgCl_240; Lysozyme_630; CaCl_1140,C=0.1; class_weight=None; max_iter=2000; penalty=l2; solver=lbfgs,0.9444444444444444,94.44444444444444,0.4857142857142857,48.57142857142857
1,PE.QH_Chip1_Chan1,LDA,119,Lysozyme_60; Lysozyme_750; BSA_210; Pep28_360; CaCl_990; BSA_90; LL37_1020; Lysozyme_1170; Caffeine_660; Lysozyme_720; BSA_30; LL37_1350; LL37_390; CaCl_30; Lysine_690; CaCl_1140; Caffeine_570; MgCl_270; Caffeine_630; Lysozyme_1020; LL37_300; Pep28_180; Caffeine_990; Caffeine_30; Lysozyme_960; Caffeine_360; MgCl_30; LL37_540; Caffeine_90; MgCl_1110; MgCl_420; LL37_750; BSA_930; Pep28_150; Lysozyme_30; Lysozyme_690; MgCl_300; Caffeine_1110; BSA_1290; CaCl_900; LL37_180; CaCl_1350; LL37_1050; MgCl_180; Lysine_30; LL37_990; LL37_420; Lysozyme_1350; Lysozyme_120; CaCl_1290; Pep28_30; LL37_1260; LL37_30; LL37_330; Caffeine_870; CaCl_1110; LL37_1140; Caffeine_120; Caffeine_1020; Caffeine_390; BSA_420; Lysozyme_240; CaCl_240; Lysozyme_1290; CaCl_540; Pep28_570; Lysozyme_1260; Lysozyme_480; LL37_1110; MgCl_630; Caffeine_690; CaCl_90; Pep28_1080; MgCl_90; MgCl_60; MgCl_1140; CaCl_150; Caffeine_720; Caffeine_1200; BSA_240; Lysine_1080; MgCl_450; MgCl_840; Lysozyme_1080; Lysine_1230; Caffeine_1230; BSA_660; Lysozyme_90; Lysozyme_1200; Pep28_690; Lysozyme_810; Lysine_210; MgCl_1170; Lysozyme_1050; Caffeine_510; MgCl_120; CaCl_780; BSA_1020; Lysine_1350; MgCl_660; BSA_900; Pep28_480; BSA_330; LL37_840; Lysine_660; MgCl_1050; MgCl_330; CaCl_180; BSA_180; MgCl_1350; LL37_60; CaCl_270; Lysine_240; CaCl_360; Lysine_750; LL37_480; BSA_390; CaCl_930; CaCl_1020,solver=svd,1.0,100.0,1.0,100.0
2,PE.QH_Chip1_Chan2,LDA,140,Lysozyme_60; Lysozyme_750; BSA_210; Pep28_360; CaCl_990; LL37_1020; BSA_90; Lysozyme_720; Lysozyme_1170; Caffeine_660; BSA_30; LL37_1350; LL37_390; Lysine_690; LL37_300; CaCl_1140; Caffeine_570; Caffeine_630; CaCl_30; Lysozyme_1020; MgCl_420; Caffeine_360; Pep28_180; Lysozyme_960; MgCl_30; Caffeine_90; MgCl_270; MgCl_1110; Caffeine_30; BSA_930; Caffeine_990; MgCl_300; LL37_540; Lysine_30; Lysozyme_690; LL37_180; CaCl_900; BSA_1290; Caffeine_1110; Pep28_150; Lysozyme_30; Lysozyme_1350; LL37_1050; CaCl_1350; LL37_990; LL37_750; MgCl_180; CaCl_1290; LL37_420; Pep28_30; CaCl_1110; Lysozyme_120; Lysozyme_480; Caffeine_1020; LL37_30; Caffeine_870; LL37_1140; Caffeine_390; CaCl_240; Caffeine_120; Lysozyme_1290; Pep28_570; LL37_1260; Lysozyme_1260; Lysozyme_240; CaCl_540; CaCl_90; MgCl_630; Pep28_1080; Caffeine_690; Caffeine_1200; CaCl_780; Lysozyme_1080; LL37_330; CaCl_150; Lysozyme_1200; MgCl_450; Caffeine_720; Lysine_1080; MgCl_90; MgCl_840; Caffeine_1230; LL37_1110; LL37_480; MgCl_1140; BSA_240; MgCl_60; Lysine_1230; Lysine_210; MgCl_1170; Lysozyme_810; BSA_660; Pep28_690; Lysozyme_1050; Caffeine_510; Lysozyme_90; Lysine_1170; BSA_420; CaCl_270; MgCl_120; Lysine_660; Lysozyme_270; BSA_180; Lysine_1350; BSA_330; BSA_900; BSA_390; CaCl_930; MgCl_1050; BSA_1020; MgCl_660; MgCl_330; LL37_840; Pep28_480; MgCl_1350; Pep28_1320; LL37_240; CaCl_1200; BSA_1140; CaCl_1020; Lysine_750; MgCl_870; BSA_1230; LL37_360; Lysine_840; Lysine_390; BSA_540; MgCl_480; Caffeine_780; LL37_60; CaCl_180; BSA_690; MgCl_1020; LL37_870; Pep28_1290; CaCl_360; BSA_1320; Pep28_240; CaCl_390; Lysine_420,shrinkage=auto; solver=lsqr,0.8888888888888888,88.88888888888889,0.4705882352941176,47.05882352941176
3,PE.QH_Chip1_Chan3,LDA,114,Lysozyme_60; Lysozyme_750; Pep28_360; BSA_210; CaCl_990; BSA_90; LL37_1020; Caffeine_660; Lysozyme_1170; Lysozyme_720; BSA_30; LL37_1350; LL37_390; Lysine_690; CaCl_30; MgCl_30; Caffeine_630; CaCl_1140; Caffeine_570; Lysozyme_960; Caffeine_990; Lysozyme_1020; Pep28_180; Caffeine_30; MgCl_270; Caffeine_360; MgCl_1110; LL37_540; MgCl_420; BSA_930; LL37_750; LL37_300; Caffeine_90; Lysine_30; Lysozyme_690; Pep28_30; CaCl_1350; Pep28_150; Caffeine_1110; Lysozyme_30; MgCl_300; LL37_180; BSA_1290; Lysozyme_1350; CaCl_900; LL37_1050; MgCl_180; LL37_30; LL37_990; LL37_420; CaCl_1290; LL37_1260; LL37_330; CaCl_1110; LL37_1140; LL37_1110; Caffeine_870; Pep28_570; Lysozyme_120; CaCl_240; CaCl_540; Caffeine_1020; Lysozyme_480; Caffeine_390; Caffeine_120; CaCl_90; Lysozyme_240; CaCl_150; MgCl_630; Lysozyme_1260; Caffeine_690; BSA_420; Lysozyme_1200; MgCl_840; Lysozyme_1290; Pep28_1080; MgCl_1140; MgCl_450; BSA_240; Lysine_1080; Caffeine_1230; BSA_660; MgCl_60; MgCl_90; Lysine_210; Lysine_1170; MgCl_1170; Lysozyme_90; Caffeine_720; Pep28_690; BSA_390; BSA_1020; Caffeine_1200; MgCl_120; LL37_60; BSA_180; Lysine_1230; LL37_840; Lysozyme_810; Lysozyme_1080; CaCl_270; Lysine_1350; BSA_900; Lysine_660; MgCl_1050; Lysozyme_1050; Caffeine_510; BSA_330; Pep28_480; MgCl_1350; Lysine_240; LL37_480; CaCl_360; MgCl_330,shrinkage=auto; solver=lsqr,1.0,100.0,1.0,100.0
4,PE.QH_Chip1_Chan4,LDA,140,Lysozyme_60; Lysozyme_750; Pep28_360; BSA_210; CaCl_990; LL37_1020; BSA_90; Caffeine_660; Lysozyme_1170; BSA_30; Lysozyme_720; CaCl_30; LL37_1350; LL37_300; LL37_390; MgCl_270; Lysine_690; Caffeine_630; CaCl_1140; MgCl_30; Lysozyme_1020; Caffeine_570; Pep28_180; Caffeine_360; LL37_540; Lysozyme_960; Caffeine_30; Caffeine_990; Caffeine_90; BSA_930; MgCl_1110; MgCl_300; Lysozyme_690; CaCl_1290; MgCl_420; Pep28_150; BSA_1290; Caffeine_1110; CaCl_900; LL37_420; LL37_180; Lysozyme_30; Lysine_30; CaCl_1350; LL37_1260; MgCl_180; LL37_1050; LL37_990; Pep28_30; LL37_750; LL37_30; BSA_420; Lysozyme_1350; Lysozyme_120; LL37_330; CaCl_90; CaCl_1110; Caffeine_120; Lysozyme_240; LL37_1140; Caffeine_870; Pep28_570; CaCl_180; Caffeine_1020; Lysozyme_480; CaCl_240; CaCl_540; Caffeine_690; Lysozyme_1260; Lysozyme_1290; Caffeine_390; MgCl_1140; Caffeine_1230; Pep28_1080; MgCl_630; MgCl_840; MgCl_450; BSA_660; Lysozyme_1200; Caffeine_720; Caffeine_1200; MgCl_60; MgCl_120; Lysozyme_810; Lysozyme_1080; Lysine_1230; Lysine_210; MgCl_1170; MgCl_90; BSA_180; BSA_240; Lysine_1080; LL37_1110; Pep28_690; Pep28_480; BSA_1020; LL37_480; Lysozyme_1050; LL37_840; MgCl_660; LL37_450; BSA_900; CaCl_150; Caffeine_510; Lysine_660; MgCl_1050; Lysozyme_90; Lysine_1350; MgCl_1350; MgCl_330; BSA_1230; MgCl_480; BSA_330; LL37_60; Lysine_1170; LL37_510; Lysine_420; LL37_240; Lysine_750; Lysozyme_270; Lysine_240; MgCl_1020; CaCl_270; Caffeine_780; BSA_540; MgCl_870; CaCl_300; CaCl_390; BSA_1140; BSA_390; Pep28_1290; Pep28_210; CaCl_360; Lysine_1260; BSA_690; Lysine_840; MgCl_210; LL37_870; CaCl_1020; Lysozyme_630,shrinkage=auto; solver=lsqr,0.8888888888888888,88.88888888888889,0.4705882352941176,47.05882352941176
5,PE.QH_Chip3_Chan1,LDA,110,Lysozyme_60; Lysozyme_750; BSA_210; Pep28_360; CaCl_990; BSA_90; LL37_1020; Lysozyme_720; Lysozyme_1170; Caffeine_660; BSA_30; LL37_1350; CaCl_30; Lysine_690; MgCl_30; Lysozyme_960; Caffeine_630; MgCl_270; LL37_390; CaCl_1140; Caffeine_30; Lysozyme_1020; LL37_540; Pep28_180; Caffeine_990; Caffeine_570; Lysozyme_30; MgCl_1110; MgCl_420; LL37_300; LL37_750; BSA_930; Caffeine_90; Caffeine_360; Lysozyme_690; Caffeine_1110; LL37_180; BSA_1290; Pep28_150; MgCl_300; CaCl_1350; CaCl_900; Lysine_30; LL37_1050; LL37_990; Caffeine_870; LL37_420; CaCl_1290; Lysozyme_1350; LL37_1260; LL37_30; CaCl_240; Lysozyme_240; Pep28_30; LL37_1140; LL37_330; MgCl_180; CaCl_90; CaCl_1110; Lysozyme_1260; MgCl_60; BSA_420; Lysozyme_120; Lysozyme_480; Caffeine_390; Caffeine_1020; CaCl_540; LL37_1110; Caffeine_120; MgCl_630; Pep28_570; Lysozyme_1290; Caffeine_690; MgCl_840; MgCl_1140; BSA_240; Lysine_210; Lysozyme_1200; Pep28_1080; MgCl_90; BSA_660; Caffeine_1230; Lysine_660; Caffeine_720; MgCl_450; MgCl_1170; BSA_1020; Lysozyme_90; CaCl_150; Caffeine_1200; Caffeine_510; Pep28_690; Lysozyme_1050; CaCl_780; Lysine_1230; CaCl_930; Lysozyme_1080; Lysozyme_810; BSA_180; LL37_450; Lysine_1350; LL37_840; Pep28_480; Lysine_1080; BSA_900; MgCl_330; BSA_390; Lysine_1170; CaCl_180; MgCl_1050,shrinkage=0.1; solver=lsqr,0.8888888888888888,88.88888888888889,0.4705882352941176,47.05882352941176
6,PE.QH_Chip3_Chan2,LDA,115,Lysozyme_60; Lysozyme_750; Pep28_360; BSA_210; CaCl_990; LL37_1020; BSA_90; Lysozyme_1170; Caffeine_660; BSA_30; Lysozyme_720; LL37_1350; LL37_390; CaCl_30; MgCl_30; Lysine_690; CaCl_1140; LL37_300; Caffeine_570; Lysozyme_960; Lysozyme_1020; Caffeine_360; MgCl_270; LL37_540; Caffeine_990; Pep28_180; BSA_930; Caffeine_30; MgCl_1110; Caffeine_90; Caffeine_630; LL37_750; MgCl_420; BSA_1290; Lysozyme_690; Pep28_150; CaCl_900; LL37_180; MgCl_300; Caffeine_1110; Lysine_30; CaCl_1350; LL37_1050; Pep28_30; Lysozyme_1350; LL37_990; Lysozyme_30; CaCl_1290; LL37_30; LL37_420; MgCl_180; LL37_1260; CaCl_1110; Lysozyme_120; LL37_330; Caffeine_390; Caffeine_870; Caffeine_120; Caffeine_1020; Lysozyme_480; Lysozyme_240; CaCl_90; BSA_420; Lysozyme_1260; LL37_1140; CaCl_540; Pep28_570; MgCl_630; Lysozyme_1290; LL37_1110; CaCl_240; MgCl_90; Caffeine_690; MgCl_450; MgCl_60; BSA_240; MgCl_1140; Pep28_1080; BSA_660; MgCl_840; Caffeine_1200; Caffeine_1230; Lysozyme_1200; CaCl_150; Lysine_210; Lysine_1080; Caffeine_510; Lysozyme_90; Lysine_1230; CaCl_780; Lysozyme_810; Pep28_690; Lysine_1350; Lysozyme_1050; BSA_180; MgCl_1170; Caffeine_720; BSA_1020; LL37_840; MgCl_120; Lysozyme_1080; Lysine_1170; Lysine_660; BSA_900; MgCl_1050; LL37_480; BSA_390; Pep28_480; CaCl_270; LL37_60; CaCl_180; MgCl_1350; MgCl_480; MgCl_660; CaCl_930,shrinkage=auto; solver=lsqr,1.0,100.0,1.0,100.0
7,PE.QH_Chip3_Chan3,LDA,120,Lysozyme_60; Lysozyme_750; BSA_210; Pep28_360; CaCl_990; LL37_1020; BSA_90; Lysozyme_1170; BSA_30; Caffeine_660; Lysozyme_720; LL37_1350; LL37_390; MgCl_30; Lysine_690; CaCl_1140; Caffeine_630; CaCl_30; Lysozyme_1020; Lysozyme_960; LL37_300; Pep28_180; MgCl_270; MgCl_1110; LL37_540; Caffeine_570; Caffeine_990; Caffeine_360; BSA_930; Caffeine_90; LL37_750; MgCl_420; Pep28_150; Lysine_30; Lysozyme_690; LL37_180; CaCl_900; Caffeine_30; LL37_1050; BSA_1290; Caffeine_1110; Lysozyme_1350; CaCl_1350; LL37_990; Pep28_30; CaCl_1290; MgCl_180; LL37_420; Lysozyme_30; LL37_1260; MgCl_300; LL37_1140; LL37_30; CaCl_1110; LL37_330; Caffeine_1020; Caffeine_120; Lysozyme_480; Lysozyme_240; Caffeine_390; Caffeine_870; Lysozyme_120; Pep28_570; MgCl_630; CaCl_540; CaCl_240; CaCl_90; Lysozyme_1260; BSA_420; Lysozyme_1290; LL37_1110; Caffeine_690; MgCl_450; Lysine_1080; MgCl_1140; Caffeine_1230; BSA_240; MgCl_840; Pep28_1080; BSA_660; CaCl_150; Lysine_1230; Lysozyme_1200; Lysozyme_90; MgCl_1170; MgCl_90; Lysine_210; MgCl_60; MgCl_120; LL37_480; Caffeine_1200; Lysozyme_810; Pep28_480; CaCl_780; Caffeine_510; Caffeine_720; Lysozyme_1050; Lysine_1350; CaCl_270; Pep28_690; Lysine_660; BSA_180; Lysine_1170; BSA_1020; Lysozyme_1080; MgCl_1050; BSA_390; LL37_840; CaCl_180; MgCl_660; BSA_900; MgCl_1350; BSA_330; MgCl_480; CaCl_1200; Lysozyme_270; LL37_60; LL37_450; CaCl_930; Lysine_750,shrinkage=0.1; solver=lsqr,1.0,100.0,1.0,100.0
8,PE.QH_Chip3_Chan4,LDA,134,Lysozyme_60; Lysozyme_750; BSA_210; Pep28_360; CaCl_990; BSA_90; LL37_1020; Lysozyme_1170; Caffeine_660; Lysozyme_720; BSA_30; LL37_1350; CaCl_30; LL37_390; Lysine_690; Lysozyme_1020; Lysozyme_960; CaCl_1140; LL37_300; Caffeine_630; Caffeine_570; BSA_930; LL37_540; Caffeine_30; MgCl_270; Pep28_180; Caffeine_360; Caffeine_90; Caffeine_990; MgCl_1110; MgCl_420; MgCl_30; LL37_750; Lysine_30; MgCl_300; Pep28_150; Caffeine_1110; Lysozyme_690; BSA_1290; LL37_180; CaCl_900; CaCl_1350; LL37_420; CaCl_1290; LL37_1050; Lysozyme_1350; LL37_30; Pep28_30; LL37_990; LL37_1260; Lysozyme_30; MgCl_180; Caffeine_870; LL37_1140; Lysozyme_120; Caffeine_1020; CaCl_1110; Caffeine_120; Lysozyme_480; Pep28_570; CaCl_90; Caffeine_390; LL37_330; Lysozyme_240; LL37_1110; CaCl_540; Lysozyme_1260; MgCl_630; Lysozyme_1290; CaCl_240; BSA_420; Caffeine_690; MgCl_1140; Lysine_1080; MgCl_90; MgCl_840; CaCl_150; MgCl_450; Caffeine_1200; BSA_240; Pep28_1080; Lysozyme_1200; MgCl_60; Caffeine_1230; Lysine_210; CaCl_780; Lysozyme_90; Lysine_1230; BSA_180; Lysine_1350; Lysozyme_1050; Caffeine_510; MgCl_1170; BSA_1020; BSA_660; Lysozyme_1080; Pep28_690; Lysozyme_810; CaCl_180; Lysine_660; LL37_60; Caffeine_720; BSA_900; Lysine_1170; MgCl_120; MgCl_1050; CaCl_270; MgCl_660; BSA_390; MgCl_1350; Pep28_480; LL37_840; CaCl_930; LL37_480; BSA_330; MgCl_480; BSA_1230; LL37_240; CaCl_360; MgCl_330; MgCl_870; LL37_450; Lysine_840; CaCl_1200; Lysine_750; Lysozyme_270; Lysine_240; Pep28_1290; BSA_1140; CaCl_1020; Lysine_1260; LL37_510; BSA_540; Caffeine_780,solver=svd,1.0,100.0,1.0,100.0
9,PE.QH_Chip4_Chan1,LDA,115,Lysozyme_60; Lysozyme_750; BSA_210; Pep28_360; CaCl_990; LL37_1020; BSA_90; BSA_30; Caffeine_660; Lysozyme_1170; Lysozyme_720; LL37_1350; LL37_390; Lysine_690; Caffeine_630; MgCl_30; CaCl_1140; Lysozyme_960; CaCl_30; Lysozyme_1020; LL37_540; Caffeine_30; MgCl_1110; LL37_300; Caffeine_990; MgCl_270; Caffeine_570; Caffeine_90; Caffeine_360; MgCl_420; BSA_930; Pep28_180; LL37_750; Lysozyme_690; MgCl_300; Pep28_150; Lysine_30; Caffeine_1110; CaCl_900; CaCl_1350; BSA_1290; LL37_180; Lysozyme_30; Lysozyme_1350; LL37_1050; LL37_1260; Pep28_30; LL37_420; CaCl_1290; LL37_30; LL37_990; Lysozyme_120; MgCl_180; CaCl_1110; LL37_1140; Pep28_570; Caffeine_870; Lysozyme_480; Lysozyme_240; LL37_330; Caffeine_390; Caffeine_120; Caffeine_1020; CaCl_240; CaCl_540; BSA_420; Lysozyme_1290; CaCl_90; LL37_1110; MgCl_450; Lysozyme_1260; Caffeine_690; MgCl_630; BSA_240; Pep28_1080; Lysine_210; Lysozyme_1200; CaCl_150; Lysine_1080; Caffeine_510; BSA_660; MgCl_90; Caffeine_1200; MgCl_1140; Lysozyme_810; MgCl_120; Caffeine_720; CaCl_780; BSA_1020; MgCl_60; Caffeine_1230; Pep28_690; Lysine_1170; MgCl_1350; Lysozyme_1080; CaCl_180; BSA_180; Lysine_1230; BSA_900; Lysozyme_1050; LL37_840; BSA_330; Lysine_1350; MgCl_1170; Lysine_660; LL37_480; MgCl_840; MgCl_660; MgCl_330; LL37_60; CaCl_270; Lysozyme_90; BSA_390; Pep28_480; MgCl_1050,solver=svd,1.0,100.0,1.0,100.0
10,PE.QH_Chip4_Chan2,LDA,114,Lysozyme_60; Lysozyme_750; BSA_210; Pep28_360; CaCl_990; BSA_90; LL37_1020; Caffeine_660; BSA_30; Lysozyme_1170; Lysozyme_720; MgCl_30; LL37_1350; LL37_390; Lysine_690; Caffeine_630; LL37_540; Caffeine_30; MgCl_270; Lysozyme_1020; CaCl_30; Lysozyme_960; Caffeine_570; Caffeine_360; LL37_300; Pep28_180; CaCl_1140; Caffeine_990; LL37_750; MgCl_1110; BSA_930; Caffeine_90; Pep28_150; Lysozyme_690; LL37_180; MgCl_300; CaCl_900; Lysine_30; Lysozyme_30; MgCl_420; Caffeine_1110; BSA_1290; CaCl_1350; Pep28_30; Lysozyme_1350; LL37_30; LL37_1050; LL37_420; LL37_1260; LL37_330; LL37_990; Lysozyme_120; Lysozyme_480; MgCl_180; LL37_1140; Caffeine_870; CaCl_1110; Caffeine_390; Caffeine_120; Pep28_570; CaCl_540; Lysozyme_1260; Lysozyme_240; Caffeine_1020; CaCl_90; BSA_420; CaCl_240; MgCl_630; LL37_1110; MgCl_1140; Lysozyme_1290; MgCl_450; Caffeine_690; Lysozyme_90; Caffeine_1230; Lysozyme_1200; Lysine_1080; Pep28_1080; BSA_240; Caffeine_1200; BSA_1020; Lysine_210; MgCl_840; BSA_660; MgCl_90; Caffeine_510; CaCl_1290; Lysozyme_810; Lysozyme_1050; Lysine_1230; Pep28_480; Lysine_1350; MgCl_1170; MgCl_60; Caffeine_720; BSA_900; Pep28_690; CaCl_150; Lysozyme_1080; CaCl_780; MgCl_120; LL37_480; CaCl_180; LL37_840; BSA_180; Lysine_1170; CaCl_270; MgCl_660; Lysine_660; MgCl_1350; BSA_390; MgCl_330; LL37_60; MgCl_1050,solver=svd,1.0,100.0,1.0,100.0
11,PE.QH_Chip4_Chan3,LDA,151,Lysozyme_60; Lysozyme_750; Pep28_360; BSA_210; CaCl_990; BSA_30; LL37_1020; Caffeine_660; Lysozyme_1170; BSA_90; Lysozyme_720; LL37_1350; Lysozyme_30; LL37_390; MgCl_30; LL37_300; CaCl_30; Caffeine_630; MgCl_270; Pep28_180; Lysine_690; Lysozyme_1020; Lysozyme_960; MgCl_420; CaCl_1140; Caffeine_30; Caffeine_570; Caffeine_90; LL37_540; Caffeine_990; Caffeine_360; Caffeine_1110; BSA_930; LL37_750; MgCl_1110; Lysozyme_690; BSA_1290; CaCl_1290; MgCl_300; CaCl_900; Pep28_150; LL37_30; CaCl_1350; Lysine_30; LL37_180; CaCl_1110; Lysozyme_1350; LL37_420; MgCl_180; LL37_990; LL37_1050; Lysozyme_90; LL37_1140; CaCl_90; Caffeine_870; Pep28_30; Lysozyme_120; Caffeine_120; Lysozyme_1260; Caffeine_1020; Lysozyme_480; MgCl_630; Caffeine_690; LL37_1260; CaCl_240; CaCl_540; BSA_240; Lysozyme_1200; Pep28_570; Lysozyme_240; Caffeine_1230; BSA_420; LL37_330; MgCl_60; Caffeine_390; MgCl_1140; LL37_60; BSA_660; MgCl_840; LL37_840; CaCl_150; MgCl_90; LL37_1110; Lysozyme_810; Pep28_1080; Lysozyme_1080; Pep28_690; Lysine_1350; Caffeine_720; Lysozyme_1290; BSA_180; MgCl_450; Caffeine_510; MgCl_120; LL37_510; Lysine_1170; MgCl_1350; Lysine_1080; Caffeine_1200; Lysine_660; BSA_900; BSA_390; Lysine_840; CaCl_780; MgCl_1050; Lysine_1230; Lysozyme_1050; BSA_1230; BSA_1020; Pep28_480; MgCl_1170; MgCl_660; CaCl_390; LL37_480; CaCl_930; BSA_330; Lysine_210; BSA_1140; MgCl_330; CaCl_270; CaCl_1200; LL37_450; BSA_540; CaCl_180; Lysine_420; MgCl_480; Lysozyme_630; CaCl_300; LL37_210; CaCl_360; Pep28_1320; Lysine_750; Lysine_240; MgCl_1020; Caffeine_450; Caffeine_780; Lysozyme_870; Lysine_1260; Lysozyme_270; BSA_510; MgCl_210; Pep28_390; LL37_870; CaCl_1050; Lysine_360; Lysozyme_840; LL37_150; LL37_240; Pep28_1290; CaCl_1020; BSA_690,shrinkage=0.1; solver=lsqr,0.8333333333333334,83.33333333333334,0.4545454545454545,45.454545454545446
12,PE.QH_Chip4_Chan4,LDA,116,Lysozyme_60; Lysozyme_750; Pep28_360; BSA_210; CaCl_990; LL37_1020; BSA_30; BSA_90; Caffeine_660; Lysozyme_720; Lysozyme_1170; LL37_1350; CaCl_1140; Lysine_690; Caffeine_630; CaCl_30; LL37_390; Lysozyme_960; Caffeine_990; Caffeine_570; MgCl_1110; MgCl_30; LL37_300; Lysozyme_1020; MgCl_270; BSA_930; Caffeine_360; Pep28_180; MgCl_420; Caffeine_30; Caffeine_90; LL37_540; Lysozyme_690; Pep28_150; CaCl_900; CaCl_1290; BSA_1290; LL37_750; CaCl_1350; Caffeine_1110; LL37_990; MgCl_300; CaCl_150; LL37_420; LL37_180; Lysozyme_1350; Lysozyme_30; Pep28_30; LL37_1050; CaCl_1110; LL37_1260; Lysozyme_480; Lysozyme_1260; MgCl_180; Lysozyme_90; Lysozyme_240; Pep28_570; Caffeine_1020; Caffeine_870; Caffeine_120; CaCl_240; LL37_1140; MgCl_450; Caffeine_390; MgCl_870; MgCl_630; LL37_30; CaCl_90; Lysozyme_120; CaCl_540; Caffeine_690; LL37_330; Lysine_30; MgCl_90; BSA_420; Lysozyme_1200; Caffeine_1200; LL37_1110; BSA_660; MgCl_1140; Lysine_210; Pep28_1080; BSA_240; Lysine_1230; Caffeine_1230; LL37_840; MgCl_840; Lysozyme_810; Caffeine_510; BSA_900; MgCl_1170; MgCl_60; Caffeine_720; MgCl_120; Lysine_1350; MgCl_1350; Lysine_1080; Pep28_690; BSA_1020; CaCl_780; Lysozyme_1290; MgCl_660; CaCl_270; LL37_60; Lysine_660; Lysozyme_1080; Lysozyme_1050; Lysine_1170; Lysine_240; MgCl_1050; Pep28_480; BSA_330; CaCl_180; BSA_540; LL37_480; BSA_690,shrinkage=auto; solver=lsqr,1.0,100.0,1.0,100.0
13,PE.QL_Chip1_Chan1,LDA,116,Lysozyme_60; Lysozyme_750; Pep28_360; BSA_210; CaCl_990; BSA_90; LL37_1020; Lysozyme_1170; Caffeine_660; BSA_30; Lysozyme_720; LL37_1350; LL37_390; CaCl_30; Lysine_690; Caffeine_630; CaCl_1140; Lysozyme_960; MgCl_30; LL37_300; Caffeine_570; MgCl_270; Lysozyme_1020; Caffeine_360; Pep28_180; LL37_540; Caffeine_990; Caffeine_90; Caffeine_30; MgCl_420; MgCl_1110; BSA_930; LL37_750; Lysozyme_690; LL37_180; CaCl_900; CaCl_1350; BSA_1290; Pep28_150; MgCl_300; Lysine_30; Caffeine_1110; LL37_420; Lysozyme_1350; Lysozyme_30; LL37_30; LL37_990; LL37_1050; Pep28_30; CaCl_1290; LL37_1260; MgCl_180; CaCl_1110; Lysozyme_120; LL37_330; Lysozyme_240; Lysozyme_480; Caffeine_870; Caffeine_120; CaCl_90; LL37_1140; Caffeine_1020; Pep28_570; Lysozyme_1260; LL37_1110; CaCl_540; BSA_420; Caffeine_390; MgCl_630; Caffeine_690; Lysozyme_1290; CaCl_240; MgCl_450; CaCl_150; MgCl_840; Pep28_1080; MgCl_1140; Lysozyme_1200; MgCl_90; BSA_240; BSA_660; Caffeine_1200; Lysine_1080; Lysine_210; Caffeine_1230; MgCl_60; Lysozyme_810; Caffeine_510; Lysine_660; Pep28_690; Lysozyme_90; CaCl_780; Lysine_1350; MgCl_1170; BSA_1020; Lysine_1230; Lysozyme_1050; MgCl_120; BSA_180; LL37_60; LL37_840; LL37_480; Lysine_1170; BSA_900; Lysozyme_1080; CaCl_270; MgCl_1050; CaCl_180; MgCl_1350; BSA_390; Caffeine_720; Pep28_480; CaCl_930; MgCl_480; MgCl_330; LL37_450,shrinkage=auto; solver=lsqr,1.0,100.0,1.0,100.0
14,PE.QL_Chip1_Chan2,LDA,142,Lysozyme_60; Lysozyme_750; Pep28_360; BSA_210; CaCl_990; BSA_90; LL37_1020; BSA_30; Caffeine_660; Lysozyme_1170; Lysozyme_720; LL37_1350; LL37_390; CaCl_30; LL37_300; Lysine_690; MgCl_30; Caffeine_630; CaCl_1140; Caffeine_570; Lysozyme_960; Lysozyme_1020; Caffeine_360; MgCl_270; Lysozyme_690; Caffeine_90; MgCl_420; MgCl_1110; BSA_930; Caffeine_990; Pep28_180; LL37_750; LL37_540; Caffeine_30; Pep28_150; Lysine_30; Lysozyme_1350; LL37_180; CaCl_900; BSA_1290; Caffeine_1110; LL37_420; MgCl_300; LL37_1050; LL37_990; CaCl_1290; CaCl_1350; LL37_30; Lysozyme_30; Pep28_30; LL37_1260; Lysozyme_120; LL37_1140; LL37_330; Caffeine_870; Lysozyme_1290; LL37_1110; CaCl_1110; Caffeine_1020; BSA_420; Lysozyme_480; Lysozyme_240; Caffeine_120; Caffeine_390; CaCl_540; Lysozyme_1260; Pep28_570; Pep28_1080; MgCl_180; CaCl_90; Caffeine_690; Lysine_1260; MgCl_450; MgCl_840; MgCl_630; Lysozyme_1200; BSA_660; CaCl_240; BSA_240; MgCl_1170; MgCl_1140; MgCl_120; MgCl_90; Lysozyme_810; Pep28_690; MgCl_60; CaCl_150; Lysine_1080; Lysine_210; LL37_60; Lysine_1230; Caffeine_510; CaCl_270; Caffeine_1200; MgCl_1050; Lysozyme_1080; Lysozyme_90; Lysozyme_1050; Pep28_480; BSA_1020; Lysine_660; Caffeine_1230; MgCl_330; BSA_900; BSA_180; BSA_330; MgCl_480; Lysine_1350; LL37_480; Lysine_750; LL37_450; CaCl_840; MgCl_1020; CaCl_1020; BSA_1140; CaCl_780; BSA_390; CaCl_390; LL37_510; CaCl_180; Lysine_1170; Lysozyme_270; Caffeine_780; LL37_840; BSA_1230; Pep28_1290; Lysozyme_840; MgCl_870; MgCl_1350; Lysine_240; CaCl_930; LL37_360; CaCl_360; LL37_240; Lysine_390; BSA_540; Caffeine_720; BSA_690; Pep28_1320; MgCl_660; CaCl_1050; CaCl_300,shrinkage=auto; solver=lsqr,0.9444444444444444,94.44444444444444,0.4857142857142857,48.57142857142857
15,PE.QL_Chip1_Chan3,LDA,126,Lysozyme_60; Lysozyme_750; Pep28_360; BSA_210; CaCl_990; LL37_1020; BSA_90; Lysozyme_1170; Caffeine_660; BSA_30; Lysozyme_720; LL37_1350; LL37_390; MgCl_30; CaCl_30; Lysine_690; Caffeine_630; Lysozyme_960; CaCl_1140; MgCl_270; Caffeine_570; Pep28_180; LL37_300; Lysozyme_1020; Caffeine_360; LL37_540; Caffeine_90; MgCl_1110; Caffeine_990; Caffeine_30; LL37_750; BSA_930; Caffeine_1110; BSA_1290; MgCl_420; LL37_180; CaCl_900; CaCl_1350; Lysozyme_690; MgCl_300; Lysine_30; Lysozyme_30; LL37_1050; Lysozyme_1350; LL37_420; LL37_990; CaCl_1290; Pep28_150; LL37_30; LL37_1260; Lysozyme_120; MgCl_180; LL37_330; CaCl_1110; Lysozyme_480; LL37_1140; Caffeine_870; Pep28_570; Caffeine_1020; Pep28_30; Caffeine_120; Lysozyme_240; MgCl_630; CaCl_90; Caffeine_390; Lysozyme_1260; CaCl_240; CaCl_540; Lysozyme_1290; BSA_420; LL37_1110; Caffeine_690; Caffeine_720; MgCl_450; Caffeine_1230; Pep28_1080; MgCl_90; MgCl_1140; BSA_660; Caffeine_1200; Lysine_1080; Lysine_210; MgCl_840; Lysozyme_1200; BSA_240; CaCl_150; MgCl_60; Lysozyme_90; MgCl_1170; Lysozyme_1050; Lysine_1230; Pep28_690; BSA_1020; Lysine_1350; Lysozyme_1080; Caffeine_510; CaCl_780; Lysozyme_810; LL37_840; LL37_60; BSA_180; MgCl_1050; MgCl_120; LL37_480; MgCl_1350; Lysine_660; BSA_390; Pep28_480; CaCl_270; CaCl_180; Lysine_1170; MgCl_660; BSA_900; BSA_330; MgCl_480; MgCl_330; CaCl_930; MgCl_870; BSA_540; LL37_450; LL37_510; CaCl_1020; Pep28_210; Lysine_840; Lysine_240; BSA_1230,shrinkage=0.1; solver=lsqr,1.0,100.0,1.0,100.0
16,PE.QL_Chip1_Chan4,LDA,115,Lysozyme_60; Lysozyme_750; Pep28_360; BSA_210; CaCl_990; LL37_1020; BSA_90; Lysozyme_1170; Caffeine_660; BSA_30; Lysozyme_720; LL37_1350; LL37_390; Lysine_690; CaCl_30; MgCl_30; CaCl_1140; Lysozyme_1020; Caffeine_630; Lysozyme_960; Caffeine_570; MgCl_270; Caffeine_360; LL37_300; Caffeine_90; Caffeine_990; MgCl_1110; MgCl_420; LL37_750; Pep28_180; LL37_540; BSA_930; Caffeine_1110; Caffeine_30; MgCl_300; Pep28_150; BSA_1290; Lysozyme_690; LL37_180; Lysozyme_1350; CaCl_900; CaCl_1350; Lysine_30; Lysozyme_30; LL37_1050; CaCl_1290; LL37_1260; LL37_990; LL37_420; LL37_30; Pep28_30; CaCl_90; Lysozyme_120; MgCl_180; CaCl_1110; LL37_1140; LL37_330; Caffeine_870; Pep28_570; Lysozyme_480; Caffeine_1020; Caffeine_390; Lysozyme_240; BSA_420; Caffeine_120; Lysozyme_1260; CaCl_540; Lysozyme_1290; LL37_1110; Pep28_1080; MgCl_630; Caffeine_1230; MgCl_1140; CaCl_240; CaCl_150; MgCl_90; BSA_240; MgCl_450; MgCl_60; Caffeine_690; BSA_660; Lysozyme_1200; Lysine_1080; Lysozyme_90; MgCl_840; Pep28_690; LL37_840; Caffeine_1200; Lysine_1230; LL37_480; CaCl_780; Lysine_210; Caffeine_720; CaCl_270; Lysine_660; MgCl_1050; Lysozyme_1050; MgCl_1170; BSA_1020; Lysine_1170; Lysozyme_1080; Lysine_1350; MgCl_120; Lysozyme_810; LL37_60; Pep28_480; BSA_390; BSA_900; MgCl_660; Caffeine_510; MgCl_1350; BSA_180; Pep28_1320; MgCl_330; MgCl_480,solver=svd,1.0,100.0,1.0,100.0
17,PE.QL_Chip3_Chan1,LDA,113,Lysozyme_60; Lysozyme_750; Pep28_360; BSA_210; CaCl_990; LL37_1020; BSA_90; Caffeine_660; Lysozyme_1170; Lysozyme_720; BSA_30; LL37_1350; LL37_390; Lysine_690; CaCl_30; MgCl_30; Lysozyme_960; Caffeine_360; CaCl_1140; LL37_300; Lysozyme_1020; Caffeine_630; Caffeine_570; MgCl_270; Pep28_180; LL37_540; Caffeine_90; BSA_930; Caffeine_30; MgCl_1110; MgCl_420; Caffeine_990; LL37_750; Pep28_150; Lysozyme_690; MgCl_300; Caffeine_1110; LL37_180; Lysine_30; CaCl_900; CaCl_1350; BSA_1290; Lysozyme_1350; LL37_990; CaCl_1290; LL37_1050; Lysozyme_30; LL37_420; Pep28_30; LL37_30; LL37_1260; MgCl_180; Lysozyme_120; CaCl_1110; LL37_330; Lysozyme_480; Caffeine_870; LL37_1140; Caffeine_390; Caffeine_120; BSA_420; Pep28_570; Lysozyme_240; CaCl_240; CaCl_90; MgCl_630; LL37_1110; CaCl_540; Caffeine_1020; Lysozyme_1260; Lysozyme_1290; Caffeine_690; Lysine_1080; BSA_240; MgCl_450; Pep28_1080; MgCl_90; MgCl_840; MgCl_1140; Caffeine_1200; CaCl_150; BSA_660; Lysozyme_1200; MgCl_1170; Lysine_210; Lysozyme_810; Lysine_1230; Lysine_660; Caffeine_1230; MgCl_60; Lysozyme_1050; CaCl_780; Caffeine_510; Lysozyme_90; Pep28_690; Caffeine_720; CaCl_180; Lysine_1350; LL37_60; BSA_900; Lysozyme_1080; Lysine_1170; MgCl_120; BSA_1020; MgCl_1050; LL37_840; Pep28_480; CaCl_270; LL37_480; MgCl_660; BSA_390; MgCl_330; MgCl_1350,solver=svd,1.0,100.0,1.0,100.0
18,PE.QL_Chip3_Chan2,LDA,125,Lysozyme_60; Lysozyme_750; BSA_210; Pep28_360; CaCl_990; BSA_90; Lysozyme_1170; LL37_1020; Caffeine_660; Lysozyme_720; BSA_30; LL37_1350; Caffeine_630; CaCl_30; MgCl_30; Lysine_690; Caffeine_570; LL37_390; LL37_540; Lysozyme_1020; LL37_300; CaCl_1140; Caffeine_30; Pep28_180; Lysozyme_960; MgCl_1110; MgCl_270; Caffeine_360; Lysozyme_30; LL37_750; MgCl_420; Caffeine_990; Caffeine_90; BSA_930; Lysozyme_690; LL37_180; Pep28_150; Caffeine_1110; CaCl_1290; Lysozyme_1350; BSA_1290; CaCl_240; MgCl_180; LL37_1050; MgCl_300; Pep28_30; CaCl_900; CaCl_1350; LL37_30; LL37_990; Caffeine_870; LL37_420; LL37_1260; CaCl_1110; LL37_330; Lysine_1080; Caffeine_1020; Lysozyme_120; Lysozyme_480; Lysozyme_240; Lysine_30; Caffeine_390; Pep28_570; LL37_1140; MgCl_630; Caffeine_120; CaCl_540; MgCl_90; Lysozyme_1290; Lysozyme_1260; CaCl_90; LL37_1110; BSA_420; Caffeine_510; MgCl_840; BSA_240; BSA_660; Caffeine_690; CaCl_150; CaCl_180; MgCl_1170; LL37_510; Lysine_210; Caffeine_720; MgCl_1140; Caffeine_1230; Pep28_1080; Lysine_1230; CaCl_270; Lysozyme_1200; Pep28_690; Lysozyme_1050; LL37_60; Lysozyme_90; MgCl_1050; MgCl_450; CaCl_780; LL37_840; Caffeine_1200; Lysozyme_810; MgCl_120; BSA_1020; Lysine_1350; CaCl_930; Pep28_480; Lysozyme_1080; Lysine_1170; BSA_900; BSA_330; MgCl_1350; Lysine_420; Lysine_660; MgCl_330; BSA_1140; BSA_180; Caffeine_780; CaCl_360; LL37_480; BSA_390; LL37_360; Lysine_1260; Lysine_840; Lysine_750; MgCl_1020; CaCl_300,shrinkage=auto; solver=lsqr,1.0,100.0,1.0,100.0
19,PE.QL_Chip3_Chan3,LDA,133,Lysozyme_60; Lysozyme_750; Pep28_360; BSA_210; CaCl_990; BSA_90; LL37_1020; Caffeine_660; Lysozyme_1170; BSA_30; Lysozyme_720; LL37_1350; LL37_390; Lysine_690; CaCl_30; Caffeine_630; CaCl_1140; MgCl_30; LL37_300; Lysozyme_960; Lysozyme_1020; MgCl_270; Pep28_180; LL37_540; Caffeine_30; Caffeine_990; Caffeine_360; Caffeine_570; MgCl_1110; Caffeine_90; MgCl_420; BSA_930; LL37_750; Lysozyme_690; Pep28_150; BSA_1290; LL37_180; CaCl_900; MgCl_300; Caffeine_1110; Lysine_30; CaCl_1350; LL37_30; Lysozyme_1350; LL37_420; LL37_1050; LL37_990; Pep28_30; Lysozyme_30; MgCl_180; LL37_1260; CaCl_1290; CaCl_1110; Lysozyme_120; LL37_330; Caffeine_1020; Caffeine_390; Caffeine_870; Lysozyme_480; CaCl_240; LL37_1140; Lysozyme_240; Pep28_570; Caffeine_120; CaCl_90; BSA_420; MgCl_630; LL37_1110; Lysozyme_1260; CaCl_540; Caffeine_690; Lysozyme_1290; MgCl_90; MgCl_840; Lysozyme_1200; MgCl_450; BSA_660; MgCl_1140; Pep28_1080; BSA_240; Caffeine_1200; CaCl_150; MgCl_60; Lysine_210; Caffeine_510; Caffeine_1230; CaCl_780; Lysine_1080; Lysozyme_810; Lysine_1230; Lysozyme_90; BSA_1020; Pep28_690; Lysozyme_1050; Caffeine_720; Lysozyme_1080; MgCl_1170; MgCl_120; Lysine_1350; LL37_840; BSA_900; BSA_180; Lysine_660; LL37_60; CaCl_270; Pep28_480; MgCl_1050; CaCl_180; Lysine_1170; LL37_480; BSA_390; BSA_330; CaCl_930; MgCl_1350; MgCl_660; MgCl_870; MgCl_480; Caffeine_780; LL37_510; LL37_450; MgCl_330; BSA_1140; CaCl_360; Lysine_840; Lysine_750; BSA_1230; MgCl_1020; BSA_540; CaCl_1200; Pep28_1320; Lysine_420; Lysine_240; Pep28_1290,shrinkage=auto; solver=lsqr,1.0,100.0,1.0,100.0
20,PE.QL_Chip3_Chan4,LDA,113,Lysozyme_60; Lysozyme_750; BSA_210; Pep28_360; CaCl_990; LL37_1020; BSA_30; Lysozyme_1170; Lysozyme_720; Caffeine_660; BSA_90; CaCl_30; LL37_1350; Caffeine_630; LL37_300; LL37_390; Lysozyme_1020; Caffeine_360; Lysine_690; CaCl_1140; Caffeine_570; Lysozyme_960; LL37_540; LL37_750; Caffeine_90; Pep28_180; Caffeine_30; MgCl_300; Lysozyme_690; MgCl_270; MgCl_1110; LL37_180; MgCl_30; Caffeine_1110; BSA_1290; MgCl_420; Lysine_30; CaCl_1350; Pep28_150; MgCl_90; BSA_930; LL37_1050; Pep28_30; LL37_330; CaCl_1110; CaCl_1290; Caffeine_990; Lysozyme_1350; LL37_990; LL37_420; Caffeine_1020; Lysozyme_120; LL37_1110; CaCl_240; LL37_1260; CaCl_900; BSA_420; Lysozyme_1260; Lysozyme_480; Lysozyme_240; LL37_1140; LL37_60; Pep28_570; Caffeine_870; LL37_30; MgCl_180; Caffeine_390; MgCl_630; MgCl_60; CaCl_150; Lysozyme_1290; MgCl_1140; MgCl_840; CaCl_90; CaCl_180; Caffeine_120; LL37_840; Pep28_1080; Lysozyme_1200; MgCl_450; Caffeine_690; Caffeine_1200; BSA_660; Caffeine_1230; CaCl_780; Lysine_1170; Lysozyme_810; Lysozyme_1080; Lysine_1350; MgCl_1050; Caffeine_510; LL37_450; BSA_1020; BSA_900; CaCl_540; MgCl_1170; LL37_510; CaCl_270; Lysine_1230; BSA_240; Pep28_690; Lysine_1080; Lysine_210; Lysozyme_1050; MgCl_330; CaCl_930; Pep28_1320; Lysozyme_90; Pep28_480; Caffeine_720; MgCl_660; MgCl_1350; Lysine_660,shrinkage=auto; solver=lsqr,0.6666666666666666,66.66666666666666,0.4,40.0
21,PE.QL_Chip4_Chan1,LDA,122,Lysozyme_60; Lysozyme_750; Pep28_360; BSA_210; CaCl_990; LL37_1020; BSA_90; Lysozyme_1170; Caffeine_660; Lysozyme_720; BSA_30; LL37_1350; LL37_390; CaCl_30; CaCl_1140; Lysine_690; LL37_300; Lysozyme_960; Caffeine_570; Caffeine_630; Pep28_180; Caffeine_30; Lysozyme_1020; Caffeine_360; LL37_540; MgCl_270; MgCl_420; MgCl_30; Caffeine_90; BSA_930; Caffeine_990; Lysozyme_30; MgCl_1110; Caffeine_1110; LL37_750; Lysozyme_690; LL37_180; Pep28_150; BSA_1290; CaCl_900; CaCl_1350; MgCl_300; Lysine_30; LL37_1050; LL37_990; CaCl_1290; LL37_420; Lysozyme_1350; Pep28_30; LL37_1260; LL37_30; MgCl_180; Lysozyme_120; Lysozyme_480; LL37_330; Caffeine_870; CaCl_240; LL37_1110; LL37_1140; BSA_420; Lysozyme_1260; Caffeine_1020; Caffeine_120; Lysozyme_1290; Caffeine_390; Lysozyme_240; CaCl_540; Pep28_570; MgCl_450; MgCl_630; CaCl_90; Lysozyme_1200; BSA_660; CaCl_150; MgCl_840; BSA_240; Caffeine_1200; MgCl_90; Caffeine_690; Pep28_1080; Lysine_1080; Lysozyme_1050; MgCl_1140; Lysozyme_1080; Lysine_1350; BSA_1020; Lysine_1230; Caffeine_510; Lysine_210; BSA_180; CaCl_780; MgCl_120; Caffeine_1230; MgCl_1170; Lysozyme_810; Pep28_480; Caffeine_720; MgCl_1050; BSA_390; Pep28_690; Lysine_660; MgCl_60; MgCl_1350; CaCl_180; LL37_60; Lysine_1170; BSA_1140; LL37_480; Lysozyme_90; LL37_840; Caffeine_780; LL37_450; Lysine_240; BSA_330; CaCl_270; CaCl_360; LL37_360; BSA_900; CaCl_930; Lysine_750; MgCl_870; MgCl_1020,shrinkage=auto; solver=lsqr,0.7222222222222222,72.22222222222221,0.4193548387096774,41.93548387096774
22,PE.QL_Chip4_Chan2,LDA,133,Lysozyme_60; Lysozyme_750; Pep28_360; BSA_210; CaCl_990; LL37_1020; Caffeine_660; BSA_90; Lysozyme_1170; Lysozyme_720; LL37_390; BSA_30; CaCl_30; Caffeine_360; LL37_1350; LL37_300; Caffeine_630; Lysozyme_1020; Lysozyme_960; Caffeine_990; LL37_540; Lysine_690; LL37_750; Pep28_180; Caffeine_570; CaCl_1140; MgCl_1110; MgCl_420; Caffeine_30; MgCl_270; Caffeine_90; BSA_930; Pep28_150; Lysozyme_30; Caffeine_1110; BSA_1290; Lysine_30; MgCl_30; MgCl_300; Lysozyme_690; CaCl_1350; LL37_990; LL37_180; CaCl_900; LL37_30; Lysozyme_1350; MgCl_180; Pep28_30; LL37_1260; LL37_1050; BSA_1020; CaCl_1110; LL37_420; CaCl_1290; Caffeine_870; Lysozyme_120; LL37_330; Caffeine_120; Pep28_570; LL37_1140; CaCl_240; MgCl_630; Lysozyme_1260; Caffeine_1230; Lysozyme_480; Lysine_1350; Caffeine_390; Caffeine_1020; CaCl_540; MgCl_450; LL37_1110; Lysozyme_240; Caffeine_690; Lysine_210; MgCl_840; Caffeine_1200; CaCl_90; CaCl_150; BSA_240; Lysozyme_90; CaCl_180; Pep28_1080; LL37_60; Caffeine_720; BSA_420; BSA_180; Caffeine_510; MgCl_60; MgCl_90; Lysozyme_1290; Lysine_1080; Lysozyme_1200; Lysozyme_1050; MgCl_1140; BSA_660; BSA_900; Lysozyme_810; CaCl_780; Lysine_660; MgCl_1170; Pep28_690; Lysozyme_1080; MgCl_120; CaCl_270; BSA_330; Pep28_480; Lysine_1230; MgCl_1050; MgCl_660; LL37_480; BSA_390; LL37_510; LL37_240; BSA_990; LL37_450; Pep28_1320; MgCl_1020; MgCl_1350; BSA_1230; Lysine_1170; MgCl_480; CaCl_1020; MgCl_330; Lysozyme_270; CaCl_930; CaCl_1200; Caffeine_780; LL37_840; MgCl_870; Lysine_240; LL37_360; BSA_1320; Lysine_390,solver=svd,0.8333333333333334,83.33333333333334,0.4545454545454545,45.454545454545446
23,PE.QL_Chip4_Chan3,LDA,122,Lysozyme_60; Lysozyme_750; Pep28_360; BSA_210; CaCl_990; LL37_1020; Caffeine_660; Lysozyme_1170; BSA_90; Lysozyme_720; CaCl_30; LL37_390; LL37_1350; Caffeine_630; Lysine_690; LL37_300; Lysozyme_1020; Caffeine_570; BSA_30; Lysozyme_30; Lysozyme_690; MgCl_30; Caffeine_30; MgCl_270; Pep28_180; Caffeine_360; Lysine_30; MgCl_300; Caffeine_90; Lysozyme_960; LL37_540; Caffeine_990; LL37_750; LL37_180; MgCl_420; BSA_1290; CaCl_1140; MgCl_1110; Pep28_150; CaCl_1350; Caffeine_1110; BSA_930; CaCl_900; Lysozyme_240; LL37_1050; MgCl_180; LL37_420; Lysozyme_120; LL37_30; CaCl_1290; CaCl_1110; LL37_1260; Lysozyme_1350; LL37_330; Pep28_30; LL37_990; Caffeine_1020; CaCl_90; Caffeine_120; Lysozyme_480; Pep28_570; Caffeine_390; Caffeine_870; Lysozyme_90; MgCl_630; CaCl_540; LL37_1140; Caffeine_690; Lysozyme_1200; BSA_420; LL37_1110; MgCl_840; Lysine_1080; Caffeine_1200; MgCl_1170; Lysozyme_1290; MgCl_60; CaCl_150; CaCl_240; BSA_660; Lysozyme_1260; MgCl_90; Pep28_690; Caffeine_1230; BSA_180; Pep28_1080; MgCl_450; MgCl_330; MgCl_1140; Lysine_1350; Lysine_210; Lysozyme_810; Lysozyme_1050; Lysozyme_1080; Caffeine_510; Lysine_660; CaCl_270; MgCl_120; CaCl_180; Caffeine_720; MgCl_1050; Lysine_1230; CaCl_930; BSA_240; CaCl_780; Lysine_420; LL37_840; MgCl_870; Lysine_1170; CaCl_330; Pep28_1290; BSA_540; LL37_480; Lysine_750; BSA_330; Pep28_480; LL37_240; LL37_510; BSA_900; MgCl_1350; Lysine_840; Caffeine_780,solver=svd,0.9444444444444444,94.44444444444444,0.4857142857142857,48.57142857142857
24,PE.QL_Chip4_Chan4,LDA,119,Lysozyme_60; Lysozyme_750; Pep28_360; BSA_210; CaCl_990; BSA_90; LL37_1020; Lysozyme_1170; Caffeine_660; Lysozyme_720; BSA_30; CaCl_30; LL37_1350; MgCl_30; LL37_390; CaCl_1140; Lysine_690; Caffeine_630; LL37_540; MgCl_270; Caffeine_570; Lysozyme_1020; Caffeine_360; LL37_300; Lysozyme_960; Pep28_180; Caffeine_990; Caffeine_90; MgCl_1110; BSA_930; MgCl_300; Caffeine_30; Lysozyme_30; Lysozyme_690; MgCl_420; LL37_750; Pep28_150; BSA_1290; LL37_180; CaCl_900; Caffeine_1110; CaCl_1350; Lysine_30; LL37_990; CaCl_1110; LL37_420; LL37_1050; Lysozyme_1350; CaCl_1290; LL37_1260; Pep28_30; MgCl_180; Lysozyme_120; Lysozyme_480; Lysozyme_1290; LL37_1140; Lysozyme_240; Caffeine_870; LL37_30; Caffeine_1020; Caffeine_120; Pep28_570; CaCl_240; MgCl_630; BSA_420; LL37_330; Caffeine_390; LL37_1110; Caffeine_690; BSA_240; Lysozyme_1260; CaCl_540; Pep28_1080; Lysozyme_1200; CaCl_150; Caffeine_510; Caffeine_1230; CaCl_90; Lysine_1080; LL37_60; Lysine_1230; MgCl_1140; MgCl_450; MgCl_60; Caffeine_1200; BSA_660; Lysozyme_1050; BSA_1020; MgCl_330; MgCl_90; Lysozyme_90; MgCl_1170; LL37_480; Caffeine_720; Lysine_210; Lysozyme_810; CaCl_780; Lysine_1170; MgCl_840; BSA_900; BSA_330; Lysine_660; Lysozyme_1080; Pep28_690; BSA_180; CaCl_180; Pep28_480; LL37_840; MgCl_1350; BSA_390; LL37_450; MgCl_120; CaCl_270; MgCl_660; Lysine_420; CaCl_930; Lysine_240; Lysine_1350; MgCl_1050,solver=svd,1.0,100.0,1.0,100.0
25,PE.QM_Chip1_Chan1,LDA,113,Lysozyme_60; Lysozyme_750; Pep28_360; BSA_210; CaCl_990; LL37_1020; BSA_90; Caffeine_660; Lysozyme_1170; Lysozyme_720; BSA_30; LL37_1350; LL37_390; CaCl_30; Lysozyme_1020; Lysine_690; MgCl_30; Caffeine_630; Lysozyme_960; CaCl_1140; LL37_300; LL37_540; MgCl_270; Caffeine_570; Caffeine_360; Caffeine_30; Pep28_180; Caffeine_90; Caffeine_990; MgCl_1110; BSA_930; MgCl_420; LL37_750; MgCl_300; Lysozyme_690; Pep28_150; Lysine_30; BSA_1290; LL37_180; Caffeine_1110; CaCl_900; CaCl_1350; Lysozyme_30; Lysozyme_1350; LL37_990; LL37_420; LL37_1050; MgCl_180; LL37_1260; LL37_30; Pep28_30; Lysozyme_120; CaCl_1290; CaCl_1110; LL37_1140; Caffeine_870; Lysozyme_1290; Lysozyme_240; Caffeine_1020; CaCl_240; Lysozyme_480; Pep28_570; LL37_330; Caffeine_120; BSA_420; Caffeine_390; CaCl_90; LL37_1110; Lysozyme_1260; CaCl_540; MgCl_630; MgCl_450; MgCl_90; Caffeine_690; MgCl_840; Lysozyme_1200; CaCl_150; MgCl_1140; BSA_240; BSA_660; Pep28_1080; Lysozyme_1050; Caffeine_720; Lysine_1080; MgCl_60; Lysozyme_1080; Caffeine_1230; Lysine_210; Caffeine_1200; CaCl_780; Lysozyme_810; Lysine_1230; Pep28_690; Caffeine_510; Lysine_1350; LL37_60; BSA_1020; MgCl_1170; Lysine_1170; MgCl_120; Pep28_480; BSA_180; MgCl_1050; CaCl_180; LL37_840; Lysozyme_90; BSA_900; MgCl_1350; CaCl_270; Lysine_660; LL37_480; CaCl_930; MgCl_330,solver=svd,0.9444444444444444,94.44444444444444,0.4857142857142857,48.57142857142857
26,PE.QM_Chip1_Chan2,LDA,134,Lysozyme_60; Lysozyme_750; Pep28_360; BSA_210; CaCl_990; LL37_1020; Caffeine_660; BSA_90; Lysozyme_1170; Lysozyme_720; BSA_30; LL37_1350; LL37_390; Lysine_690; CaCl_30; LL37_300; Lysozyme_960; MgCl_270; Caffeine_630; MgCl_30; CaCl_1140; Lysozyme_1020; Caffeine_570; Caffeine_30; LL37_540; Caffeine_90; Caffeine_360; MgCl_1110; Pep28_180; Caffeine_990; BSA_930; LL37_750; Caffeine_1110; MgCl_420; CaCl_1350; MgCl_300; CaCl_900; Lysozyme_1350; BSA_1290; LL37_180; Lysozyme_30; Pep28_150; LL37_30; Lysozyme_690; MgCl_180; Lysine_30; LL37_420; LL37_1050; LL37_990; CaCl_1290; CaCl_1110; Lysozyme_120; LL37_1260; LL37_330; LL37_1140; MgCl_630; Caffeine_1020; Lysozyme_480; BSA_420; Caffeine_870; CaCl_90; Pep28_570; Caffeine_120; Lysozyme_240; Caffeine_390; Pep28_1080; CaCl_540; MgCl_90; Lysozyme_1260; Caffeine_690; Lysozyme_1290; MgCl_450; Pep28_30; MgCl_1140; Caffeine_1200; Lysozyme_90; LL37_1110; BSA_240; Lysozyme_1200; Lysine_210; MgCl_840; Lysozyme_1080; BSA_660; CaCl_240; CaCl_150; Caffeine_1230; Caffeine_720; Lysine_660; Caffeine_510; Lysine_1350; MgCl_1170; Lysozyme_1050; CaCl_180; MgCl_60; Lysine_1080; Pep28_690; Lysine_1230; MgCl_1350; BSA_180; CaCl_780; LL37_840; BSA_1020; LL37_60; LL37_480; MgCl_1050; BSA_900; BSA_330; MgCl_120; Lysine_1170; Lysozyme_810; CaCl_270; Pep28_480; MgCl_480; BSA_390; LL37_360; MgCl_330; LL37_510; CaCl_930; CaCl_360; Pep28_1320; BSA_1140; LL37_450; CaCl_300; Caffeine_780; Lysine_750; LL37_240; MgCl_870; BSA_690; Lysine_420; BSA_540; CaCl_840; MgCl_1020; Caffeine_150; MgCl_660,solver=svd,0.8888888888888888,88.88888888888889,0.4705882352941176,47.05882352941176
27,PE.QM_Chip1_Chan3,LDA,115,Lysozyme_60; Lysozyme_750; Pep28_360; BSA_210; CaCl_990; BSA_90; LL37_1020; Caffeine_660; Lysozyme_1170; BSA_30; Lysozyme_720; LL37_1350; CaCl_30; Lysine_690; LL37_390; MgCl_30; Lysozyme_960; Caffeine_630; LL37_300; CaCl_1140; Caffeine_570; Lysozyme_1020; Caffeine_30; MgCl_270; Caffeine_360; LL37_540; Caffeine_990; Pep28_180; BSA_930; MgCl_1110; Caffeine_90; LL37_750; Lysozyme_690; CaCl_1350; MgCl_420; LL37_180; Pep28_150; CaCl_900; BSA_1290; Caffeine_1110; Lysine_30; Pep28_30; Lysozyme_30; MgCl_300; LL37_990; LL37_420; Lysozyme_1350; CaCl_1110; LL37_1050; LL37_1260; MgCl_180; BSA_420; Lysozyme_480; CaCl_1290; Caffeine_120; LL37_330; Caffeine_690; LL37_30; Caffeine_390; Lysozyme_120; Lysozyme_240; LL37_1140; Caffeine_870; Pep28_570; CaCl_240; CaCl_90; MgCl_630; LL37_1110; Caffeine_1020; Lysozyme_1260; CaCl_540; Lysozyme_1290; MgCl_450; Caffeine_1200; BSA_240; Lysozyme_1200; CaCl_150; MgCl_1140; Lysine_1080; BSA_660; MgCl_840; Pep28_690; MgCl_90; LL37_60; Caffeine_510; Lysozyme_1050; MgCl_120; Lysozyme_90; Lysine_1230; Caffeine_720; CaCl_780; Caffeine_1230; BSA_180; Lysine_1170; Lysozyme_810; MgCl_60; MgCl_1170; BSA_1020; Lysine_1350; Pep28_480; Lysine_210; LL37_480; Lysozyme_1080; LL37_840; BSA_900; CaCl_180; Pep28_1080; BSA_1230; BSA_390; MgCl_1050; MgCl_660; MgCl_330; MgCl_1350; Lysine_660; MgCl_480,shrinkage=0.1; solver=lsqr,1.0,100.0,1.0,100.0
28,PE.QM_Chip1_Chan4,LDA,115,Lysozyme_60; Lysozyme_750; BSA_210; Pep28_360; CaCl_990; BSA_90; LL37_1020; Caffeine_660; Lysozyme_1170; BSA_30; Lysozyme_720; LL37_1350; LL37_390; CaCl_30; Lysozyme_1020; CaCl_1140; MgCl_30; Lysozyme_960; Pep28_180; Lysine_690; Caffeine_630; Caffeine_570; MgCl_270; LL37_540; Caffeine_990; Caffeine_360; BSA_930; MgCl_420; LL37_750; Caffeine_90; MgCl_1110; Caffeine_30; Pep28_150; Lysozyme_690; LL37_300; Caffeine_1110; MgCl_300; BSA_1290; Lysine_30; LL37_180; Lysozyme_1350; CaCl_1350; LL37_990; Lysozyme_30; LL37_1050; CaCl_900; LL37_420; CaCl_1290; MgCl_180; LL37_30; Pep28_30; CaCl_1110; Caffeine_1020; LL37_1260; Caffeine_870; LL37_330; CaCl_240; CaCl_90; Lysozyme_480; LL37_1140; Lysozyme_120; Pep28_570; Caffeine_390; MgCl_630; Caffeine_120; CaCl_540; Lysozyme_240; Lysozyme_1260; BSA_420; Lysozyme_1290; LL37_1110; Caffeine_690; Pep28_1080; MgCl_840; MgCl_90; MgCl_450; Caffeine_1230; BSA_240; CaCl_150; Lysine_210; MgCl_1140; MgCl_60; BSA_660; Lysine_1080; Caffeine_1200; Lysozyme_810; MgCl_1170; Lysine_1230; Lysozyme_1200; CaCl_780; Lysozyme_1050; Lysine_1350; Lysozyme_90; LL37_840; Lysozyme_1080; Caffeine_510; Pep28_690; CaCl_270; BSA_390; Lysine_1170; MgCl_330; BSA_1020; BSA_180; LL37_60; BSA_900; CaCl_930; Pep28_480; MgCl_120; LL37_510; Caffeine_720; Lysine_660; CaCl_180; LL37_480; MgCl_1050; Lysine_840,solver=svd,0.8333333333333334,83.33333333333334,0.4545454545454545,45.454545454545446
29,PE.QM_Chip3_Chan1,LDA,114,Lysozyme_60; Lysozyme_750; BSA_210; Pep28_360; CaCl_990; LL37_1020; Caffeine_660; BSA_90; Lysozyme_1170; BSA_30; LL37_1350; Lysozyme_720; LL37_390; Lysine_690; CaCl_30; CaCl_1140; Lysozyme_1020; MgCl_30; Caffeine_630; Caffeine_570; MgCl_270; Lysozyme_960; BSA_930; Pep28_180; Caffeine_990; LL37_300; LL37_540; Caffeine_90; MgCl_1110; Caffeine_360; MgCl_300; MgCl_420; LL37_750; Caffeine_30; CaCl_900; Lysozyme_690; Lysine_30; Caffeine_1110; Pep28_150; LL37_180; LL37_30; BSA_1290; CaCl_1350; Lysozyme_1350; LL37_1050; LL37_990; Lysozyme_30; MgCl_180; LL37_420; CaCl_1290; LL37_1260; Pep28_30; Caffeine_870; CaCl_1110; Lysozyme_120; Lysozyme_240; LL37_330; LL37_1140; Lysozyme_480; Caffeine_120; CaCl_540; CaCl_90; Pep28_570; CaCl_240; Caffeine_1020; BSA_420; Caffeine_690; MgCl_630; LL37_1110; Caffeine_390; MgCl_60; MgCl_90; Lysozyme_1260; Lysozyme_1290; MgCl_450; BSA_240; MgCl_840; Pep28_1080; Lysozyme_1200; CaCl_150; Caffeine_1200; MgCl_1140; Caffeine_1230; Lysozyme_810; CaCl_780; Lysine_1230; Pep28_690; BSA_660; Lysine_1080; Lysozyme_90; Lysine_1350; CaCl_270; LL37_840; Lysozyme_1050; Caffeine_510; MgCl_1170; BSA_1020; Caffeine_720; BSA_180; LL37_60; MgCl_120; Lysozyme_1080; MgCl_1050; Lysine_1170; Lysine_210; BSA_390; BSA_900; LL37_480; Pep28_480; Lysine_660; MgCl_660; CaCl_180; MgCl_1350; BSA_1230,solver=svd,1.0,100.0,1.0,100.0
30,PE.QM_Chip3_Chan2,LDA,113,Lysozyme_60; Lysozyme_750; Pep28_360; BSA_210; CaCl_990; LL37_1020; BSA_90; Lysozyme_1170; Caffeine_660; BSA_30; LL37_1350; Lysozyme_720; LL37_390; MgCl_30; Lysine_690; CaCl_1140; Caffeine_360; LL37_300; Lysozyme_960; Caffeine_570; CaCl_30; Lysozyme_1020; MgCl_270; MgCl_420; LL37_540; Caffeine_630; Caffeine_990; Pep28_180; LL37_750; Caffeine_90; Caffeine_30; MgCl_1110; MgCl_300; BSA_930; Pep28_150; Lysozyme_690; Lysozyme_30; LL37_180; Caffeine_1110; CaCl_1350; LL37_1050; BSA_1290; CaCl_900; Pep28_30; Lysozyme_1350; LL37_990; CaCl_1290; LL37_1140; LL37_1260; LL37_420; MgCl_180; LL37_30; Lysozyme_480; CaCl_90; Caffeine_870; CaCl_540; CaCl_1110; Lysine_30; Lysozyme_120; Lysozyme_240; LL37_330; Caffeine_120; Caffeine_390; Pep28_570; LL37_1110; BSA_420; MgCl_60; Caffeine_1020; Lysozyme_1260; CaCl_240; Lysozyme_90; MgCl_630; Lysozyme_1290; Lysine_1080; Caffeine_690; MgCl_1140; MgCl_90; BSA_660; CaCl_150; Lysozyme_1200; Pep28_1080; Caffeine_1200; MgCl_450; Caffeine_1230; BSA_240; CaCl_780; Lysozyme_1080; MgCl_840; Lysozyme_810; BSA_180; LL37_840; Pep28_690; Lysine_1350; Lysine_210; Lysozyme_1050; BSA_1020; Lysine_660; Lysine_1230; MgCl_1170; Caffeine_720; Lysine_1170; CaCl_270; LL37_450; Caffeine_510; BSA_900; LL37_480; CaCl_180; MgCl_330; MgCl_120; MgCl_1350; MgCl_1050; Pep28_480; BSA_390,solver=svd,1.0,100.0,1.0,100.0
31,PE.QM_Chip3_Chan3,LDA,121,Lysozyme_60; Lysozyme_750; Pep28_360; BSA_210; CaCl_990; LL37_1020; BSA_90; Caffeine_660; Lysozyme_1170; BSA_30; Lysozyme_720; LL37_1350; LL37_390; CaCl_30; Lysine_690; Caffeine_630; Caffeine_570; MgCl_30; CaCl_1140; Lysozyme_960; Lysozyme_1020; LL37_300; Caffeine_360; Caffeine_90; MgCl_270; LL37_540; Caffeine_990; Pep28_180; MgCl_1110; MgCl_420; Caffeine_30; BSA_930; LL37_750; Lysozyme_690; Lysine_30; BSA_1290; MgCl_300; Pep28_150; Caffeine_1110; LL37_180; CaCl_900; Lysozyme_30; LL37_30; LL37_1050; Lysozyme_1350; Pep28_30; LL37_420; CaCl_1350; LL37_990; CaCl_1290; LL37_1260; MgCl_180; CaCl_1110; Lysozyme_120; LL37_330; LL37_1140; Caffeine_870; Lysozyme_480; Caffeine_120; Pep28_570; CaCl_90; Caffeine_1020; Lysozyme_240; Caffeine_390; CaCl_540; LL37_1110; MgCl_630; Lysozyme_1260; BSA_420; CaCl_240; Lysozyme_1290; MgCl_90; Caffeine_690; MgCl_450; CaCl_150; MgCl_840; MgCl_1140; BSA_660; Pep28_1080; Caffeine_1230; BSA_240; CaCl_780; MgCl_60; Caffeine_1200; Lysozyme_1200; Lysine_1080; Lysine_1230; Lysozyme_810; Lysine_210; MgCl_1170; LL37_60; BSA_1020; Caffeine_510; Pep28_690; Lysine_660; Lysozyme_90; MgCl_120; Lysine_1350; Lysine_1170; LL37_840; CaCl_270; Lysozyme_1050; Lysozyme_1080; Caffeine_720; LL37_480; BSA_180; Pep28_480; MgCl_1050; CaCl_180; BSA_330; MgCl_660; CaCl_930; MgCl_1350; BSA_900; BSA_390; LL37_450; Lysine_240; MgCl_480; Lysine_420; BSA_540; Pep28_1290,shrinkage=0.1; solver=lsqr,1.0,100.0,1.0,100.0
32,PE.QM_Chip3_Chan4,LDA,111,Lysozyme_60; Lysozyme_750; Pep28_360; BSA_210; CaCl_990; BSA_90; LL37_1020; Lysozyme_1170; BSA_30; Lysozyme_720; Caffeine_660; LL37_1350; CaCl_30; LL37_390; Caffeine_630; Lysine_690; CaCl_1140; Lysozyme_1020; Lysozyme_960; MgCl_30; Caffeine_90; LL37_300; Pep28_180; Caffeine_30; MgCl_270; Caffeine_360; Caffeine_990; LL37_540; MgCl_1110; Caffeine_570; BSA_930; LL37_750; MgCl_420; Lysozyme_30; Lysine_30; BSA_1290; Lysozyme_690; Caffeine_1110; CaCl_1350; CaCl_900; Pep28_150; LL37_180; Lysozyme_1350; LL37_990; MgCl_300; Pep28_30; LL37_420; LL37_1050; CaCl_1110; MgCl_180; MgCl_90; LL37_1140; LL37_330; LL37_1260; Lysozyme_120; LL37_30; Lysozyme_480; Caffeine_390; Pep28_570; CaCl_240; CaCl_1290; Caffeine_120; Caffeine_1020; Lysozyme_1260; MgCl_630; LL37_1110; Lysozyme_240; Caffeine_690; BSA_420; Lysozyme_1290; CaCl_90; CaCl_540; Caffeine_870; MgCl_450; Pep28_1080; Caffeine_1200; MgCl_840; BSA_240; BSA_660; Caffeine_510; Lysozyme_1200; MgCl_1140; Lysine_1230; Lysozyme_810; CaCl_150; Caffeine_1230; Lysine_1080; Caffeine_720; Lysozyme_1080; Lysine_210; Lysine_1350; LL37_60; BSA_1020; MgCl_1170; CaCl_270; Lysozyme_90; LL37_840; Lysozyme_1050; Pep28_690; Lysine_1170; BSA_900; BSA_180; Lysine_660; LL37_480; Pep28_480; BSA_330; MgCl_1050; MgCl_60; LL37_450; MgCl_120; MgCl_1350,solver=svd,1.0,100.0,1.0,100.0
33,PE.QM_Chip4_Chan1,LDA,111,Lysozyme_60; Lysozyme_750; BSA_210; Pep28_360; CaCl_990; LL37_1020; BSA_90; Lysozyme_1170; Caffeine_660; Lysozyme_720; BSA_30; LL37_1350; LL37_390; CaCl_30; MgCl_30; Lysine_690; Lysozyme_960; CaCl_1140; Caffeine_630; Lysozyme_1020; Pep28_180; LL37_300; Caffeine_990; Caffeine_570; Caffeine_360; MgCl_270; LL37_540; BSA_930; Caffeine_90; MgCl_1110; Caffeine_30; MgCl_420; LL37_750; MgCl_300; Lysozyme_690; BSA_1290; Pep28_150; CaCl_900; Lysine_30; CaCl_1350; Caffeine_1110; LL37_180; Pep28_30; CaCl_1290; Lysozyme_1350; LL37_420; LL37_990; LL37_1050; LL37_1260; MgCl_180; Lysozyme_30; Lysozyme_120; LL37_30; CaCl_1110; LL37_330; Caffeine_390; LL37_1140; CaCl_240; Caffeine_1020; Caffeine_870; Caffeine_120; Pep28_570; Lysozyme_240; Lysozyme_480; CaCl_540; LL37_1110; MgCl_630; Lysozyme_1290; CaCl_90; Lysozyme_1260; Caffeine_690; BSA_420; MgCl_450; Lysozyme_1200; Pep28_1080; Caffeine_1230; Caffeine_1200; MgCl_1140; Lysine_1080; BSA_660; MgCl_60; LL37_60; MgCl_90; Lysine_210; MgCl_1170; Lysozyme_810; Lysozyme_1050; Caffeine_720; CaCl_780; Caffeine_510; MgCl_840; Lysine_1230; BSA_240; MgCl_120; LL37_840; Pep28_690; Lysozyme_90; BSA_180; Lysine_660; Lysozyme_1080; Lysine_1170; Pep28_480; CaCl_150; MgCl_1050; BSA_900; LL37_480; BSA_1020; BSA_330; BSA_390; MgCl_1350; MgCl_330,solver=svd,0.9444444444444444,94.44444444444444,0.4857142857142857,48.57142857142857
34,PE.QM_Chip4_Chan2,LDA,114,Lysozyme_60; Lysozyme_750; Pep28_360; BSA_210; CaCl_990; LL37_1020; BSA_90; Caffeine_660; Lysozyme_1170; BSA_30; Lysozyme_720; LL37_1350; MgCl_30; LL37_390; Lysine_690; CaCl_30; CaCl_1140; Caffeine_630; Lysozyme_1020; Lysozyme_960; Caffeine_570; MgCl_270; Caffeine_30; Pep28_180; Caffeine_360; LL37_540; LL37_300; Caffeine_990; Caffeine_90; MgCl_420; BSA_930; LL37_750; MgCl_1110; Lysozyme_690; Lysine_30; MgCl_300; Caffeine_1110; Pep28_150; CaCl_900; LL37_180; BSA_1290; CaCl_1350; LL37_420; Lysozyme_30; Lysozyme_1350; Pep28_30; LL37_990; LL37_1050; CaCl_1290; LL37_30; MgCl_180; CaCl_1110; LL37_1260; Lysozyme_120; LL37_1140; Caffeine_870; Lysozyme_240; Lysozyme_480; Caffeine_390; Pep28_570; Caffeine_1020; LL37_330; CaCl_90; CaCl_240; Caffeine_120; CaCl_540; MgCl_630; LL37_1110; Lysozyme_1290; Lysozyme_1260; Caffeine_690; BSA_420; MgCl_450; MgCl_840; BSA_240; Pep28_1080; Caffeine_1200; Lysine_1080; MgCl_1140; MgCl_90; BSA_660; Caffeine_1230; Lysozyme_1200; CaCl_150; Lysozyme_810; Lysine_1230; MgCl_1170; Lysozyme_90; Lysine_210; Lysozyme_1050; Lysozyme_1080; Caffeine_510; LL37_840; Lysine_1350; Pep28_690; Caffeine_720; MgCl_60; BSA_1020; Lysine_660; MgCl_120; Lysine_1170; CaCl_780; CaCl_270; LL37_480; LL37_60; CaCl_180; Pep28_480; BSA_900; MgCl_1050; BSA_390; MgCl_660; MgCl_1350; BSA_180; MgCl_330,solver=svd,1.0,100.0,1.0,100.0
35,PE.QM_Chip4_Chan3,LDA,112,Lysozyme_60; Lysozyme_750; Pep28_360; BSA_210; CaCl_990; LL37_1020; BSA_90; Caffeine_660; Lysozyme_1170; BSA_30; Lysozyme_720; LL37_1350; LL37_390; Lysine_690; MgCl_30; Caffeine_630; CaCl_1140; Lysozyme_1020; Caffeine_570; Lysozyme_960; CaCl_30; LL37_300; LL37_540; Caffeine_360; MgCl_270; Pep28_180; MgCl_1110; Caffeine_30; BSA_930; Caffeine_990; Caffeine_90; MgCl_420; LL37_750; Lysozyme_690; Pep28_150; MgCl_300; CaCl_900; LL37_180; Lysine_30; BSA_1290; CaCl_1350; Lysozyme_30; Caffeine_1110; LL37_990; LL37_420; Pep28_30; Lysozyme_1350; CaCl_1290; LL37_30; LL37_1260; MgCl_180; LL37_1050; CaCl_1110; Lysozyme_120; Lysozyme_480; LL37_1140; LL37_330; Caffeine_870; Caffeine_120; Caffeine_1020; Caffeine_390; Pep28_570; Lysozyme_240; CaCl_90; LL37_1110; MgCl_630; CaCl_240; Lysozyme_1260; BSA_420; Lysozyme_1290; CaCl_540; Caffeine_690; MgCl_1140; Lysozyme_90; MgCl_450; CaCl_150; MgCl_840; BSA_660; MgCl_90; Caffeine_1230; BSA_240; Pep28_1080; Caffeine_1200; Lysine_1080; Lysozyme_1200; BSA_180; MgCl_1170; Lysine_1230; MgCl_60; Lysozyme_810; Caffeine_720; CaCl_780; Pep28_690; Caffeine_510; Lysozyme_1050; Pep28_480; Lysozyme_1080; Lysine_210; BSA_1020; Lysine_1350; BSA_900; MgCl_1050; MgCl_120; CaCl_180; Lysine_1170; LL37_60; LL37_480; Lysine_660; CaCl_270; LL37_840; MgCl_660; BSA_390,shrinkage=auto; solver=lsqr,1.0,100.0,1.0,100.0
36,PE.QM_Chip4_Chan4,LDA,149,Lysozyme_60; Lysozyme_750; Pep28_360; BSA_210; BSA_90; CaCl_990; LL37_1020; Caffeine_660; Lysozyme_1170; Lysozyme_720; BSA_30; LL37_1350; MgCl_30; Lysine_690; LL37_390; Caffeine_630; CaCl_1140; Lysozyme_1020; LL37_540; Lysozyme_960; LL37_300; CaCl_30; Caffeine_570; Caffeine_360; Lysine_30; Pep28_180; Caffeine_30; MgCl_420; MgCl_270; Lysozyme_30; Caffeine_990; BSA_930; Caffeine_90; LL37_990; LL37_180; MgCl_1110; Lysozyme_690; BSA_1290; Pep28_30; CaCl_900; LL37_750; MgCl_300; Lysozyme_1350; Pep28_150; Caffeine_1110; CaCl_1350; LL37_1260; LL37_420; CaCl_1290; CaCl_1110; LL37_330; MgCl_180; LL37_1140; Caffeine_390; Pep28_570; Caffeine_120; BSA_420; Lysozyme_120; Caffeine_870; Caffeine_1020; LL37_1050; LL37_30; Lysozyme_240; Pep28_480; Lysozyme_480; MgCl_90; CaCl_540; MgCl_630; Caffeine_690; Lysozyme_1260; BSA_240; MgCl_1140; Pep28_1080; CaCl_240; Lysozyme_90; Lysozyme_1290; Caffeine_1230; Lysozyme_1080; MgCl_840; LL37_1110; CaCl_90; MgCl_1170; Pep28_690; CaCl_150; MgCl_1050; Lysozyme_1200; Lysozyme_810; Lysine_1080; Caffeine_720; Lysine_1230; CaCl_780; Lysine_660; BSA_1020; MgCl_120; MgCl_60; Caffeine_510; Caffeine_1200; Lysozyme_1050; CaCl_270; BSA_660; BSA_900; LL37_510; MgCl_1350; CaCl_360; BSA_330; Lysine_240; LL37_840; Lysine_1170; MgCl_450; Lysine_210; CaCl_930; LL37_480; LL37_240; Lysine_1350; BSA_390; CaCl_1200; MgCl_330; MgCl_660; BSA_540; MgCl_480; CaCl_180; Pep28_210; MgCl_870; LL37_450; Lysozyme_870; CaCl_300; Lysine_1260; Lysozyme_840; BSA_600; MgCl_1020; Lysine_360; Lysozyme_270; Lysine_390; Caffeine_780; BSA_1140; BSA_1320; Lysine_420; Pep28_1320; CaCl_1020; Caffeine_1140; LL37_870; Lysine_750; Lysine_840; CaCl_390; Pep28_240; CaCl_1050; Pep28_1290; MgCl_210; BSA_990,solver=svd,0.6666666666666666,66.66666666666666,0.4,40.0
37,PF.QH_Chip1_Chan1,LDA,122,Lysozyme_60; Lysozyme_750; Pep28_360; BSA_210; CaCl_990; LL37_1020; BSA_90; BSA_30; Lysozyme_1170; Lysozyme_720; Caffeine_660; LL37_1350; CaCl_30; LL37_390; MgCl_30; Lysine_690; CaCl_1140; Caffeine_630; MgCl_270; Caffeine_570; Lysozyme_960; LL37_300; Pep28_180; Caffeine_360; Caffeine_90; Caffeine_30; Lysozyme_1020; MgCl_1110; LL37_540; Caffeine_990; BSA_930; Pep28_30; Lysine_30; MgCl_300; CaCl_900; LL37_750; Pep28_150; MgCl_420; Caffeine_1110; BSA_1290; LL37_180; LL37_420; LL37_990; CaCl_1350; LL37_1260; Lysozyme_690; LL37_30; LL37_1050; CaCl_1290; MgCl_180; Caffeine_690; Lysozyme_30; CaCl_90; CaCl_1110; Lysozyme_120; Caffeine_390; Lysozyme_1350; BSA_420; Caffeine_120; Caffeine_1020; LL37_1140; Caffeine_870; CaCl_240; Lysozyme_480; LL37_330; LL37_1110; Pep28_570; Lysozyme_1290; Lysozyme_1260; Lysozyme_240; MgCl_630; CaCl_540; MgCl_450; Caffeine_1230; MgCl_840; Lysine_210; MgCl_60; MgCl_90; Lysine_1230; BSA_240; Lysozyme_810; Lysine_1080; Lysozyme_1200; BSA_660; MgCl_1140; Caffeine_1200; Caffeine_720; Pep28_1080; Lysozyme_90; Pep28_690; Lysine_1350; MgCl_1170; CaCl_270; BSA_1020; MgCl_120; Lysine_660; CaCl_780; CaCl_150; CaCl_930; Lysozyme_1050; LL37_840; MgCl_1050; Lysine_1170; Pep28_480; BSA_390; CaCl_180; BSA_900; BSA_180; CaCl_1020; MgCl_660; LL37_480; Lysozyme_1080; MgCl_1350; Caffeine_510; LL37_60; MgCl_330; CaCl_1200; BSA_330; BSA_1140; Pep28_1290; MgCl_480; Lysine_420,solver=svd,0.8888888888888888,88.88888888888889,0.4705882352941176,47.05882352941176
38,PF.QH_Chip1_Chan2,LDA,114,Lysozyme_60; Lysozyme_750; Pep28_360; BSA_210; CaCl_990; BSA_90; LL37_1020; Caffeine_660; Lysozyme_1170; BSA_30; Lysozyme_720; LL37_1350; LL37_390; CaCl_30; MgCl_30; Lysine_690; LL37_300; CaCl_1140; Caffeine_630; Lysozyme_960; Caffeine_570; MgCl_270; Pep28_180; Caffeine_360; LL37_540; Lysozyme_1020; Caffeine_990; Caffeine_30; MgCl_420; BSA_930; MgCl_1110; Caffeine_90; LL37_750; Pep28_150; BSA_1290; Lysine_30; LL37_180; MgCl_300; Lysozyme_690; CaCl_900; Caffeine_1110; CaCl_1350; Lysozyme_30; Pep28_30; Lysozyme_1350; LL37_420; CaCl_1290; LL37_1050; LL37_30; LL37_990; MgCl_180; LL37_1260; CaCl_1110; Lysozyme_120; LL37_1140; LL37_330; Caffeine_870; Lysozyme_480; Lysozyme_240; Pep28_570; Caffeine_390; Caffeine_1020; BSA_420; Caffeine_120; CaCl_90; CaCl_240; CaCl_540; Caffeine_690; LL37_1110; Lysozyme_1290; Lysozyme_1260; MgCl_630; MgCl_450; Caffeine_1230; MgCl_840; Lysine_1080; BSA_240; MgCl_90; MgCl_1140; Caffeine_1200; BSA_660; Lysozyme_1200; Lysine_210; CaCl_150; Lysozyme_90; MgCl_60; Pep28_1080; Caffeine_510; Caffeine_720; Lysozyme_1080; MgCl_1170; BSA_180; Pep28_690; LL37_840; Lysine_1350; BSA_1020; MgCl_1050; Lysine_1230; Lysozyme_1050; CaCl_780; LL37_60; Lysine_1170; LL37_480; BSA_900; Lysozyme_810; MgCl_660; MgCl_120; Pep28_480; Lysine_660; CaCl_270; BSA_390; MgCl_1350; CaCl_180; LL37_450,solver=svd,1.0,100.0,1.0,100.0
39,PF.QH_Chip1_Chan3,LDA,115,Lysozyme_60; Lysozyme_750; Pep28_360; BSA_210; CaCl_990; LL37_1020; BSA_90; Caffeine_660; Lysozyme_1170; BSA_30; Lysozyme_720; LL37_1350; CaCl_30; LL37_390; Lysine_690; CaCl_1140; MgCl_30; LL37_300; Caffeine_630; Lysozyme_1020; Pep28_180; Caffeine_570; MgCl_270; Caffeine_360; Lysozyme_960; LL37_540; Caffeine_990; MgCl_1110; Caffeine_90; BSA_930; MgCl_420; LL37_750; Caffeine_30; MgCl_300; Pep28_30; Pep28_150; Lysine_30; BSA_1290; Lysozyme_30; CaCl_900; Lysozyme_690; Caffeine_1110; LL37_180; LL37_990; CaCl_1290; CaCl_1350; LL37_1050; LL37_1260; Lysozyme_1350; LL37_420; MgCl_180; BSA_420; LL37_330; CaCl_1110; Lysozyme_480; Lysozyme_120; LL37_30; LL37_1140; Caffeine_1020; Caffeine_870; Pep28_570; Lysozyme_240; Caffeine_390; Lysozyme_1260; Caffeine_120; CaCl_90; MgCl_630; LL37_1110; CaCl_540; CaCl_240; Lysozyme_1290; Lysine_210; MgCl_1140; Caffeine_1230; MgCl_90; BSA_240; MgCl_450; CaCl_150; Lysozyme_810; MgCl_840; Caffeine_720; Caffeine_510; BSA_660; Lysozyme_1200; Lysine_1080; Caffeine_1200; CaCl_780; Lysozyme_90; Lysine_1350; MgCl_60; BSA_390; Lysozyme_1050; MgCl_1170; BSA_1020; BSA_180; Lysozyme_1080; Lysine_1230; Pep28_690; CaCl_270; MgCl_120; LL37_840; Pep28_480; MgCl_1050; Caffeine_690; Pep28_1080; LL37_60; Lysine_660; BSA_330; BSA_900; MgCl_1350; CaCl_180; Lysine_1170; LL37_480; MgCl_330; LL37_450,shrinkage=auto; solver=lsqr,1.0,100.0,1.0,100.0
40,PF.QH_Chip1_Chan4,LDA,121,Lysozyme_60; Lysozyme_750; BSA_210; Pep28_360; CaCl_990; LL37_1020; BSA_90; Caffeine_660; Lysozyme_1170; BSA_30; Lysozyme_720; LL37_1350; LL37_390; CaCl_30; Pep28_180; MgCl_30; Caffeine_630; Lysine_690; LL37_300; CaCl_1140; Lysozyme_960; Caffeine_570; Caffeine_360; Lysozyme_1020; MgCl_270; LL37_540; Caffeine_30; Caffeine_990; Caffeine_90; BSA_930; MgCl_1110; LL37_750; MgCl_420; Pep28_150; LL37_180; BSA_1290; Lysozyme_690; CaCl_900; Caffeine_1110; MgCl_300; CaCl_1290; LL37_990; Lysine_30; CaCl_1350; Pep28_30; LL37_1050; LL37_420; Lysozyme_30; LL37_30; LL37_1260; CaCl_1110; Lysozyme_1350; Lysozyme_120; MgCl_180; LL37_330; Lysozyme_480; Caffeine_390; LL37_1140; Caffeine_870; CaCl_240; CaCl_90; MgCl_630; Lysozyme_240; Caffeine_1020; Caffeine_690; Caffeine_120; Lysozyme_1290; Lysozyme_1260; LL37_1110; Pep28_570; CaCl_540; MgCl_450; Pep28_1080; MgCl_1140; BSA_240; MgCl_90; BSA_420; Lysozyme_1200; BSA_660; CaCl_150; Caffeine_1230; Lysozyme_90; Lysine_1080; Caffeine_1200; CaCl_780; MgCl_840; MgCl_1170; Caffeine_510; Lysine_1260; Pep28_690; MgCl_60; Lysozyme_810; Lysine_210; BSA_180; Lysine_660; Lysine_1230; Lysozyme_1080; LL37_60; Lysine_1350; Lysozyme_1050; BSA_900; LL37_840; Caffeine_720; CaCl_270; Lysine_1170; BSA_1020; MgCl_660; MgCl_1050; CaCl_930; MgCl_120; LL37_480; MgCl_1350; BSA_390; BSA_330; MgCl_330; Pep28_480; Lysine_840; MgCl_870; CaCl_180; MgCl_480; MgCl_1020,shrinkage=0.1; solver=lsqr,0.9444444444444444,94.44444444444444,0.4857142857142857,48.57142857142857
41,PF.QH_Chip3_Chan1,LDA,122,Lysozyme_60; Lysozyme_750; Pep28_360; BSA_210; CaCl_990; BSA_90; LL37_1020; Lysozyme_1170; BSA_30; Lysozyme_720; Caffeine_660; LL37_1350; LL37_390; CaCl_30; Lysine_690; Caffeine_630; Lysozyme_1020; MgCl_30; Caffeine_990; Caffeine_30; Caffeine_90; Lysozyme_960; BSA_930; Pep28_180; Caffeine_360; Caffeine_570; CaCl_1140; MgCl_270; LL37_540; MgCl_1110; LL37_300; LL37_750; MgCl_420; Lysozyme_30; Pep28_150; Lysozyme_690; BSA_1290; Caffeine_1110; MgCl_300; Lysine_30; CaCl_900; CaCl_1350; LL37_180; LL37_420; CaCl_1290; Lysozyme_1350; LL37_1050; LL37_990; LL37_30; CaCl_240; LL37_1260; CaCl_1110; Pep28_30; Lysozyme_120; MgCl_180; Caffeine_870; LL37_1140; LL37_330; Lysozyme_480; Caffeine_120; Lysozyme_240; Pep28_570; CaCl_540; Caffeine_1020; Caffeine_390; MgCl_630; BSA_420; CaCl_90; LL37_1110; Lysozyme_1260; Lysozyme_1290; Caffeine_690; MgCl_90; Caffeine_1230; MgCl_450; MgCl_60; Lysozyme_1200; MgCl_1140; CaCl_150; MgCl_840; MgCl_1170; Pep28_1080; LL37_840; BSA_660; Lysine_1080; BSA_240; Lysozyme_90; Lysozyme_1080; Caffeine_510; Lysozyme_810; Caffeine_1200; Lysine_1230; Lysozyme_1050; Caffeine_720; Pep28_690; Lysine_210; LL37_480; Lysine_660; BSA_900; CaCl_780; Lysine_1350; BSA_1020; MgCl_120; MgCl_1050; LL37_60; BSA_180; Pep28_480; Lysine_1170; CaCl_270; CaCl_930; BSA_390; BSA_330; MgCl_330; MgCl_1350; CaCl_180; LL37_450; MgCl_660; CaCl_360; CaCl_300; MgCl_1020; Lysine_750; MgCl_480,solver=svd,1.0,100.0,1.0,100.0
42,PF.QH_Chip3_Chan2,LDA,112,Lysozyme_60; Lysozyme_750; Pep28_360; BSA_210; CaCl_990; BSA_90; LL37_1020; Lysozyme_1170; Caffeine_660; BSA_30; Lysozyme_720; LL37_1350; LL37_390; Lysine_690; CaCl_30; CaCl_1140; Caffeine_630; MgCl_30; Lysozyme_1020; Caffeine_570; LL37_300; MgCl_270; Caffeine_30; Lysozyme_960; LL37_540; Pep28_180; MgCl_1110; Caffeine_360; Caffeine_90; MgCl_420; BSA_930; LL37_750; Caffeine_990; BSA_1290; Lysine_30; Lysozyme_690; LL37_180; CaCl_900; Caffeine_1110; MgCl_300; CaCl_1350; Pep28_150; Lysozyme_30; LL37_990; Lysozyme_1350; LL37_420; LL37_1050; CaCl_1290; LL37_30; MgCl_180; Pep28_30; LL37_1260; Caffeine_870; CaCl_1110; Caffeine_390; LL37_330; Lysozyme_120; Caffeine_1020; Lysozyme_240; LL37_1140; Caffeine_120; Lysozyme_480; BSA_420; Pep28_570; CaCl_540; CaCl_240; CaCl_90; LL37_1110; Lysozyme_1260; MgCl_630; Lysozyme_1290; MgCl_450; Caffeine_690; BSA_660; BSA_240; MgCl_90; Pep28_1080; MgCl_1140; Caffeine_1200; Lysozyme_1200; Lysine_1080; MgCl_840; Caffeine_510; CaCl_150; Caffeine_1230; Lysine_1230; Lysozyme_90; MgCl_60; Lysozyme_1080; Lysine_210; Lysozyme_810; MgCl_1170; Pep28_690; MgCl_120; BSA_900; Lysine_660; BSA_1020; MgCl_1050; Lysine_1350; LL37_840; Caffeine_720; Lysine_1170; Lysozyme_1050; BSA_180; CaCl_780; LL37_60; LL37_480; BSA_390; CaCl_180; MgCl_660; CaCl_270; MgCl_330,solver=svd,1.0,100.0,1.0,100.0
43,PF.QH_Chip3_Chan3,LDA,114,Lysozyme_60; Lysozyme_750; Pep28_360; BSA_210; CaCl_990; BSA_90; LL37_1020; Caffeine_660; Lysozyme_1170; BSA_30; Lysozyme_720; LL37_1350; LL37_390; CaCl_30; MgCl_30; Lysine_690; Caffeine_630; Lysozyme_960; Lysozyme_1020; LL37_300; MgCl_270; Caffeine_570; LL37_540; Caffeine_360; Pep28_180; Caffeine_90; MgCl_420; CaCl_1140; MgCl_1110; Caffeine_30; BSA_930; Caffeine_990; LL37_750; BSA_1290; MgCl_300; Lysozyme_690; CaCl_900; Pep28_150; Caffeine_1110; CaCl_1350; LL37_180; LL37_990; Lysine_30; CaCl_1290; Lysozyme_1350; LL37_1050; LL37_420; LL37_30; LL37_1260; Pep28_30; MgCl_180; Lysozyme_30; Lysozyme_120; LL37_330; LL37_1140; CaCl_1110; Caffeine_390; Caffeine_1020; Lysozyme_240; CaCl_90; Caffeine_120; Lysozyme_480; Pep28_570; Caffeine_870; MgCl_630; CaCl_240; Lysozyme_1260; LL37_1110; CaCl_540; Lysozyme_1290; BSA_420; Caffeine_690; MgCl_450; Lysine_1080; CaCl_150; Pep28_1080; MgCl_1140; MgCl_60; BSA_240; BSA_660; Lysozyme_1200; Caffeine_1230; Caffeine_1200; MgCl_90; MgCl_840; Lysozyme_810; LL37_840; Caffeine_720; Lysine_1230; Lysine_1170; Caffeine_510; MgCl_1170; Lysine_660; Lysine_1350; MgCl_120; Lysozyme_90; CaCl_780; Pep28_690; Lysozyme_1050; Lysine_210; BSA_180; Pep28_480; BSA_1020; Lysozyme_1080; LL37_60; BSA_900; LL37_480; MgCl_1050; CaCl_270; BSA_390; MgCl_1350; CaCl_180; MgCl_330; MgCl_660,solver=svd,1.0,100.0,1.0,100.0
44,PF.QH_Chip3_Chan4,LDA,126,Lysozyme_60; Lysozyme_750; Pep28_360; BSA_210; CaCl_990; BSA_90; LL37_1020; Caffeine_660; Lysozyme_1170; Lysozyme_720; BSA_30; LL37_1350; CaCl_30; LL37_390; Lysine_690; MgCl_30; Caffeine_630; CaCl_1140; Lysozyme_1020; Caffeine_570; Lysozyme_960; Caffeine_360; LL37_300; Pep28_180; MgCl_1110; Caffeine_30; MgCl_420; MgCl_300; LL37_540; BSA_930; Caffeine_90; MgCl_270; Caffeine_990; LL37_750; Pep28_150; Lysozyme_690; Caffeine_1110; CaCl_900; Lysine_30; LL37_180; BSA_1290; Lysozyme_30; CaCl_1350; LL37_420; Lysozyme_1350; LL37_1050; LL37_30; LL37_990; Pep28_30; CaCl_1290; LL37_1260; MgCl_180; CaCl_240; Caffeine_870; Lysozyme_120; LL37_1140; CaCl_1110; LL37_330; Caffeine_120; Lysozyme_240; Lysozyme_480; Caffeine_390; BSA_420; CaCl_90; Pep28_570; Caffeine_1020; MgCl_630; Lysozyme_1260; CaCl_540; LL37_1110; Lysozyme_1290; Caffeine_690; BSA_660; MgCl_60; MgCl_450; MgCl_1140; MgCl_840; Caffeine_1200; CaCl_150; Pep28_1080; Lysine_1080; Lysozyme_1200; Caffeine_1230; Lysozyme_90; BSA_240; Caffeine_720; Lysine_1230; Lysine_210; Lysozyme_1080; MgCl_1170; CaCl_780; Lysozyme_810; MgCl_120; LL37_840; Lysozyme_1050; Lysine_1350; Pep28_690; BSA_180; CaCl_270; BSA_1020; Lysine_1170; BSA_900; Lysine_660; LL37_480; Caffeine_510; LL37_60; MgCl_90; Pep28_480; MgCl_1050; CaCl_180; BSA_390; LL37_450; BSA_330; MgCl_330; MgCl_1350; CaCl_930; MgCl_660; Lysine_240; Caffeine_780; MgCl_480; BSA_1230; BSA_1140; MgCl_1020; CaCl_360; LL37_510; MgCl_870,shrinkage=0.1; solver=lsqr,1.0,100.0,1.0,100.0
45,PF.QH_Chip4_Chan1,LDA,143,Lysozyme_60; Lysozyme_750; Pep28_360; BSA_210; CaCl_990; BSA_90; LL37_1020; Lysozyme_1170; Lysozyme_720; LL37_390; MgCl_30; Caffeine_660; CaCl_30; LL37_1350; BSA_30; Lysozyme_1020; Lysine_690; Caffeine_570; MgCl_270; Lysozyme_960; Caffeine_630; Caffeine_30; Caffeine_360; LL37_300; CaCl_1140; LL37_540; Caffeine_990; Pep28_180; MgCl_300; Lysine_30; MgCl_1110; MgCl_420; BSA_930; LL37_180; Pep28_150; Caffeine_90; Lysozyme_690; CaCl_900; Caffeine_1110; LL37_1050; LL37_990; LL37_30; CaCl_1350; BSA_1290; LL37_750; Lysozyme_1350; LL37_330; LL37_420; CaCl_1290; MgCl_180; LL37_1110; Pep28_30; CaCl_1110; Lysozyme_30; LL37_1140; Caffeine_870; Pep28_570; Lysozyme_120; Caffeine_390; Caffeine_690; Caffeine_1020; CaCl_240; BSA_420; Caffeine_120; Lysozyme_480; MgCl_630; Lysozyme_240; CaCl_90; CaCl_540; Lysozyme_1260; MgCl_840; BSA_180; Lysozyme_1290; Lysine_1080; LL37_1260; Lysozyme_90; BSA_1020; Pep28_1080; MgCl_1140; BSA_660; BSA_240; Lysine_210; Lysozyme_1050; MgCl_450; Caffeine_1230; LL37_840; CaCl_150; Lysozyme_810; MgCl_90; Caffeine_720; Pep28_690; Pep28_480; Lysine_1230; Lysine_660; MgCl_60; LL37_480; Caffeine_1200; LL37_60; Lysine_750; Caffeine_510; Lysine_1350; Pep28_1290; CaCl_270; CaCl_780; MgCl_120; CaCl_930; MgCl_1170; BSA_900; Lysozyme_1080; CaCl_360; Lysine_1170; BSA_330; MgCl_1050; BSA_390; Lysozyme_1200; MgCl_660; MgCl_1350; CaCl_180; LL37_240; CaCl_1200; Lysine_840; LL37_360; BSA_1230; MgCl_870; MgCl_330; Lysine_420; Lysozyme_270; Lysine_240; CaCl_300; BSA_1320; LL37_450; MgCl_480; Lysine_1260; Pep28_1320; Lysine_360; BSA_1140; CaCl_1020; Lysozyme_870; Pep28_210; MgCl_1020; LL37_150; MgCl_210; CaCl_390,solver=svd,0.9444444444444444,94.44444444444444,0.4857142857142857,48.57142857142857
46,PF.QH_Chip4_Chan2,LDA,119,Lysozyme_60; Lysozyme_750; Pep28_360; BSA_210; CaCl_990; BSA_90; LL37_1020; Caffeine_660; Lysozyme_720; Lysozyme_1170; BSA_30; LL37_390; LL37_1350; Lysine_690; Caffeine_630; CaCl_30; Caffeine_360; Lysozyme_960; CaCl_1140; Lysozyme_1020; Pep28_180; MgCl_270; Caffeine_90; Caffeine_990; Caffeine_570; Caffeine_30; MgCl_420; LL37_300; MgCl_30; MgCl_1110; LL37_540; BSA_930; LL37_750; Pep28_150; Caffeine_1110; BSA_1290; MgCl_300; LL37_180; CaCl_900; LL37_30; Lysozyme_690; CaCl_1350; LL37_990; CaCl_1290; LL37_420; Lysozyme_30; Lysozyme_1350; LL37_1050; MgCl_180; Lysine_30; CaCl_1110; Pep28_30; BSA_420; Lysozyme_120; LL37_330; Caffeine_870; LL37_1140; LL37_1260; Lysozyme_240; Caffeine_390; CaCl_90; LL37_1110; CaCl_240; Lysozyme_1260; CaCl_540; MgCl_630; Lysozyme_480; Caffeine_120; MgCl_840; Lysine_1230; MgCl_450; Lysozyme_1290; MgCl_1140; Pep28_570; Caffeine_1020; Caffeine_690; BSA_660; Caffeine_1230; Lysozyme_1200; Lysozyme_90; Caffeine_510; BSA_240; Lysozyme_1080; Pep28_1080; Caffeine_1200; Lysine_1080; MgCl_90; CaCl_150; Pep28_480; MgCl_60; BSA_900; Pep28_690; Caffeine_720; Lysine_210; MgCl_1050; BSA_1140; Lysozyme_810; LL37_480; CaCl_270; LL37_60; Lysine_660; BSA_330; Lysine_1170; Lysozyme_1050; BSA_1230; CaCl_180; CaCl_930; MgCl_1170; MgCl_120; CaCl_360; CaCl_780; MgCl_660; LL37_840; MgCl_1020; Caffeine_780; Lysine_1350; MgCl_330; MgCl_1350; BSA_180,shrinkage=auto; solver=lsqr,0.9444444444444444,94.44444444444444,0.4857142857142857,48.57142857142857
47,PF.QH_Chip4_Chan3,LDA,121,Lysozyme_60; Lysozyme_750; BSA_210; Pep28_360; CaCl_990; BSA_90; LL37_1020; Caffeine_660; Lysozyme_1170; BSA_30; Lysozyme_720; LL37_1350; CaCl_30; LL37_390; Lysine_690; MgCl_30; LL37_300; CaCl_1140; Caffeine_630; Lysozyme_960; Caffeine_570; Lysozyme_1020; Caffeine_360; MgCl_270; LL37_540; Caffeine_30; Pep28_180; Caffeine_990; MgCl_420; MgCl_1110; Caffeine_90; BSA_930; LL37_750; Lysozyme_690; Pep28_150; MgCl_300; Caffeine_1110; Lysine_30; BSA_1290; CaCl_900; LL37_180; Lysozyme_30; CaCl_1350; LL37_990; Lysozyme_1350; CaCl_1290; LL37_420; LL37_30; Pep28_30; MgCl_180; LL37_1050; CaCl_1110; Lysozyme_120; Lysozyme_1260; Caffeine_870; LL37_330; Caffeine_120; LL37_1260; Lysozyme_240; LL37_1140; Caffeine_390; Caffeine_1020; Lysozyme_480; CaCl_240; CaCl_90; Pep28_570; MgCl_630; CaCl_540; Lysozyme_1290; BSA_420; MgCl_840; LL37_1110; Caffeine_690; MgCl_90; BSA_660; Pep28_1080; BSA_240; MgCl_450; Lysine_1080; CaCl_150; MgCl_1140; MgCl_60; Caffeine_1200; Caffeine_510; Caffeine_1230; MgCl_1170; Lysozyme_1200; BSA_1020; LL37_840; Caffeine_720; Lysozyme_90; Lysine_210; Lysozyme_810; Pep28_690; Lysine_1230; CaCl_780; Lysine_660; Lysozyme_1050; MgCl_120; Lysine_1170; BSA_180; BSA_900; CaCl_270; LL37_480; MgCl_1350; Lysozyme_1080; LL37_60; Lysine_1350; MgCl_1050; Pep28_480; BSA_1230; BSA_390; CaCl_180; CaCl_930; MgCl_660; MgCl_330; BSA_1140; CaCl_1200; MgCl_480; LL37_450; LL37_510,shrinkage=auto; solver=lsqr,1.0,100.0,1.0,100.0
48,PF.QH_Chip4_Chan4,LDA,143,Lysozyme_60; Lysozyme_750; Pep28_360; BSA_210; CaCl_990; LL37_1020; BSA_90; Lysozyme_1170; Caffeine_660; Lysozyme_720; LL37_1350; BSA_30; Lysine_690; LL37_390; LL37_300; Caffeine_630; CaCl_1140; Caffeine_570; Lysozyme_1020; MgCl_270; Caffeine_360; Lysozyme_960; Pep28_180; LL37_540; MgCl_420; Caffeine_990; Caffeine_90; BSA_930; MgCl_1110; MgCl_30; Pep28_150; Lysozyme_690; MgCl_300; Caffeine_30; LL37_750; CaCl_900; CaCl_1350; BSA_1290; LL37_180; Caffeine_1110; Lysine_30; LL37_990; Pep28_30; Lysozyme_1350; LL37_1050; CaCl_1290; LL37_420; MgCl_180; LL37_30; LL37_1260; Lysozyme_30; CaCl_1110; Lysozyme_120; LL37_330; Lysozyme_480; LL37_1140; Caffeine_1020; Caffeine_870; Lysozyme_240; CaCl_30; Pep28_570; Caffeine_390; CaCl_540; Lysozyme_1260; Caffeine_120; BSA_420; MgCl_630; CaCl_240; CaCl_90; Caffeine_690; LL37_1110; Lysozyme_1290; BSA_660; MgCl_1140; Pep28_1080; Lysine_1080; MgCl_450; LL37_840; Caffeine_1200; CaCl_150; BSA_240; Lysozyme_90; MgCl_840; Caffeine_1230; Lysine_1350; Lysozyme_1200; Lysine_1230; Lysozyme_1050; MgCl_60; MgCl_90; Lysozyme_810; Lysine_210; MgCl_1170; Caffeine_510; Pep28_690; CaCl_780; LL37_480; BSA_900; Lysine_1170; Caffeine_720; MgCl_120; BSA_180; Lysine_660; Lysozyme_1080; MgCl_1050; CaCl_180; CaCl_270; BSA_1020; BSA_330; Pep28_480; MgCl_330; CaCl_930; BSA_390; MgCl_660; Lysine_750; MgCl_480; MgCl_1350; BSA_1140; LL37_450; Lysine_240; LL37_240; BSA_1230; Caffeine_780; LL37_60; LL37_510; BSA_690; LL37_360; BSA_540; MgCl_1020; MgCl_870; Pep28_1290; CaCl_1020; Lysine_840; Lysozyme_270; Lysine_420; CaCl_1050; Pep28_1320; CaCl_390; Lysine_1260; CaCl_1200; CaCl_360; Pep28_210; Lysine_390,solver=svd,1.0,100.0,1.0,100.0
49,PF.QL_Chip1_Chan1,LDA,121,Lysozyme_60; Lysozyme_750; Pep28_360; BSA_210; CaCl_990; LL37_1020; BSA_90; Caffeine_660; Lysozyme_1170; BSA_30; Lysozyme_720; LL37_1350; MgCl_30; Lysine_690; LL37_390; Caffeine_630; Lysozyme_1020; CaCl_30; CaCl_1140; MgCl_270; LL37_540; Pep28_180; Lysine_30; LL37_300; Caffeine_570; Caffeine_360; Lysozyme_960; MgCl_1110; Caffeine_990; Lysozyme_690; LL37_750; Pep28_150; Caffeine_30; BSA_930; Caffeine_90; MgCl_300; MgCl_420; Caffeine_1110; CaCl_1350; BSA_1290; Lysozyme_30; CaCl_1290; CaCl_900; LL37_990; Pep28_30; LL37_180; Lysozyme_1350; LL37_30; LL37_420; LL37_1050; LL37_1260; Lysozyme_480; MgCl_180; BSA_420; Lysozyme_120; Pep28_570; LL37_330; Caffeine_1020; CaCl_1110; LL37_1140; Caffeine_870; MgCl_630; CaCl_540; Caffeine_120; CaCl_150; LL37_1110; Lysozyme_1290; Caffeine_390; Lysozyme_240; CaCl_90; Caffeine_1230; Lysozyme_1260; CaCl_240; Caffeine_690; MgCl_450; Lysozyme_1200; BSA_390; CaCl_780; BSA_660; Lysine_210; Lysine_1080; MgCl_1140; BSA_180; CaCl_180; BSA_240; Pep28_1080; Lysozyme_810; LL37_840; Lysozyme_90; Pep28_690; LL37_60; Lysine_1170; MgCl_60; MgCl_1050; Pep28_480; MgCl_1170; MgCl_90; CaCl_1020; BSA_1020; Lysine_1230; Lysozyme_270; LL37_480; CaCl_390; Lysine_1350; CaCl_270; Lysine_1260; Caffeine_510; CaCl_1200; Caffeine_1200; Lysine_660; MgCl_840; MgCl_330; BSA_900; LL37_450; BSA_1230; LL37_510; Lysozyme_1050; BSA_330; MgCl_120; Pep28_1290; MgCl_660,shrinkage=0.1; solver=lsqr,1.0,100.0,1.0,100.0
50,PF.QL_Chip1_Chan2,LDA,123,Lysozyme_60; Lysozyme_750; Pep28_360; BSA_210; CaCl_990; Caffeine_660; BSA_90; BSA_30; LL37_1020; Lysozyme_1170; Lysozyme_720; LL37_1350; MgCl_30; CaCl_30; Lysine_690; Caffeine_630; LL37_390; Caffeine_30; CaCl_1140; Lysozyme_1020; MgCl_270; LL37_540; Lysozyme_960; Pep28_180; BSA_930; MgCl_1110; Caffeine_360; Caffeine_570; LL37_300; LL37_180; MgCl_420; LL37_750; Caffeine_90; Caffeine_990; MgCl_300; CaCl_1350; LL37_30; Caffeine_1110; Lysine_30; Lysozyme_690; Pep28_150; CaCl_1290; Lysozyme_30; LL37_420; CaCl_900; BSA_1290; LL37_990; Lysozyme_1350; LL37_1260; Lysozyme_120; MgCl_180; Caffeine_1230; LL37_1050; Pep28_30; CaCl_1110; CaCl_240; Caffeine_870; Lysozyme_1050; LL37_1140; LL37_330; Caffeine_120; Caffeine_390; CaCl_90; MgCl_630; Pep28_570; Lysozyme_1260; CaCl_150; Lysozyme_1290; Lysozyme_240; Lysozyme_480; CaCl_540; BSA_420; Lysozyme_810; MgCl_450; MgCl_60; LL37_60; BSA_240; MgCl_1140; Lysozyme_1200; LL37_1110; Lysine_210; Lysine_1080; MgCl_1170; MgCl_840; BSA_660; Lysozyme_90; MgCl_120; CaCl_780; Caffeine_510; Caffeine_1020; Pep28_1080; BSA_390; BSA_1020; MgCl_90; CaCl_180; Pep28_690; LL37_480; Caffeine_690; Lysine_660; LL37_840; CaCl_270; Pep28_1320; Lysine_1230; BSA_900; Lysine_1350; MgCl_1050; Caffeine_1200; BSA_1140; MgCl_330; Pep28_480; CaCl_1200; Lysine_1170; LL37_450; Lysozyme_510; MgCl_1350; LL37_150; CaCl_360; LL37_510; Lysine_840; Lysine_1260; Lysine_240; Caffeine_840; MgCl_870,shrinkage=0.1; solver=lsqr,0.7777777777777778,77.77777777777779,0.4375,43.75
51,PF.QL_Chip1_Chan3,LDA,129,Lysozyme_60; Lysozyme_750; Pep28_360; BSA_210; CaCl_990; LL37_1020; BSA_90; Caffeine_660; Lysozyme_1170; Lysozyme_720; BSA_30; LL37_1350; LL37_390; Lysine_690; CaCl_30; MgCl_30; Caffeine_630; CaCl_1140; Lysozyme_960; Lysozyme_1020; Caffeine_570; LL37_300; LL37_540; MgCl_270; Caffeine_360; Pep28_180; Caffeine_990; Caffeine_90; MgCl_1110; LL37_750; MgCl_420; Caffeine_30; BSA_930; Pep28_150; BSA_1290; Caffeine_1110; Lysozyme_690; LL37_180; CaCl_900; MgCl_300; Lysine_30; CaCl_1350; Lysozyme_30; Lysozyme_1350; LL37_420; LL37_990; LL37_1050; Pep28_30; LL37_30; CaCl_1290; LL37_1260; MgCl_180; Lysozyme_120; LL37_330; CaCl_1110; LL37_1140; Caffeine_870; Lysozyme_480; Lysozyme_240; BSA_420; Caffeine_120; Pep28_570; Caffeine_390; Caffeine_1020; CaCl_90; CaCl_240; MgCl_630; Lysozyme_1290; Lysozyme_1260; CaCl_540; LL37_1110; MgCl_90; MgCl_450; MgCl_1140; MgCl_840; Lysozyme_1200; Pep28_1080; Lysine_1080; Caffeine_690; Caffeine_1200; CaCl_150; MgCl_60; Lysozyme_810; Lysine_210; Caffeine_1230; BSA_660; BSA_240; Lysozyme_1080; MgCl_1170; Lysine_1230; Caffeine_510; LL37_60; Lysozyme_1050; Caffeine_720; Lysozyme_90; Pep28_690; Lysine_1350; LL37_840; BSA_1020; CaCl_270; Lysine_1170; CaCl_780; MgCl_1050; BSA_180; BSA_900; LL37_480; Pep28_480; MgCl_120; MgCl_660; CaCl_180; BSA_330; MgCl_1350; Lysine_660; Lysozyme_270; BSA_390; CaCl_930; MgCl_870; LL37_450; Lysine_1260; BSA_1230; CaCl_390; MgCl_480; CaCl_1200; Lysine_840; MgCl_330; Lysine_750; BSA_1140; MgCl_1020; Pep28_1290,shrinkage=0.1; solver=lsqr,1.0,100.0,1.0,100.0
52,PF.QL_Chip1_Chan4,LDA,115,Lysozyme_60; Lysozyme_750; BSA_210; Pep28_360; CaCl_990; LL37_1020; BSA_90; Lysozyme_1170; Caffeine_660; BSA_30; Lysozyme_720; Lysozyme_960; Lysozyme_1020; LL37_390; LL37_1350; Lysine_690; MgCl_270; Caffeine_630; CaCl_30; CaCl_1140; LL37_300; MgCl_30; Caffeine_570; Caffeine_990; Caffeine_90; Pep28_180; Caffeine_360; Lysine_30; LL37_750; BSA_930; MgCl_1110; LL37_540; Pep28_150; MgCl_420; BSA_1290; CaCl_900; MgCl_300; Pep28_30; Caffeine_1110; Lysozyme_690; CaCl_1350; LL37_180; CaCl_1290; Caffeine_30; Lysozyme_1050; LL37_990; Lysozyme_1350; LL37_1050; Lysozyme_30; LL37_420; Caffeine_1020; Lysozyme_1290; LL37_1140; LL37_1260; Caffeine_870; LL37_330; LL37_30; Caffeine_690; Caffeine_120; MgCl_180; Lysozyme_120; CaCl_1110; CaCl_540; CaCl_90; Lysozyme_240; MgCl_630; CaCl_150; Caffeine_390; CaCl_240; Lysozyme_1260; Pep28_570; Caffeine_720; BSA_420; Lysozyme_90; Caffeine_1200; Lysozyme_1200; BSA_660; MgCl_90; MgCl_840; MgCl_1140; Lysine_1080; Lysine_210; Lysozyme_480; Pep28_1080; LL37_1110; BSA_240; BSA_180; MgCl_1170; Lysozyme_1080; MgCl_450; Pep28_480; Lysine_1350; LL37_480; CaCl_270; Caffeine_510; Lysine_1230; LL37_840; MgCl_60; Pep28_690; BSA_900; MgCl_1050; CaCl_390; BSA_1020; Lysozyme_510; MgCl_120; Caffeine_1230; Lysozyme_810; Lysine_1170; CaCl_180; Lysine_660; BSA_390; MgCl_1350; Lysine_750; Lysine_240; Caffeine_780,shrinkage=auto; solver=lsqr,0.8333333333333334,83.33333333333334,0.4545454545454545,45.454545454545446
53,PF.QL_Chip3_Chan1,LDA,133,Lysozyme_60; Lysozyme_750; BSA_210; Pep28_360; CaCl_990; BSA_90; LL37_1020; Lysozyme_1170; Caffeine_660; BSA_30; Lysozyme_720; LL37_1350; CaCl_30; LL37_390; CaCl_1140; Lysine_690; MgCl_30; Caffeine_570; Lysozyme_1020; LL37_300; Lysozyme_960; Caffeine_630; Pep28_180; MgCl_270; Caffeine_90; LL37_540; Caffeine_30; Caffeine_360; Caffeine_990; MgCl_1110; BSA_930; LL37_750; MgCl_420; CaCl_900; Pep28_150; Lysozyme_690; MgCl_300; BSA_1290; Caffeine_1110; Lysine_30; CaCl_1350; LL37_180; Lysozyme_1350; Lysozyme_30; Pep28_30; LL37_1050; LL37_420; LL37_990; CaCl_1290; LL37_1260; LL37_30; MgCl_180; Lysozyme_120; LL37_330; LL37_1140; Caffeine_870; CaCl_240; CaCl_1110; Lysozyme_480; Caffeine_1020; Lysozyme_240; Caffeine_120; Caffeine_390; CaCl_90; LL37_1110; Pep28_570; CaCl_540; MgCl_630; BSA_420; Caffeine_690; Lysozyme_1260; MgCl_90; Lysozyme_1290; MgCl_450; BSA_240; MgCl_60; MgCl_840; Caffeine_1230; Pep28_1080; Caffeine_1200; Lysine_1080; MgCl_1140; CaCl_150; Lysozyme_1200; BSA_660; Lysine_1230; Pep28_690; Lysozyme_1050; Lysozyme_810; Caffeine_510; Lysozyme_90; CaCl_780; MgCl_1170; Caffeine_720; Lysine_1350; Lysine_660; Lysine_210; LL37_840; CaCl_180; BSA_1020; Lysozyme_1080; Lysine_1170; CaCl_270; Pep28_480; MgCl_1050; MgCl_120; BSA_900; BSA_180; MgCl_330; LL37_60; CaCl_930; MgCl_660; BSA_390; MgCl_1350; BSA_330; LL37_480; LL37_240; LL37_450; CaCl_360; LL37_510; LL37_360; MgCl_480; BSA_1230; Lysozyme_270; MgCl_870; BSA_540; MgCl_1020; BSA_1140; Lysine_750; Pep28_1320; Lysine_840; Lysine_240; CaCl_1200,shrinkage=auto; solver=lsqr,1.0,100.0,1.0,100.0
54,PF.QL_Chip3_Chan2,LDA,136,Lysozyme_60; Lysozyme_750; Pep28_360; BSA_210; CaCl_990; LL37_1020; BSA_90; Lysozyme_1170; Caffeine_660; BSA_30; Lysozyme_720; LL37_1350; LL37_390; CaCl_30; Caffeine_630; Lysine_690; CaCl_1140; MgCl_30; Lysozyme_960; MgCl_270; Lysozyme_1020; Caffeine_570; LL37_540; Caffeine_360; LL37_300; Pep28_180; Caffeine_990; Caffeine_30; MgCl_1110; MgCl_420; Caffeine_90; LL37_750; Caffeine_1110; BSA_930; BSA_1290; Lysozyme_690; Pep28_150; LL37_180; CaCl_900; Lysozyme_30; CaCl_1350; MgCl_300; LL37_420; Lysozyme_1350; Pep28_30; Lysine_30; LL37_990; LL37_1050; CaCl_1290; LL37_30; LL37_1260; MgCl_180; Caffeine_1020; Lysozyme_120; Caffeine_120; CaCl_1110; LL37_1140; LL37_330; Lysozyme_480; Lysozyme_240; CaCl_240; Caffeine_870; CaCl_540; Pep28_570; CaCl_90; MgCl_630; MgCl_450; LL37_1110; Caffeine_690; Lysozyme_1290; BSA_660; BSA_420; Lysozyme_1260; MgCl_1140; LL37_60; Caffeine_510; BSA_240; Caffeine_390; Pep28_1080; MgCl_90; Lysozyme_1050; Lysozyme_1200; CaCl_150; MgCl_840; MgCl_1170; Lysine_1230; Lysozyme_90; Lysozyme_810; MgCl_60; BSA_900; Lysine_1170; Pep28_690; CaCl_780; Caffeine_1200; Lysine_210; CaCl_180; LL37_840; Caffeine_720; Caffeine_1230; Lysozyme_1080; BSA_1020; BSA_180; Lysine_1350; CaCl_270; MgCl_120; MgCl_1050; Lysine_1080; Lysine_750; BSA_330; MgCl_660; MgCl_1350; BSA_390; LL37_480; Pep28_480; CaCl_930; LL37_510; LL37_450; Lysine_660; Lysozyme_270; MgCl_1020; MgCl_330; CaCl_1200; BSA_1140; Lysine_420; Pep28_1290; LL37_360; Lysine_840; BSA_1230; Lysine_240; MgCl_870; CaCl_1020; CaCl_300; MgCl_480; LL37_240; Pep28_1320; CaCl_360,solver=svd,1.0,100.0,1.0,100.0
55,PF.QL_Chip3_Chan3,LDA,141,Lysozyme_60; Lysozyme_750; Pep28_360; BSA_210; CaCl_990; BSA_90; LL37_1020; Caffeine_660; Lysozyme_1170; Lysozyme_720; BSA_30; LL37_1350; CaCl_30; LL37_390; Lysine_690; Caffeine_630; LL37_300; CaCl_1140; Lysozyme_960; Lysozyme_1020; MgCl_270; MgCl_30; LL37_540; Caffeine_570; Caffeine_360; Caffeine_90; Pep28_180; Caffeine_990; BSA_930; MgCl_420; MgCl_1110; Caffeine_30; LL37_750; Lysozyme_690; MgCl_300; Pep28_150; LL37_180; Caffeine_1110; CaCl_1350; Lysine_30; CaCl_900; BSA_1290; Lysozyme_30; Lysozyme_1350; LL37_420; LL37_1050; CaCl_1290; LL37_990; MgCl_180; LL37_30; LL37_1260; Pep28_30; Lysozyme_120; CaCl_1110; LL37_330; Caffeine_390; LL37_1140; Lysozyme_480; Caffeine_870; Lysozyme_240; Pep28_570; Caffeine_1020; LL37_1110; Caffeine_120; CaCl_90; MgCl_630; BSA_420; Lysozyme_1260; CaCl_540; Lysozyme_1290; Caffeine_690; CaCl_240; MgCl_840; MgCl_450; MgCl_90; MgCl_1140; Pep28_1080; BSA_240; BSA_660; Lysine_210; CaCl_150; Lysozyme_90; Lysozyme_1200; Caffeine_1200; Lysine_1080; Caffeine_510; Lysine_1230; MgCl_60; Caffeine_1230; Lysozyme_810; BSA_1020; MgCl_1170; Caffeine_720; Lysozyme_1050; Lysine_1350; LL37_840; Pep28_690; Lysozyme_1080; Lysine_660; CaCl_780; MgCl_120; BSA_900; Lysine_1170; BSA_180; LL37_480; LL37_60; MgCl_1050; CaCl_180; BSA_390; CaCl_270; LL37_450; MgCl_330; MgCl_1350; Pep28_480; CaCl_930; BSA_330; BSA_1230; MgCl_660; BSA_690; LL37_510; MgCl_480; BSA_540; Pep28_1290; Lysine_750; CaCl_360; Lysine_240; BSA_1140; MgCl_1020; CaCl_1200; Caffeine_780; CaCl_1020; Lysine_420; Lysine_840; LL37_240; MgCl_870; LL37_360; Lysozyme_270; Pep28_1320; Caffeine_150; CaCl_390; Lysine_1260,solver=svd,1.0,100.0,1.0,100.0
56,PF.QL_Chip3_Chan4,LDA,139,Lysozyme_60; Lysozyme_750; Pep28_360; BSA_210; CaCl_990; BSA_90; LL37_1020; Caffeine_660; Lysozyme_1170; BSA_30; Lysozyme_720; LL37_1350; LL37_390; Caffeine_630; Lysine_690; CaCl_30; MgCl_30; MgCl_270; Lysozyme_960; Caffeine_570; CaCl_1140; Lysozyme_1020; Caffeine_360; LL37_540; Pep28_180; LL37_300; Caffeine_90; Caffeine_30; MgCl_420; MgCl_1110; BSA_930; LL37_750; Caffeine_990; Lysozyme_690; Pep28_150; MgCl_300; LL37_180; BSA_1290; Lysine_30; Caffeine_1110; CaCl_1350; CaCl_900; LL37_420; LL37_1050; Lysozyme_1350; Lysozyme_30; LL37_990; CaCl_1290; MgCl_180; LL37_1260; Pep28_30; CaCl_1110; Lysozyme_120; Caffeine_870; LL37_1140; CaCl_90; Lysozyme_240; Caffeine_120; LL37_330; Caffeine_1020; Lysozyme_480; LL37_30; Caffeine_390; CaCl_240; BSA_420; Pep28_570; Lysozyme_1260; LL37_1110; MgCl_630; CaCl_540; Lysozyme_1290; Caffeine_690; Lysine_1080; BSA_660; MgCl_1140; CaCl_150; MgCl_450; MgCl_840; Pep28_1080; LL37_60; Lysozyme_90; Lysine_210; Lysozyme_1200; MgCl_1170; Caffeine_1200; Lysozyme_1050; BSA_240; Caffeine_1230; Lysine_1230; Pep28_690; Caffeine_510; BSA_1020; Lysozyme_1080; MgCl_90; Lysine_1350; Lysozyme_810; Caffeine_720; Lysine_1170; BSA_900; CaCl_780; BSA_180; MgCl_60; LL37_480; Lysine_660; MgCl_120; CaCl_270; LL37_840; MgCl_1050; MgCl_660; CaCl_180; MgCl_1350; BSA_330; Pep28_480; CaCl_1200; Lysine_750; BSA_390; Caffeine_780; LL37_510; CaCl_930; BSA_540; MgCl_330; Lysozyme_270; LL37_450; Lysine_840; LL37_240; MgCl_1020; BSA_1140; CaCl_300; CaCl_1020; MgCl_480; Pep28_1290; MgCl_870; Pep28_1320; CaCl_390; Lysine_1260; BSA_1230; CaCl_360; Caffeine_450; Lysine_420,solver=svd,1.0,100.0,1.0,100.0
57,PF.QL_Chip4_Chan1,LDA,117,Lysozyme_60; Lysozyme_750; Pep28_360; BSA_210; CaCl_990; BSA_90; LL37_1020; Caffeine_660; Lysozyme_720; Lysozyme_1170; BSA_30; CaCl_30; LL37_1350; Lysozyme_960; Caffeine_630; Lysozyme_1020; Lysine_690; LL37_300; LL37_390; MgCl_270; CaCl_1140; Caffeine_570; LL37_540; MgCl_1110; Pep28_180; Caffeine_90; Caffeine_360; Caffeine_990; BSA_930; Lysozyme_30; MgCl_420; MgCl_300; LL37_180; LL37_750; Lysozyme_690; Caffeine_30; BSA_1290; Lysine_30; MgCl_30; Pep28_30; CaCl_900; Pep28_150; LL37_420; Caffeine_1110; CaCl_1350; CaCl_1110; LL37_30; CaCl_1290; LL37_1050; MgCl_180; Lysozyme_1350; Lysozyme_120; LL37_990; LL37_1260; Pep28_570; Caffeine_1020; LL37_330; Caffeine_390; Lysozyme_480; LL37_1140; Lysozyme_1290; Caffeine_870; Lysozyme_90; Lysozyme_240; CaCl_90; Lysozyme_1200; Lysozyme_1260; Caffeine_120; Caffeine_690; MgCl_630; CaCl_240; BSA_420; LL37_1110; CaCl_540; Caffeine_1200; MgCl_90; Lysine_1080; MgCl_1140; Pep28_1080; BSA_660; MgCl_840; CaCl_150; MgCl_1170; BSA_240; MgCl_60; Pep28_690; MgCl_450; LL37_840; Caffeine_720; Lysozyme_810; Lysine_1350; Lysine_1230; Lysine_210; Lysine_660; CaCl_300; Caffeine_510; Lysozyme_1080; LL37_480; Caffeine_1230; BSA_900; Lysozyme_1050; LL37_60; MgCl_120; BSA_180; CaCl_270; BSA_390; CaCl_180; MgCl_1050; MgCl_1350; BSA_1020; CaCl_930; Lysine_840; Lysine_1170; MgCl_660; BSA_330; LL37_240; Pep28_480,shrinkage=auto; solver=lsqr,0.9444444444444444,94.44444444444444,0.4857142857142857,48.57142857142857
58,PF.QL_Chip4_Chan2,LDA,119,Lysozyme_60; Lysozyme_750; BSA_210; Pep28_360; CaCl_990; BSA_90; LL37_1020; Caffeine_660; BSA_30; Lysozyme_1170; Lysozyme_720; LL37_1350; LL37_390; CaCl_30; Caffeine_630; Lysine_690; Lysozyme_960; CaCl_1140; Lysozyme_1020; MgCl_270; Caffeine_570; MgCl_420; LL37_300; Pep28_180; Caffeine_360; LL37_540; Caffeine_990; MgCl_30; Caffeine_30; Caffeine_90; BSA_930; MgCl_1110; LL37_750; Lysozyme_690; Pep28_150; Lysozyme_30; Caffeine_1110; MgCl_300; CaCl_900; BSA_1290; CaCl_1350; Lysine_30; LL37_180; LL37_1050; Pep28_30; LL37_990; Lysozyme_1350; LL37_420; CaCl_1290; LL37_1260; LL37_30; MgCl_180; CaCl_1110; LL37_1140; LL37_330; Caffeine_870; Lysozyme_120; Caffeine_390; Lysozyme_240; Caffeine_120; Lysozyme_480; Pep28_570; Caffeine_1020; BSA_420; CaCl_540; CaCl_90; MgCl_630; CaCl_240; LL37_1110; Caffeine_690; MgCl_450; BSA_660; Lysozyme_1290; Caffeine_1200; Lysozyme_90; Pep28_1080; MgCl_840; CaCl_150; BSA_240; Lysine_1230; MgCl_90; Lysine_210; Lysozyme_1200; MgCl_1140; Lysozyme_1260; Lysine_1080; BSA_1020; Lysozyme_1050; Caffeine_510; Caffeine_1230; MgCl_60; Lysozyme_810; MgCl_120; Caffeine_720; Pep28_690; MgCl_1170; Lysozyme_1080; CaCl_780; Lysine_1170; MgCl_1050; LL37_60; Lysine_1350; BSA_180; Pep28_480; BSA_390; LL37_840; CaCl_180; BSA_900; LL37_480; CaCl_270; Lysine_840; Lysine_660; MgCl_1350; CaCl_930; BSA_330; MgCl_660; MgCl_330; MgCl_870; LL37_450,shrinkage=auto; solver=lsqr,1.0,100.0,1.0,100.0
59,PF.QL_Chip4_Chan3,LDA,133,Lysozyme_60; Lysozyme_750; BSA_210; Pep28_360; CaCl_990; BSA_90; LL37_1020; Lysozyme_1170; Caffeine_660; Lysozyme_720; LL37_1350; MgCl_270; CaCl_30; MgCl_420; LL37_390; Lysine_690; BSA_30; CaCl_1140; Lysozyme_960; Lysozyme_1020; LL37_300; Caffeine_630; Caffeine_570; Pep28_180; Caffeine_990; Caffeine_90; Caffeine_360; LL37_540; BSA_930; MgCl_1110; LL37_750; Caffeine_30; Lysozyme_690; CaCl_900; MgCl_300; LL37_180; Caffeine_1110; BSA_1290; CaCl_1350; Pep28_150; LL37_990; LL37_30; Lysozyme_30; LL37_1050; Lysozyme_1350; CaCl_1290; LL37_1260; Lysine_30; LL37_420; CaCl_1110; MgCl_180; Lysozyme_480; MgCl_30; LL37_330; LL37_1140; Pep28_30; Caffeine_120; Lysozyme_120; CaCl_540; Caffeine_1020; Caffeine_870; CaCl_90; CaCl_240; Lysozyme_240; BSA_420; Lysozyme_1260; Caffeine_1230; Caffeine_690; Lysozyme_1290; MgCl_630; Pep28_570; MgCl_1140; MgCl_840; Lysine_210; Lysozyme_1200; Caffeine_390; Lysozyme_90; LL37_1110; Pep28_1080; BSA_660; CaCl_150; Lysozyme_1050; Lysine_1080; MgCl_60; MgCl_90; BSA_240; Lysine_1230; Lysozyme_810; Pep28_690; MgCl_1170; LL37_60; Lysozyme_1080; Caffeine_1200; MgCl_120; BSA_180; LL37_840; Caffeine_720; MgCl_1050; Pep28_480; LL37_480; CaCl_270; Lysine_1170; Caffeine_510; Lysine_660; BSA_330; MgCl_660; BSA_900; CaCl_780; Lysine_750; BSA_390; Lysine_1260; Lysine_840; MgCl_330; Pep28_240; Lysine_420; MgCl_450; Caffeine_780; Lysine_1350; LL37_360; BSA_1020; CaCl_930; CaCl_390; CaCl_1020; Lysozyme_630; Pep28_210; LL37_450; MgCl_1350; BSA_540; Lysozyme_660; MgCl_870; CaCl_1200; Caffeine_150; MgCl_1020,solver=svd,1.0,100.0,1.0,100.0
60,PF.QL_Chip4_Chan4,LDA,142,Lysozyme_60; Lysozyme_750; Pep28_360; BSA_210; CaCl_990; LL37_1020; BSA_90; Lysozyme_1170; Caffeine_660; Lysozyme_720; LL37_1350; BSA_30; CaCl_30; Lysine_690; MgCl_30; CaCl_1140; LL37_390; LL37_300; Lysozyme_1020; Lysozyme_960; Caffeine_630; Caffeine_570; Caffeine_30; MgCl_270; Caffeine_990; LL37_540; MgCl_1110; Caffeine_360; Pep28_180; Caffeine_90; LL37_750; MgCl_420; BSA_930; Caffeine_1110; Lysozyme_690; LL37_180; MgCl_300; BSA_1290; LL37_990; Lysozyme_30; CaCl_900; Pep28_150; CaCl_1350; Lysine_30; LL37_30; Lysozyme_1350; Pep28_30; LL37_1050; CaCl_1290; LL37_420; LL37_1260; MgCl_180; CaCl_1110; Lysozyme_120; LL37_330; Caffeine_120; Caffeine_870; MgCl_450; CaCl_90; LL37_1140; Lysozyme_240; Lysozyme_480; Caffeine_1020; CaCl_240; CaCl_540; Caffeine_390; BSA_420; Pep28_570; Lysozyme_1260; MgCl_630; LL37_1110; Lysozyme_1290; MgCl_90; Caffeine_690; Caffeine_1230; Lysine_210; MgCl_1140; Caffeine_1200; BSA_240; MgCl_840; Pep28_1080; CaCl_150; Lysine_1080; BSA_660; MgCl_60; Lysine_1230; LL37_60; Lysozyme_810; MgCl_1170; Lysine_1350; Caffeine_510; Lysozyme_1050; Caffeine_720; LL37_480; BSA_1020; CaCl_270; Lysozyme_90; BSA_180; Lysozyme_1200; BSA_330; LL37_840; Pep28_690; BSA_900; Lysozyme_1080; MgCl_1050; Lysine_660; Lysine_1170; CaCl_180; MgCl_330; CaCl_780; MgCl_120; MgCl_1350; BSA_390; BSA_690; Pep28_480; CaCl_930; MgCl_660; BSA_1230; LL37_240; Lysine_750; CaCl_1020; BSA_1140; Pep28_1290; CaCl_360; LL37_360; LL37_450; MgCl_480; Lysozyme_270; Caffeine_780; MgCl_870; CaCl_300; CaCl_1200; BSA_540; Lysine_420; Lysozyme_660; Pep28_1320; Lysine_240; Lysine_840; LL37_510; BSA_1320; MgCl_1020; Lysine_1260,solver=svd,0.9444444444444444,94.44444444444444,0.4857142857142857,48.57142857142857
61,PF.QM_Chip1_Chan1,LDA,150,Lysozyme_60; Lysozyme_750; Pep28_360; BSA_210; CaCl_990; LL37_1020; BSA_90; Caffeine_660; Lysozyme_1170; Lysozyme_720; BSA_30; LL37_1350; LL37_390; Lysozyme_960; CaCl_1140; CaCl_30; Lysine_690; Caffeine_570; Lysozyme_1020; MgCl_30; Caffeine_90; Caffeine_990; MgCl_270; Pep28_180; MgCl_420; Caffeine_630; Caffeine_360; LL37_300; Caffeine_30; LL37_540; LL37_750; MgCl_1110; Caffeine_1110; MgCl_300; BSA_930; Lysozyme_30; Lysine_30; Lysozyme_690; LL37_180; CaCl_900; BSA_1290; Lysozyme_1350; Pep28_150; LL37_1140; MgCl_180; LL37_420; CaCl_1350; CaCl_1290; LL37_990; LL37_1260; LL37_1050; Pep28_30; LL37_30; LL37_330; Caffeine_120; CaCl_1110; CaCl_90; Caffeine_870; Lysozyme_240; BSA_420; Caffeine_390; Caffeine_1020; Pep28_570; Lysozyme_120; MgCl_630; Lysozyme_480; LL37_1110; Lysozyme_1290; CaCl_240; Lysozyme_1260; CaCl_540; Caffeine_690; MgCl_90; MgCl_450; MgCl_1140; Lysozyme_1200; Caffeine_1200; Lysine_1230; Pep28_1080; CaCl_150; BSA_240; Pep28_690; Lysine_1080; BSA_660; MgCl_840; LL37_840; Lysozyme_90; Lysine_1170; MgCl_60; Lysozyme_1080; CaCl_780; Lysine_210; Caffeine_1230; Lysine_1350; Lysozyme_1050; BSA_1020; MgCl_1170; BSA_900; Caffeine_720; MgCl_1050; BSA_390; CaCl_1020; Pep28_480; CaCl_270; BSA_180; Caffeine_510; LL37_480; CaCl_930; Lysine_660; CaCl_360; BSA_330; MgCl_120; LL37_450; CaCl_180; MgCl_660; LL37_60; Lysozyme_810; BSA_1230; BSA_1140; MgCl_1350; MgCl_330; BSA_690; Lysine_750; CaCl_300; MgCl_870; CaCl_1200; Lysozyme_270; LL37_510; Caffeine_780; MgCl_480; MgCl_1020; CaCl_1050; LL37_240; LL37_150; Pep28_1290; Lysozyme_630; Lysine_840; Caffeine_450; Pep28_1320; BSA_540; Lysozyme_660; Pep28_210; MgCl_210; Lysozyme_840; Lysozyme_870; Pep28_240; CaCl_600; BSA_1320; LL37_210; Caffeine_150,solver=svd,0.9444444444444444,94.44444444444444,0.4857142857142857,48.57142857142857
62,PF.QM_Chip1_Chan2,LDA,138,Lysozyme_60; Lysozyme_750; Pep28_360; BSA_210; CaCl_990; LL37_1020; BSA_90; Lysozyme_1170; BSA_30; Caffeine_660; Lysozyme_720; LL37_1350; CaCl_30; LL37_390; Lysozyme_1020; MgCl_30; Lysine_690; MgCl_270; CaCl_1140; Caffeine_630; LL37_300; Caffeine_570; Caffeine_360; Caffeine_30; Caffeine_990; LL37_750; Lysozyme_960; LL37_540; Pep28_180; BSA_930; MgCl_1110; Caffeine_90; Pep28_150; MgCl_420; Lysozyme_690; LL37_180; CaCl_900; MgCl_300; BSA_1290; LL37_420; Pep28_30; Caffeine_1110; CaCl_1290; LL37_1260; LL37_1050; LL37_990; CaCl_1350; Lysozyme_30; Lysozyme_1350; Lysozyme_120; Lysine_30; MgCl_180; LL37_1140; Lysozyme_240; CaCl_1110; Caffeine_120; LL37_30; Caffeine_390; LL37_330; Lysozyme_480; Caffeine_870; Pep28_570; Caffeine_1020; Lysozyme_1260; CaCl_540; Caffeine_1200; Caffeine_690; MgCl_630; LL37_1110; CaCl_90; Lysozyme_1290; BSA_420; BSA_240; Lysozyme_810; MgCl_450; Caffeine_1230; Pep28_1080; Lysine_1170; Pep28_690; Lysozyme_1200; MgCl_90; MgCl_1140; MgCl_840; Lysine_1080; BSA_660; MgCl_60; CaCl_270; Lysozyme_90; CaCl_240; Caffeine_720; MgCl_1170; CaCl_180; BSA_1020; Lysine_1350; Lysozyme_1080; BSA_180; CaCl_780; Lysozyme_1050; CaCl_150; Lysine_210; MgCl_120; LL37_60; BSA_390; BSA_900; MgCl_1050; Lysine_660; CaCl_930; LL37_840; LL37_480; Pep28_480; Lysine_1230; LL37_450; Caffeine_510; MgCl_660; Lysine_240; Lysine_750; BSA_330; Lysozyme_510; LL37_240; BSA_1230; MgCl_870; MgCl_1350; Caffeine_780; MgCl_330; BSA_1140; CaCl_390; Pep28_210; Lysine_420; Lysine_840; CaCl_360; Pep28_1290; BSA_690; BSA_540; MgCl_480; MgCl_1020; Caffeine_150; LL37_510; Lysine_1260,shrinkage=auto; solver=lsqr,1.0,100.0,1.0,100.0
63,PF.QM_Chip1_Chan3,LDA,138,Lysozyme_60; Lysozyme_750; BSA_210; CaCl_990; Pep28_360; Caffeine_660; BSA_90; BSA_30; LL37_1020; Lysozyme_1170; Lysozyme_720; Lysozyme_960; LL37_1350; MgCl_270; LL37_390; CaCl_30; Lysine_690; CaCl_1140; Caffeine_630; Caffeine_360; Caffeine_90; MgCl_30; Pep28_180; LL37_300; BSA_930; LL37_540; Lysozyme_1020; MgCl_1110; Caffeine_30; Caffeine_990; MgCl_420; Lysine_30; Caffeine_570; LL37_750; CaCl_900; Pep28_150; MgCl_300; BSA_1290; Lysozyme_30; LL37_30; CaCl_1350; Lysozyme_690; LL37_420; LL37_180; Caffeine_1110; Lysozyme_120; MgCl_180; CaCl_1110; LL37_1050; LL37_330; Lysozyme_1350; LL37_1260; LL37_1140; CaCl_1290; LL37_990; Lysozyme_1290; Caffeine_870; Caffeine_120; Caffeine_1020; Pep28_30; Lysozyme_1260; Lysozyme_480; Caffeine_390; LL37_1110; CaCl_240; CaCl_540; Pep28_570; CaCl_90; CaCl_780; MgCl_630; Caffeine_1230; MgCl_90; CaCl_150; Lysozyme_1200; Lysine_240; MgCl_1140; BSA_240; Lysozyme_240; MgCl_840; MgCl_450; Lysozyme_90; BSA_660; BSA_420; Caffeine_720; Lysine_210; Lysine_1080; Lysine_1170; Pep28_690; LL37_480; Lysine_1350; Lysine_1230; LL37_450; Caffeine_690; Pep28_1080; MgCl_60; Caffeine_510; BSA_330; MgCl_1170; BSA_1020; Caffeine_1200; LL37_60; Lysozyme_1080; Lysine_1260; Lysine_660; CaCl_1200; MgCl_1050; Pep28_240; CaCl_300; MgCl_1350; BSA_900; MgCl_480; BSA_180; Pep28_480; LL37_840; Lysine_390; CaCl_270; CaCl_360; Caffeine_780; MgCl_330; BSA_390; CaCl_180; Pep28_1320; CaCl_1050; BSA_690; LL37_510; CaCl_390; MgCl_660; Pep28_1290; Lysine_420; MgCl_870; BSA_1140; MgCl_120; BSA_540; LL37_360; Lysine_750; BSA_1320; Lysine_840; BSA_1230,solver=svd,0.7777777777777778,77.77777777777779,0.4375,43.75
64,PF.QM_Chip1_Chan4,LDA,140,Lysozyme_60; Lysozyme_750; BSA_210; Pep28_360; CaCl_990; LL37_1020; BSA_90; Lysozyme_1170; Lysozyme_720; Caffeine_660; BSA_30; LL37_1350; MgCl_30; LL37_390; Lysine_690; Caffeine_30; CaCl_30; Pep28_180; Caffeine_630; Lysozyme_960; Caffeine_570; CaCl_1140; Caffeine_90; Caffeine_360; MgCl_270; LL37_300; Lysozyme_1020; Caffeine_990; MgCl_420; LL37_540; MgCl_1110; BSA_930; LL37_750; CaCl_1350; Lysozyme_690; Lysozyme_30; MgCl_300; Caffeine_1110; BSA_1290; Pep28_30; LL37_180; LL37_30; Pep28_150; LL37_1050; CaCl_900; LL37_420; LL37_990; LL37_1260; Lysine_30; CaCl_1290; Lysozyme_1350; MgCl_180; CaCl_1110; CaCl_90; LL37_330; Lysozyme_120; BSA_420; Caffeine_1020; Pep28_570; Caffeine_390; Caffeine_120; Caffeine_870; Lysozyme_1290; Lysozyme_240; MgCl_630; CaCl_240; Lysozyme_480; LL37_1110; LL37_1140; Lysozyme_1260; Caffeine_690; CaCl_540; CaCl_150; BSA_240; MgCl_450; MgCl_1140; MgCl_840; MgCl_90; Pep28_1080; Caffeine_1200; Lysozyme_1050; CaCl_780; Lysozyme_810; Lysozyme_1200; BSA_660; Lysine_1080; BSA_180; Caffeine_510; Caffeine_1230; Pep28_690; MgCl_1170; Lysozyme_90; Lysine_1230; LL37_840; Lysine_210; BSA_1020; MgCl_660; Lysine_1350; Pep28_480; Lysozyme_1080; BSA_900; BSA_330; MgCl_60; LL37_480; MgCl_1050; BSA_390; MgCl_120; Lysine_240; Lysine_660; LL37_60; CaCl_390; MgCl_330; Lysine_1170; LL37_240; Lysine_420; Lysozyme_270; Caffeine_720; CaCl_270; MgCl_1350; Caffeine_780; CaCl_180; MgCl_480; Pep28_1320; BSA_1140; BSA_690; CaCl_1200; MgCl_1020; CaCl_300; CaCl_930; Lysine_840; CaCl_360; LL37_870; LL37_450; LL37_510; BSA_540; CaCl_1050; MgCl_870; BSA_1230; Lysine_1260; CaCl_1020,solver=svd,0.9444444444444444,94.44444444444444,0.4857142857142857,48.57142857142857
65,PF.QM_Chip3_Chan1,LDA,148,Lysozyme_60; Lysozyme_750; Pep28_360; BSA_210; CaCl_990; BSA_90; LL37_1020; Caffeine_660; Lysozyme_1170; Lysozyme_720; BSA_30; LL37_1350; LL37_390; CaCl_30; Lysine_690; MgCl_30; Caffeine_630; Lysozyme_960; LL37_300; Lysozyme_1020; CaCl_1140; Caffeine_570; MgCl_270; Pep28_180; Caffeine_360; MgCl_1110; LL37_540; Caffeine_90; MgCl_420; Caffeine_990; Caffeine_30; LL37_750; BSA_930; Lysozyme_690; Pep28_150; BSA_1290; CaCl_1350; MgCl_300; Lysine_30; LL37_180; Caffeine_1110; CaCl_900; Lysozyme_30; CaCl_1290; LL37_990; LL37_420; Lysozyme_1350; Pep28_30; MgCl_180; LL37_1050; LL37_30; LL37_1260; Lysozyme_120; CaCl_1110; LL37_330; LL37_1140; Caffeine_1020; Lysozyme_480; Pep28_570; Lysozyme_240; Caffeine_870; CaCl_90; BSA_420; MgCl_630; Caffeine_120; LL37_1110; Caffeine_390; Lysozyme_1260; Lysozyme_1290; CaCl_540; CaCl_240; MgCl_450; Caffeine_690; MgCl_90; MgCl_1140; MgCl_840; Pep28_1080; BSA_240; Caffeine_1230; Lysozyme_1200; BSA_660; Lysine_1080; Caffeine_1200; MgCl_60; CaCl_150; Caffeine_510; Lysine_210; Lysine_1230; Lysozyme_810; Lysozyme_90; MgCl_1170; Lysine_1350; Pep28_690; MgCl_120; LL37_840; Caffeine_720; BSA_1020; Lysozyme_1050; CaCl_780; Lysozyme_1080; Pep28_480; BSA_900; Lysine_1170; CaCl_270; Lysine_660; MgCl_1050; LL37_60; BSA_180; CaCl_180; BSA_330; BSA_390; MgCl_660; MgCl_1350; MgCl_330; CaCl_930; LL37_480; LL37_240; Caffeine_780; Lysine_240; BSA_1140; MgCl_480; Lysine_750; LL37_510; LL37_450; LL37_360; Lysine_840; BSA_1230; MgCl_870; BSA_690; Lysine_420; Pep28_1290; CaCl_1200; BSA_540; CaCl_360; MgCl_1020; Pep28_1320; Lysine_1260; CaCl_1020; Lysozyme_270; CaCl_390; Pep28_210; CaCl_300; CaCl_1050; Lysozyme_510; Lysine_390; Caffeine_450; Lysozyme_870; Lysozyme_840,solver=svd,1.0,100.0,1.0,100.0
66,PF.QM_Chip3_Chan2,LDA,137,Lysozyme_60; Lysozyme_750; Pep28_360; BSA_210; CaCl_990; BSA_90; LL37_1020; Lysozyme_1170; BSA_30; Caffeine_660; Lysozyme_720; LL37_1350; LL37_390; MgCl_30; Lysine_690; CaCl_30; CaCl_1140; Caffeine_630; Lysozyme_960; Lysozyme_1020; Pep28_180; MgCl_270; LL37_540; LL37_300; Caffeine_990; Caffeine_360; Caffeine_570; Caffeine_90; MgCl_1110; Caffeine_30; BSA_930; MgCl_420; LL37_750; Lysozyme_690; BSA_1290; LL37_180; Pep28_150; Caffeine_1110; Lysine_30; MgCl_300; CaCl_1350; CaCl_900; Lysozyme_30; Pep28_30; LL37_420; Lysozyme_1350; LL37_990; LL37_1050; CaCl_1290; LL37_30; MgCl_180; LL37_1260; CaCl_1110; LL37_330; Lysozyme_120; CaCl_90; Lysozyme_480; LL37_1140; Caffeine_870; Caffeine_390; Caffeine_120; Pep28_570; Lysozyme_240; Caffeine_1020; CaCl_540; MgCl_630; LL37_1110; BSA_420; Caffeine_690; Lysozyme_1260; CaCl_240; Lysozyme_1290; MgCl_450; MgCl_840; Caffeine_1230; Pep28_1080; Caffeine_1200; MgCl_90; Lysozyme_1200; BSA_660; BSA_240; CaCl_150; MgCl_1140; Lysozyme_90; Caffeine_510; Lysine_1080; Lysine_1230; Lysine_210; MgCl_1170; Pep28_690; MgCl_60; Lysozyme_810; Lysine_660; Lysozyme_1050; Caffeine_720; BSA_1020; CaCl_780; Lysozyme_1080; LL37_480; Lysine_1350; LL37_840; LL37_60; MgCl_120; CaCl_180; Lysine_1170; BSA_900; BSA_180; CaCl_270; BSA_330; Pep28_480; MgCl_1050; BSA_390; CaCl_930; MgCl_1350; MgCl_660; MgCl_330; CaCl_360; Caffeine_780; BSA_1230; MgCl_1020; MgCl_480; LL37_450; Pep28_1290; MgCl_870; Lysine_750; Lysozyme_270; LL37_510; Lysine_420; BSA_540; Lysine_840; Lysine_1260; CaCl_1200; Pep28_1320; BSA_1140; Lysine_240; CaCl_1020; Lysine_390,solver=svd,1.0,100.0,1.0,100.0
67,PF.QM_Chip3_Chan3,LDA,131,Lysozyme_60; Lysozyme_750; Pep28_360; BSA_210; CaCl_990; LL37_1020; BSA_90; Lysozyme_1170; Caffeine_660; BSA_30; Lysozyme_720; LL37_1350; LL37_390; CaCl_30; MgCl_30; Lysine_690; Caffeine_630; CaCl_1140; Caffeine_570; Lysozyme_960; LL37_300; Lysozyme_1020; Caffeine_360; Pep28_180; Caffeine_30; LL37_540; Caffeine_990; MgCl_270; BSA_930; MgCl_420; MgCl_1110; Caffeine_90; LL37_750; Lysozyme_690; Pep28_150; BSA_1290; Caffeine_1110; MgCl_300; LL37_180; CaCl_900; CaCl_1350; Lysine_30; Lysozyme_30; Lysozyme_1350; LL37_420; Pep28_30; LL37_990; CaCl_1290; LL37_1050; LL37_30; MgCl_180; LL37_1260; CaCl_1110; Lysozyme_120; LL37_330; Caffeine_870; Caffeine_390; LL37_1140; Lysozyme_480; Lysozyme_240; Caffeine_120; CaCl_540; Caffeine_1020; CaCl_90; Pep28_570; CaCl_240; MgCl_630; Lysozyme_1260; BSA_420; LL37_1110; Lysozyme_1290; Caffeine_690; MgCl_1140; Pep28_1080; MgCl_840; BSA_240; CaCl_150; MgCl_450; BSA_660; Caffeine_1230; MgCl_90; Lysozyme_1200; MgCl_60; Caffeine_1200; Lysine_210; MgCl_1170; Lysine_1080; Lysozyme_810; Caffeine_510; Lysine_1230; Pep28_690; CaCl_780; Caffeine_720; Lysine_1350; Lysozyme_1080; Lysozyme_90; Lysozyme_1050; BSA_1020; LL37_840; BSA_900; Pep28_480; MgCl_120; MgCl_1050; Lysine_1170; BSA_180; Lysine_660; LL37_60; CaCl_270; CaCl_180; BSA_390; LL37_480; BSA_330; MgCl_330; LL37_450; MgCl_660; MgCl_1350; CaCl_930; LL37_510; BSA_540; MgCl_480; LL37_240; Lysine_750; CaCl_360; BSA_1230; Caffeine_780; MgCl_870; Lysine_840; CaCl_1200; BSA_1140; Lysozyme_270; MgCl_1020,shrinkage=auto; solver=lsqr,1.0,100.0,1.0,100.0
68,PF.QM_Chip3_Chan4,LDA,148,Lysozyme_60; Lysozyme_750; Pep28_360; BSA_210; BSA_90; CaCl_990; LL37_1020; Caffeine_660; BSA_30; Lysozyme_1170; Lysozyme_720; CaCl_30; LL37_1350; LL37_390; CaCl_1140; Caffeine_570; Lysine_690; Caffeine_90; Pep28_180; Lysozyme_1020; MgCl_30; Caffeine_990; Caffeine_360; Lysozyme_960; LL37_300; MgCl_1110; Caffeine_30; LL37_540; MgCl_270; Lysozyme_30; MgCl_420; Caffeine_630; LL37_750; LL37_30; BSA_930; Lysine_30; Lysozyme_690; CaCl_900; LL37_180; CaCl_1350; BSA_1290; Pep28_150; Lysozyme_1350; MgCl_300; LL37_1050; LL37_990; LL37_1260; LL37_330; Lysozyme_120; CaCl_1290; LL37_420; CaCl_90; Caffeine_1200; MgCl_180; Caffeine_870; Pep28_30; CaCl_1110; Caffeine_390; Caffeine_1110; CaCl_540; Lysozyme_480; Lysozyme_240; Pep28_570; MgCl_630; Lysozyme_1260; Caffeine_690; Lysine_210; Pep28_1080; LL37_1140; Caffeine_1020; MgCl_1140; LL37_60; Lysozyme_1290; MgCl_840; Caffeine_1170; LL37_1110; BSA_660; BSA_420; MgCl_450; CaCl_240; BSA_240; Caffeine_120; Lysozyme_1200; MgCl_90; Lysine_1350; Pep28_690; CaCl_150; CaCl_780; BSA_900; Lysine_1230; Lysozyme_1080; CaCl_180; MgCl_60; Caffeine_510; Caffeine_1230; Lysine_1080; BSA_1020; Lysozyme_1050; Lysozyme_90; Lysine_660; Lysine_1170; MgCl_1170; Pep28_480; Lysozyme_810; MgCl_1050; CaCl_270; CaCl_360; BSA_330; MgCl_120; Caffeine_720; CaCl_930; BSA_390; LL37_480; BSA_180; LL37_840; MgCl_480; BSA_540; CaCl_1020; BSA_1230; CaCl_1200; Pep28_1320; Lysozyme_870; Lysozyme_270; Lysine_840; Lysine_750; MgCl_1350; LL37_360; Pep28_1290; LL37_510; Caffeine_1140; MgCl_330; Lysine_240; MgCl_660; BSA_690; MgCl_1020; BSA_1140; CaCl_1050; MgCl_870; Lysine_360; Caffeine_840; Lysine_1260; BSA_300; Lysine_420; LL37_450; Lysozyme_840; CaCl_300; Caffeine_450; Lysine_390,shrinkage=auto; solver=lsqr,0.8333333333333334,83.33333333333334,0.4545454545454545,45.454545454545446
69,PF.QM_Chip4_Chan1,LDA,121,Lysozyme_60; Lysozyme_750; BSA_210; Pep28_360; CaCl_990; Caffeine_660; LL37_1020; Lysozyme_1170; LL37_1350; BSA_90; Lysozyme_720; CaCl_30; LL37_390; Caffeine_30; Caffeine_570; CaCl_1140; Caffeine_360; Lysozyme_960; LL37_300; MgCl_270; LL37_750; MgCl_1110; Lysozyme_1020; Lysine_690; BSA_930; Caffeine_630; Caffeine_990; LL37_540; MgCl_420; MgCl_300; Caffeine_90; Pep28_180; Lysozyme_690; Lysine_30; CaCl_1350; CaCl_900; BSA_1020; Pep28_30; Caffeine_1110; BSA_30; Lysozyme_1350; LL37_180; CaCl_1110; CaCl_1290; Pep28_150; LL37_1260; LL37_420; BSA_1290; Lysozyme_480; Caffeine_1020; MgCl_180; Lysozyme_240; MgCl_30; Lysozyme_120; LL37_990; LL37_30; CaCl_90; Caffeine_390; CaCl_150; LL37_330; LL37_1050; LL37_1140; Caffeine_870; CaCl_240; Caffeine_1230; LL37_1110; BSA_420; BSA_240; MgCl_1140; BSA_660; Lysozyme_1260; MgCl_630; CaCl_540; MgCl_450; Lysine_1350; Caffeine_1200; Pep28_570; Caffeine_120; Lysozyme_1290; BSA_330; Lysozyme_30; MgCl_1170; Caffeine_690; MgCl_90; CaCl_180; Lysine_1080; Lysozyme_1080; MgCl_660; Lysozyme_1050; Lysine_1230; Pep28_1080; Lysozyme_1200; MgCl_1050; Lysine_660; CaCl_780; Lysozyme_90; Caffeine_510; MgCl_1020; LL37_840; LL37_480; CaCl_270; MgCl_60; MgCl_1350; Lysozyme_810; MgCl_840; MgCl_120; Caffeine_720; Lysine_210; MgCl_240; BSA_1140; Pep28_690; MgCl_330; Lysine_750; CaCl_1200; MgCl_480; Lysine_1170; Lysozyme_270; BSA_900; Pep28_1290; BSA_540; LL37_450,shrinkage=auto; solver=lsqr,0.5,50.0,0.3333333333333333,33.33333333333333
70,PF.QM_Chip4_Chan2,LDA,136,Lysozyme_60; Lysozyme_750; Pep28_360; BSA_210; CaCl_990; BSA_90; LL37_1020; Caffeine_660; LL37_1350; BSA_30; Lysozyme_1170; Lysozyme_720; CaCl_30; LL37_390; Lysozyme_960; LL37_300; Lysine_690; CaCl_1140; Caffeine_630; Lysozyme_1020; MgCl_420; Caffeine_360; Pep28_180; Caffeine_570; Caffeine_990; LL37_540; MgCl_30; Caffeine_30; BSA_930; MgCl_1110; MgCl_270; Caffeine_90; LL37_750; BSA_1290; MgCl_300; Lysozyme_690; Pep28_150; Caffeine_1110; LL37_180; CaCl_900; CaCl_1350; Lysozyme_30; Lysine_30; LL37_30; CaCl_1290; LL37_420; Lysozyme_1350; LL37_1260; LL37_1050; Pep28_30; LL37_990; MgCl_180; CaCl_1110; Lysozyme_120; LL37_1140; Lysozyme_480; LL37_330; Caffeine_870; Pep28_570; MgCl_630; Lysozyme_240; CaCl_240; BSA_420; Caffeine_390; Caffeine_1020; Caffeine_120; Lysozyme_1260; CaCl_90; LL37_1110; CaCl_540; Lysozyme_1290; MgCl_1140; MgCl_450; BSA_240; CaCl_150; Pep28_1080; MgCl_1170; Caffeine_690; BSA_660; Lysine_1080; Caffeine_1200; Caffeine_1230; MgCl_90; Lysozyme_90; BSA_900; MgCl_60; Lysozyme_1050; Pep28_690; MgCl_840; Lysozyme_1200; LL37_60; Lysozyme_1080; Lysozyme_810; Lysine_210; CaCl_780; Caffeine_510; Lysine_1230; BSA_180; CaCl_270; Lysine_1350; CaCl_180; BSA_1020; Lysine_660; LL37_840; Caffeine_720; BSA_690; Lysine_1170; MgCl_120; LL37_480; BSA_390; MgCl_1350; MgCl_660; MgCl_330; MgCl_1050; Pep28_480; BSA_330; CaCl_930; LL37_450; Pep28_1290; LL37_510; Lysine_240; BSA_1140; CaCl_360; MgCl_1020; Lysine_840; Lysine_750; MgCl_480; Pep28_210; Pep28_1320; CaCl_1020; Lysozyme_270; MgCl_210; Lysine_1260; BSA_540; MgCl_870; Lysine_420,shrinkage=0.1; solver=lsqr,0.9444444444444444,94.44444444444444,0.4857142857142857,48.57142857142857
71,PF.QM_Chip4_Chan3,LDA,118,Lysozyme_60; Lysozyme_750; Pep28_360; BSA_210; CaCl_990; LL37_1020; BSA_90; Caffeine_660; Lysozyme_1170; CaCl_30; Lysozyme_720; LL37_1350; BSA_30; LL37_390; Lysine_690; Caffeine_570; Lysozyme_960; Caffeine_360; CaCl_1140; Caffeine_630; Caffeine_990; Lysozyme_1020; MgCl_30; Pep28_180; Caffeine_30; MgCl_270; LL37_540; BSA_930; LL37_300; Caffeine_90; MgCl_420; LL37_750; MgCl_1110; LL37_180; Lysozyme_690; BSA_1290; MgCl_300; Pep28_150; Caffeine_1110; LL37_990; CaCl_1350; LL37_30; Lysine_30; MgCl_180; Lysozyme_1350; CaCl_900; LL37_420; Pep28_30; LL37_1260; LL37_1050; CaCl_1290; Lysozyme_30; LL37_330; Lysozyme_480; Lysozyme_120; CaCl_1110; Caffeine_870; CaCl_240; LL37_1140; Caffeine_1020; MgCl_840; Caffeine_390; Caffeine_120; LL37_1110; MgCl_630; CaCl_90; Lysozyme_1290; CaCl_540; Pep28_570; Lysozyme_240; MgCl_90; MgCl_450; BSA_420; Caffeine_690; Lysozyme_1260; Pep28_1080; Caffeine_1230; MgCl_60; MgCl_1140; Lysine_1080; Lysine_210; CaCl_150; LL37_840; Lysozyme_1200; Caffeine_1200; BSA_660; MgCl_120; Lysine_1230; Pep28_690; Lysozyme_1050; BSA_240; Lysine_1170; CaCl_780; Caffeine_510; Lysozyme_810; MgCl_1170; Pep28_480; CaCl_180; Lysozyme_90; CaCl_270; BSA_180; Lysozyme_1080; LL37_60; BSA_330; MgCl_1050; Caffeine_720; Lysine_660; LL37_480; Lysine_1350; BSA_390; MgCl_1350; MgCl_330; LL37_450; MgCl_660; BSA_900; MgCl_480; CaCl_1200; MgCl_1020,solver=svd,0.9444444444444444,94.44444444444444,0.4857142857142857,48.57142857142857
72,PF.QM_Chip4_Chan4,LDA,147,Lysozyme_60; Lysozyme_750; Pep28_360; BSA_210; CaCl_990; BSA_90; CaCl_30; Lysozyme_1170; Caffeine_660; LL37_1020; LL37_1350; Lysozyme_720; LL37_390; Lysine_690; Caffeine_630; LL37_300; MgCl_30; BSA_30; Lysozyme_1020; Lysozyme_960; Caffeine_570; CaCl_1140; MgCl_270; Pep28_180; Caffeine_990; Caffeine_360; LL37_540; MgCl_420; Pep28_150; MgCl_1110; Caffeine_90; BSA_930; Pep28_30; MgCl_300; Lysozyme_690; BSA_1290; LL37_180; CaCl_1350; LL37_750; Caffeine_1110; Lysine_30; LL37_990; CaCl_1290; LL37_30; Caffeine_30; LL37_1050; CaCl_900; LL37_1260; Lysozyme_1350; LL37_420; Lysozyme_30; Lysozyme_120; CaCl_1110; MgCl_180; Caffeine_870; LL37_1140; CaCl_240; Lysozyme_240; Pep28_570; Caffeine_120; CaCl_540; Caffeine_1020; LL37_330; Lysozyme_480; BSA_420; LL37_1110; Caffeine_390; CaCl_90; MgCl_630; Lysozyme_1260; LL37_840; Caffeine_690; MgCl_450; MgCl_1140; BSA_660; Caffeine_1200; Lysine_1350; MgCl_90; Lysine_1080; Lysozyme_1200; CaCl_780; Lysozyme_1290; Pep28_1080; MgCl_60; Lysine_210; Pep28_690; Lysine_1170; CaCl_150; MgCl_840; MgCl_120; Caffeine_720; BSA_240; BSA_1020; MgCl_1170; Lysozyme_810; Caffeine_1230; MgCl_1050; Lysine_660; Lysozyme_1050; LL37_480; BSA_330; CaCl_270; CaCl_930; BSA_900; Lysozyme_1080; MgCl_660; MgCl_1350; Caffeine_510; Pep28_210; Lysine_1230; CaCl_180; MgCl_870; Pep28_480; BSA_1140; MgCl_480; CaCl_1020; BSA_1230; MgCl_330; BSA_690; Lysozyme_90; LL37_450; BSA_390; LL37_240; CaCl_1200; CaCl_1050; BSA_540; Lysine_240; BSA_180; Caffeine_780; Lysozyme_270; Lysine_840; LL37_510; CaCl_390; Lysine_390; LL37_210; CaCl_360; MgCl_1020; Lysine_750; BSA_510; Pep28_1290; Lysine_1260; Caffeine_1080; Pep28_240; Pep28_1320; Caffeine_150; Caffeine_1170; MgCl_210,solver=svd,1.0,100.0,1.0,100.0
73,PK.QH_Chip1_Chan1,LDA,122,Lysozyme_60; Lysozyme_750; Pep28_360; BSA_210; CaCl_990; BSA_90; LL37_1020; Caffeine_660; Lysozyme_1170; BSA_30; Lysozyme_720; LL37_1350; LL37_390; CaCl_30; Lysine_690; Lysozyme_1020; MgCl_30; CaCl_1140; Caffeine_630; Caffeine_90; Lysozyme_960; Caffeine_360; Caffeine_570; Pep28_180; LL37_300; LL37_750; MgCl_270; MgCl_1110; Caffeine_990; Lysozyme_690; Caffeine_1110; BSA_930; LL37_540; MgCl_420; Pep28_150; Caffeine_30; MgCl_300; Lysine_30; BSA_1290; LL37_420; CaCl_900; Lysozyme_30; LL37_180; CaCl_1350; LL37_1050; MgCl_180; LL37_30; Lysozyme_1350; LL37_990; CaCl_1290; LL37_1260; Caffeine_1020; CaCl_1110; Pep28_30; LL37_330; Lysozyme_120; Lysozyme_480; Pep28_570; Caffeine_390; Lysozyme_1290; LL37_1140; Caffeine_870; CaCl_90; Caffeine_120; Lysozyme_1260; Caffeine_690; LL37_1110; BSA_420; Lysozyme_240; CaCl_540; MgCl_630; BSA_240; CaCl_150; MgCl_450; Lysozyme_1200; MgCl_90; Pep28_1080; MgCl_840; Lysozyme_90; Lysozyme_1080; CaCl_240; BSA_660; Caffeine_1200; Lysine_1080; Caffeine_1230; Lysine_1230; Lysine_210; Lysozyme_1050; Lysine_240; Lysozyme_810; MgCl_1140; BSA_1020; Lysine_1350; LL37_840; Lysine_660; LL37_480; CaCl_270; Caffeine_510; BSA_900; Pep28_480; BSA_390; BSA_180; LL37_60; MgCl_1350; MgCl_330; MgCl_120; CaCl_780; MgCl_60; Lysine_1170; MgCl_1170; CaCl_180; MgCl_660; Caffeine_720; BSA_330; LL37_450; CaCl_930; MgCl_480; MgCl_1050; MgCl_210; Pep28_690; Lysine_840; MgCl_870,shrinkage=auto; solver=lsqr,1.0,100.0,1.0,100.0
74,PK.QH_Chip1_Chan2,LDA,156,Lysozyme_60; Lysozyme_750; BSA_210; Pep28_360; CaCl_990; LL37_1020; BSA_90; Caffeine_660; Lysozyme_1170; Lysozyme_720; BSA_30; LL37_1350; LL37_390; Lysine_690; MgCl_30; CaCl_30; Caffeine_570; Caffeine_630; CaCl_1140; Caffeine_30; MgCl_270; Caffeine_360; LL37_540; Lysozyme_960; Lysozyme_1020; Pep28_180; MgCl_420; Pep28_30; Caffeine_90; LL37_300; LL37_750; MgCl_1110; BSA_930; Pep28_150; Lysozyme_690; Caffeine_990; MgCl_300; CaCl_1350; BSA_1290; Lysine_30; CaCl_900; Lysozyme_1350; LL37_420; Lysozyme_30; LL37_1050; LL37_990; CaCl_1290; LL37_180; Caffeine_1110; LL37_30; LL37_1260; MgCl_180; CaCl_1110; Lysozyme_120; LL37_1140; LL37_330; CaCl_90; Pep28_570; Caffeine_870; Caffeine_120; BSA_420; Caffeine_1020; MgCl_630; Lysozyme_1290; Lysozyme_480; CaCl_540; Lysozyme_1260; Lysozyme_240; CaCl_240; Caffeine_690; Caffeine_390; Lysine_1230; Lysine_1080; Lysozyme_1200; CaCl_150; MgCl_1140; MgCl_90; BSA_660; Caffeine_1230; Pep28_690; MgCl_450; MgCl_60; LL37_1110; BSA_180; Lysozyme_810; Caffeine_510; Pep28_1080; Caffeine_1200; MgCl_840; Lysine_210; Caffeine_720; Lysine_1350; Lysozyme_1080; MgCl_1170; LL37_840; Pep28_480; MgCl_1050; BSA_1020; Lysozyme_90; Lysozyme_1050; BSA_240; Lysine_660; MgCl_1350; BSA_390; BSA_900; MgCl_480; CaCl_390; LL37_480; CaCl_780; CaCl_180; Pep28_240; CaCl_270; BSA_330; MgCl_330; LL37_60; CaCl_930; Lysozyme_270; MgCl_120; Caffeine_780; MgCl_870; BSA_690; MgCl_660; LL37_360; Pep28_1290; BSA_1230; CaCl_300; BSA_1140; Lysine_420; CaCl_1020; Pep28_210; CaCl_360; Lysine_750; MgCl_1020; LL37_240; LL37_450; Pep28_1320; Lysozyme_870; Lysine_1260; CaCl_1200; Lysine_840; LL37_510; Lysine_240; BSA_540; Lysozyme_840; BSA_510; BSA_1320; Caffeine_450; Lysozyme_660; CaCl_1050; Lysine_390; MgCl_210; Caffeine_1170; BSA_300; Caffeine_1050; Caffeine_150; Lysozyme_510,shrinkage=auto; solver=lsqr,0.8888888888888888,88.88888888888889,0.4705882352941176,47.05882352941176
75,PK.QH_Chip1_Chan3,LDA,146,Lysozyme_60; Lysozyme_750; Pep28_360; BSA_210; CaCl_990; BSA_90; LL37_1020; Caffeine_660; Lysozyme_1170; BSA_30; Lysozyme_720; LL37_1350; CaCl_30; LL37_390; Lysozyme_1020; Lysine_690; MgCl_30; CaCl_1140; Caffeine_630; Caffeine_570; Caffeine_360; Lysozyme_960; Pep28_180; MgCl_270; Caffeine_90; MgCl_420; Caffeine_30; MgCl_1110; Caffeine_990; BSA_930; LL37_300; LL37_750; Pep28_150; Lysozyme_690; CaCl_900; BSA_1290; LL37_180; Pep28_30; Lysozyme_30; MgCl_300; LL37_540; CaCl_1350; Caffeine_1110; Lysine_30; CaCl_1290; Lysozyme_1350; LL37_1050; LL37_990; LL37_30; LL37_1260; Lysozyme_120; LL37_420; MgCl_180; CaCl_1110; LL37_1140; Caffeine_870; LL37_330; Caffeine_120; Lysozyme_480; Caffeine_390; Pep28_570; BSA_420; Caffeine_1020; MgCl_630; Lysozyme_1260; Lysozyme_1290; CaCl_240; CaCl_90; Lysozyme_1200; CaCl_540; Caffeine_690; Lysozyme_240; Pep28_1080; Caffeine_1230; MgCl_840; MgCl_60; MgCl_90; MgCl_450; MgCl_1140; BSA_660; Lysine_1170; BSA_240; Lysine_1080; Lysine_1230; CaCl_150; Lysozyme_90; LL37_1110; MgCl_1170; Caffeine_510; Caffeine_720; CaCl_780; MgCl_120; Lysozyme_1050; Caffeine_1200; Lysine_210; BSA_180; Lysine_1350; Lysozyme_810; BSA_1020; CaCl_180; Pep28_690; Lysozyme_1080; LL37_840; Pep28_480; CaCl_270; Lysine_660; LL37_60; BSA_900; CaCl_930; MgCl_1350; MgCl_1050; LL37_480; BSA_330; MgCl_480; MgCl_330; Lysine_240; MgCl_660; BSA_390; MgCl_1020; LL37_510; BSA_540; CaCl_1020; BSA_1230; CaCl_1200; CaCl_360; Lysine_1260; BSA_1140; Lysine_420; LL37_240; Pep28_210; Caffeine_780; MgCl_870; BSA_690; Lysine_840; LL37_360; Lysine_750; Pep28_1290; Lysozyme_270; Lysozyme_660; CaCl_300; CaCl_390; Caffeine_150; LL37_450; Lysozyme_840; Lysine_390; BSA_1320,solver=svd,0.9444444444444444,94.44444444444444,0.4857142857142857,48.57142857142857
76,PK.QH_Chip1_Chan4,LDA,146,Lysozyme_60; Lysozyme_750; BSA_210; CaCl_990; Pep28_360; BSA_90; LL37_1020; Caffeine_660; BSA_30; Lysozyme_1170; Lysozyme_720; CaCl_30; LL37_1350; LL37_300; Lysozyme_1020; MgCl_30; LL37_390; Caffeine_630; Caffeine_570; Lysozyme_960; Caffeine_90; Pep28_180; CaCl_1140; Caffeine_360; Caffeine_990; Lysine_690; MgCl_270; MgCl_1110; LL37_540; BSA_930; Pep28_150; BSA_1290; MgCl_420; Lysozyme_1350; CaCl_1350; LL37_750; CaCl_900; Caffeine_30; MgCl_300; Lysine_30; Caffeine_1110; LL37_420; LL37_990; LL37_180; LL37_1260; LL37_1140; Lysozyme_690; LL37_1050; Pep28_30; Lysozyme_30; CaCl_90; MgCl_180; Caffeine_120; CaCl_1290; Caffeine_870; CaCl_540; Caffeine_390; Lysozyme_120; Lysozyme_480; Caffeine_1020; Pep28_570; Lysozyme_240; Lysozyme_1260; LL37_30; LL37_330; MgCl_630; CaCl_1110; BSA_420; Caffeine_690; BSA_240; Caffeine_1200; Lysozyme_1080; Lysine_210; Lysozyme_1290; MgCl_1140; MgCl_60; LL37_1110; MgCl_840; CaCl_240; MgCl_90; CaCl_180; Pep28_1080; Lysozyme_810; MgCl_1170; MgCl_450; CaCl_1200; Caffeine_1230; Lysine_1080; Lysozyme_1200; CaCl_150; BSA_660; Lysine_1230; Pep28_690; Lysine_660; Lysozyme_90; MgCl_120; LL37_480; BSA_900; MgCl_1050; Lysine_1350; BSA_1020; Pep28_480; CaCl_780; LL37_60; Lysine_750; MgCl_330; LL37_240; MgCl_480; LL37_840; Pep28_1290; Lysozyme_270; Lysozyme_840; BSA_180; Lysine_240; Caffeine_510; BSA_330; Lysine_1170; MgCl_660; BSA_1140; Lysine_840; Lysozyme_660; Pep28_1320; LL37_450; LL37_360; Caffeine_780; Caffeine_720; LL37_510; CaCl_300; Lysozyme_1050; Lysozyme_630; MgCl_1350; Lysozyme_210; Pep28_240; Pep28_210; BSA_690; BSA_540; Lysine_390; MgCl_1020; Lysine_1260; Lysine_420; Lysozyme_510; MgCl_870; LL37_210; Caffeine_150; Caffeine_1080; BSA_1230,solver=svd,0.8333333333333334,83.33333333333334,0.4545454545454545,45.454545454545446
77,PK.QH_Chip3_Chan1,LDA,162,Lysozyme_60; Lysozyme_750; Pep28_360; BSA_210; CaCl_990; LL37_1020; Caffeine_660; BSA_90; Caffeine_30; BSA_30; Lysozyme_1170; Lysine_690; Lysozyme_720; Caffeine_630; LL37_1350; BSA_930; CaCl_1140; Lysozyme_1020; LL37_390; CaCl_900; MgCl_30; Lysozyme_960; CaCl_30; Caffeine_990; CaCl_1350; MgCl_420; Caffeine_90; LL37_300; Caffeine_570; LL37_180; BSA_1290; MgCl_1110; LL37_540; CaCl_90; LL37_750; Pep28_180; Lysine_30; Caffeine_120; Caffeine_360; MgCl_270; LL37_990; CaCl_240; Lysozyme_690; Caffeine_1110; LL37_420; CaCl_1110; Caffeine_1020; MgCl_180; LL37_1260; CaCl_1290; CaCl_540; MgCl_60; Lysozyme_240; MgCl_90; LL37_330; CaCl_780; Lysozyme_1350; Lysozyme_120; LL37_30; Pep28_30; Pep28_150; Caffeine_390; MgCl_630; BSA_420; MgCl_840; LL37_1050; Lysozyme_30; LL37_1140; LL37_1110; MgCl_450; Pep28_1080; Pep28_570; Lysozyme_1290; Lysozyme_1200; Lysozyme_1260; Lysozyme_480; Lysine_1080; Caffeine_690; Caffeine_1200; Pep28_690; MgCl_1140; Lysozyme_1080; Lysozyme_90; LL37_840; CaCl_270; Caffeine_1230; Caffeine_300; BSA_330; Lysozyme_810; BSA_240; Caffeine_150; LL37_480; Caffeine_870; BSA_1020; Lysine_1350; Caffeine_780; MgCl_300; Lysine_1170; LL37_450; Lysozyme_1050; Pep28_480; MgCl_1170; Caffeine_720; MgCl_1050; Caffeine_1170; Caffeine_330; BSA_660; BSA_180; CaCl_150; Caffeine_60; BSA_900; Pep28_1320; CaCl_1020; BSA_690; Caffeine_510; MgCl_1350; CaCl_930; Lysine_840; MgCl_660; BSA_390; MgCl_210; Lysine_1230; Lysine_420; BSA_1230; Lysine_1260; CaCl_180; MgCl_120; CaCl_1050; MgCl_240; Lysozyme_270; MgCl_480; Lysine_750; LL37_510; LL37_360; Lysozyme_510; BSA_300; MgCl_1020; CaCl_360; MgCl_330; Caffeine_840; BSA_1140; CaCl_720; CaCl_390; Lysozyme_300; Pep28_1290; CaCl_750; Lysozyme_660; Lysine_660; Caffeine_1140; BSA_540; CaCl_1200; Lysozyme_840; LL37_870; Lysine_480; MgCl_870; Pep28_1260; Lysozyme_630; BSA_510; Pep28_1140; LL37_240; CaCl_840; LL37_60,shrinkage=0.1; solver=lsqr,0.4444444444444444,44.44444444444444,0.3076923076923077,30.76923076923077
78,PK.QH_Chip3_Chan2,LDA,113,Lysozyme_60; Lysozyme_750; BSA_210; Pep28_360; CaCl_990; BSA_90; Lysozyme_1170; Caffeine_660; LL37_1020; Lysozyme_720; LL37_1350; BSA_30; MgCl_30; CaCl_30; LL37_390; Lysozyme_960; CaCl_1140; MgCl_270; Caffeine_630; Pep28_180; Lysozyme_1020; Lysine_690; LL37_300; LL37_540; Caffeine_570; CaCl_900; BSA_930; MgCl_1110; MgCl_420; Caffeine_90; LL37_750; Lysozyme_30; LL37_180; Caffeine_360; Lysozyme_690; Pep28_150; MgCl_300; CaCl_1350; LL37_30; LL37_1050; Caffeine_1110; Caffeine_30; LL37_990; Lysine_30; LL37_420; Lysozyme_1350; Pep28_30; BSA_1290; CaCl_1290; MgCl_180; CaCl_240; LL37_330; LL37_1140; LL37_1260; Lysozyme_120; CaCl_1110; Caffeine_120; Lysozyme_480; Lysozyme_240; Pep28_570; Caffeine_870; Caffeine_990; CaCl_90; MgCl_630; CaCl_540; Lysozyme_1260; LL37_1110; MgCl_450; CaCl_780; Caffeine_690; Lysine_1230; Lysozyme_1290; Pep28_1080; BSA_420; CaCl_150; Caffeine_720; Caffeine_1020; BSA_240; Lysine_660; Caffeine_390; Lysine_210; MgCl_1140; Caffeine_1230; Lysine_1170; Lysozyme_1050; Caffeine_1200; BSA_1020; Lysozyme_90; BSA_660; MgCl_1170; Lysozyme_1200; Lysine_1350; MgCl_330; Pep28_690; MgCl_120; LL37_60; Lysozyme_810; CaCl_270; MgCl_90; MgCl_840; CaCl_180; BSA_180; MgCl_1050; Lysine_420; BSA_900; LL37_840; MgCl_660; LL37_480; Lysozyme_1080; LL37_210; MgCl_1350; Caffeine_780; Pep28_480,solver=svd,0.6111111111111112,61.111111111111114,0.3793103448275862,37.93103448275862
79,PK.QH_Chip3_Chan3,LDA,122,Lysozyme_60; Lysozyme_750; BSA_210; Pep28_360; CaCl_990; LL37_1020; Caffeine_660; BSA_90; Lysozyme_1170; BSA_30; Lysozyme_720; LL37_1350; LL37_390; MgCl_30; Lysine_690; CaCl_1140; CaCl_30; Lysozyme_1020; LL37_300; Caffeine_630; Lysozyme_960; Caffeine_570; MgCl_270; Pep28_180; LL37_540; Caffeine_360; Caffeine_30; MgCl_1110; MgCl_420; Caffeine_90; BSA_930; LL37_750; Lysozyme_30; BSA_1290; LL37_180; Caffeine_1110; Lysozyme_690; Pep28_150; MgCl_300; LL37_1050; Lysine_30; CaCl_1290; Lysozyme_1350; CaCl_1350; Pep28_30; LL37_420; LL37_990; LL37_1260; CaCl_900; MgCl_180; LL37_30; Caffeine_870; LL37_1140; Caffeine_990; Lysozyme_120; MgCl_60; Lysozyme_240; CaCl_1110; CaCl_90; Caffeine_120; LL37_330; BSA_420; Lysozyme_480; Lysozyme_1260; MgCl_90; CaCl_540; Pep28_570; Lysozyme_1290; CaCl_240; Caffeine_390; LL37_1110; Caffeine_1020; MgCl_630; Caffeine_690; MgCl_450; MgCl_1140; Caffeine_1200; BSA_240; Lysozyme_1200; MgCl_840; CaCl_150; Pep28_1080; Lysine_210; Lysozyme_1080; Lysozyme_90; MgCl_1170; Lysine_1080; Caffeine_720; Lysine_1350; Lysine_1230; BSA_660; Pep28_690; Lysozyme_810; BSA_900; Pep28_480; BSA_1020; CaCl_780; Caffeine_510; Lysozyme_1050; MgCl_120; MgCl_1050; BSA_180; LL37_840; CaCl_180; Lysine_660; LL37_480; Lysine_1170; MgCl_1350; Caffeine_1230; MgCl_480; BSA_390; LL37_60; BSA_330; CaCl_270; MgCl_660; LL37_240; Lysine_240; LL37_450; Lysozyme_270; MgCl_330; Lysine_750; CaCl_930,solver=svd,0.8888888888888888,88.88888888888889,0.4705882352941176,47.05882352941176
80,PK.QH_Chip3_Chan4,LDA,133,Lysozyme_60; Lysozyme_750; BSA_210; Pep28_360; CaCl_990; LL37_1020; BSA_90; Lysozyme_1170; Lysozyme_720; Caffeine_660; LL37_1350; Lysine_690; LL37_390; BSA_30; Caffeine_570; Lysozyme_960; Caffeine_630; MgCl_30; CaCl_1140; CaCl_30; Lysozyme_1020; Caffeine_360; LL37_540; BSA_930; Caffeine_990; Caffeine_30; Pep28_180; Caffeine_90; MgCl_270; MgCl_1110; LL37_750; BSA_1290; MgCl_300; MgCl_420; Pep28_150; LL37_300; LL37_180; LL37_30; LL37_990; Lysozyme_1350; Lysozyme_690; CaCl_1290; MgCl_180; CaCl_1110; CaCl_1350; Lysozyme_120; LL37_420; Caffeine_1110; Caffeine_390; MgCl_90; Lysozyme_240; LL37_1260; LL37_1140; LL37_1050; Pep28_570; Caffeine_870; CaCl_240; MgCl_630; Caffeine_1230; Caffeine_120; Lysozyme_480; MgCl_60; Lysozyme_30; Caffeine_1020; LL37_330; MgCl_120; Lysine_30; BSA_420; CaCl_150; Lysozyme_1290; BSA_660; CaCl_540; Lysozyme_1260; Lysozyme_1200; BSA_900; Pep28_1080; LL37_1110; Lysine_1230; BSA_240; MgCl_1170; Lysine_1080; MgCl_1140; BSA_180; Pep28_690; Caffeine_510; CaCl_930; Lysine_1170; Caffeine_690; Lysozyme_90; Lysozyme_1050; MgCl_450; MgCl_840; Lysine_1350; BSA_1140; CaCl_900; MgCl_1050; BSA_390; Lysozyme_1080; CaCl_270; Lysozyme_810; CaCl_1200; LL37_840; CaCl_180; BSA_1020; Pep28_30; Caffeine_720; Caffeine_1200; Lysine_210; LL37_360; Lysine_420; CaCl_90; Pep28_480; CaCl_390; Pep28_1320; BSA_540; Lysine_660; BSA_690; Lysine_750; MgCl_330; Lysine_1260; MgCl_480; Lysozyme_270; Lysozyme_660; MgCl_1020; MgCl_660; Lysine_360; MgCl_1350; Lysine_240; Lysozyme_510; Pep28_240; LL37_480; Lysine_840; CaCl_600,solver=svd,0.5,50.0,0.3333333333333333,33.33333333333333
81,PK.QH_Chip4_Chan1,LDA,135,Lysozyme_60; Lysozyme_750; BSA_90; CaCl_990; BSA_210; BSA_30; LL37_1020; Lysozyme_720; Caffeine_660; Lysine_690; Lysozyme_30; MgCl_420; LL37_390; Caffeine_570; LL37_1350; Lysozyme_1170; Caffeine_630; Lysozyme_1020; Caffeine_990; LL37_540; MgCl_300; Lysozyme_960; Caffeine_90; MgCl_90; LL37_300; CaCl_1140; Lysozyme_690; BSA_930; MgCl_1110; Caffeine_360; CaCl_30; Lysine_30; Pep28_360; CaCl_900; LL37_750; MgCl_270; CaCl_1290; BSA_1290; Pep28_180; CaCl_90; Lysozyme_1350; LL37_1050; LL37_180; MgCl_180; CaCl_1350; LL37_420; Caffeine_1110; CaCl_1110; Lysozyme_480; LL37_1140; LL37_330; Caffeine_1230; Caffeine_390; Lysozyme_240; Caffeine_870; CaCl_240; MgCl_60; Caffeine_30; Pep28_150; BSA_420; Lysozyme_120; MgCl_30; MgCl_630; Caffeine_1200; BSA_180; LL37_1260; Caffeine_1020; Lysozyme_1290; CaCl_540; Lysine_1230; LL37_990; MgCl_450; Pep28_30; Pep28_1080; Caffeine_120; Caffeine_690; LL37_30; LL37_840; MgCl_120; LL37_1110; CaCl_150; Lysine_1350; Pep28_570; Lysine_1170; CaCl_780; Lysozyme_1260; BSA_240; BSA_390; Pep28_480; Caffeine_510; Lysozyme_810; Lysozyme_1050; LL37_480; BSA_660; CaCl_360; Lysine_210; MgCl_330; Lysine_660; Caffeine_720; MgCl_660; BSA_1320; MgCl_1140; Lysozyme_270; BSA_1020; Lysine_1260; Pep28_720; MgCl_1320; Lysozyme_1080; BSA_900; CaCl_270; Lysozyme_90; Lysine_1080; BSA_1230; CaCl_1050; MgCl_870; CaCl_930; Pep28_210; MgCl_1170; Lysine_240; MgCl_840; Lysozyme_1200; MgCl_1050; MgCl_480; Lysozyme_510; CaCl_1020; CaCl_300; MgCl_210; MgCl_1020; Pep28_240; Pep28_690; MgCl_1350; Lysine_420; Caffeine_780; Lysozyme_300; CaCl_1200,shrinkage=auto; solver=lsqr,0.4444444444444444,44.44444444444444,0.3076923076923077,30.76923076923077
82,PK.QH_Chip4_Chan2,LDA,123,Lysozyme_60; Lysozyme_750; BSA_210; Pep28_360; CaCl_990; LL37_1020; Lysozyme_1170; Caffeine_660; BSA_30; Lysozyme_720; LL37_1350; Lysine_690; LL37_390; MgCl_30; Caffeine_630; CaCl_30; Lysozyme_30; Lysozyme_1020; Caffeine_570; CaCl_1140; Lysozyme_960; Caffeine_360; Pep28_180; MgCl_270; LL37_540; LL37_300; MgCl_1110; MgCl_420; BSA_90; MgCl_300; Pep28_30; Caffeine_990; Caffeine_30; Pep28_150; BSA_930; Caffeine_90; Lysozyme_690; BSA_1290; CaCl_1350; LL37_750; CaCl_900; Caffeine_1110; LL37_180; Lysozyme_1350; LL37_990; Lysine_30; LL37_30; LL37_1050; LL37_420; Lysozyme_120; CaCl_1290; MgCl_180; CaCl_1110; CaCl_90; LL37_1110; Caffeine_870; BSA_420; Lysozyme_480; Caffeine_390; LL37_1260; Pep28_570; LL37_1140; Lysozyme_1260; LL37_330; Lysozyme_240; Caffeine_120; Lysozyme_1200; Caffeine_1020; CaCl_240; Lysozyme_1290; Caffeine_690; MgCl_630; LL37_840; CaCl_540; MgCl_450; MgCl_1140; Caffeine_1230; Lysozyme_1050; BSA_240; Lysine_210; Pep28_1080; Lysine_1080; MgCl_60; CaCl_150; BSA_900; MgCl_840; Caffeine_510; LL37_60; BSA_660; Caffeine_1200; BSA_1020; Lysine_1230; CaCl_180; Lysozyme_810; CaCl_270; Pep28_690; Caffeine_720; MgCl_120; CaCl_780; Pep28_480; LL37_480; MgCl_1050; Lysozyme_90; Lysine_1170; CaCl_1200; Lysine_660; MgCl_660; LL37_240; Lysozyme_1080; CaCl_930; Lysozyme_270; MgCl_330; BSA_1230; MgCl_870; BSA_540; Pep28_1290; MgCl_1350; MgCl_1170; LL37_510; BSA_690; Lysine_1350; MgCl_1020; BSA_1140,solver=svd,0.6666666666666666,66.66666666666666,0.4,40.0
83,PK.QH_Chip4_Chan3,LDA,125,Lysozyme_60; Lysozyme_750; BSA_210; Pep28_360; CaCl_990; LL37_1020; Lysozyme_1170; Caffeine_660; BSA_90; BSA_30; Lysozyme_720; LL37_1350; LL37_390; CaCl_30; Lysine_690; Lysozyme_960; MgCl_30; Caffeine_630; Caffeine_570; LL37_300; Lysozyme_1020; LL37_540; Caffeine_360; CaCl_1140; MgCl_270; Pep28_180; Caffeine_990; Caffeine_90; Caffeine_30; BSA_930; LL37_750; MgCl_1110; MgCl_420; MgCl_300; Lysozyme_690; Pep28_150; Lysozyme_30; BSA_1290; Lysine_30; Caffeine_1110; LL37_180; CaCl_900; CaCl_1350; LL37_1050; Pep28_30; LL37_420; CaCl_1290; Lysozyme_1350; LL37_990; LL37_1260; MgCl_180; LL37_30; CaCl_1110; LL37_330; Lysozyme_120; Caffeine_870; LL37_1140; Lysozyme_480; Lysozyme_240; CaCl_240; Caffeine_1020; BSA_420; Caffeine_390; Caffeine_120; Pep28_570; LL37_1110; CaCl_540; Lysozyme_1260; CaCl_90; Caffeine_690; MgCl_630; Lysozyme_1290; Lysozyme_1200; MgCl_450; Pep28_1080; BSA_240; Caffeine_1200; MgCl_1140; MgCl_1170; MgCl_840; BSA_660; Lysine_1080; Lysine_1350; MgCl_60; Lysine_1230; Lysozyme_90; Caffeine_510; Lysozyme_810; CaCl_150; Caffeine_1230; Caffeine_720; Lysozyme_1080; CaCl_780; Pep28_690; BSA_1020; Pep28_480; Lysine_210; Lysozyme_1050; BSA_900; Lysine_1170; MgCl_120; LL37_480; MgCl_1050; LL37_840; LL37_60; Lysine_660; BSA_390; CaCl_930; CaCl_270; BSA_330; MgCl_1350; BSA_180; CaCl_180; MgCl_90; MgCl_660; BSA_1230; LL37_450; LL37_510; MgCl_870; BSA_1140; MgCl_330; CaCl_1020; BSA_540; MgCl_480; Lysine_840,shrinkage=auto; solver=lsqr,1.0,100.0,1.0,100.0
84,PK.QH_Chip4_Chan4,LDA,151,Lysozyme_60; Lysozyme_750; BSA_210; Pep28_360; CaCl_990; LL37_1350; Caffeine_660; Lysozyme_720; BSA_30; LL37_1020; CaCl_30; BSA_330; LL37_390; Caffeine_990; LL37_300; Lysine_690; CaCl_1140; LL37_540; MgCl_30; Pep28_30; Pep28_180; MgCl_420; Caffeine_630; MgCl_270; Caffeine_90; Lysozyme_960; Caffeine_360; Pep28_150; BSA_1290; BSA_930; LL37_750; Lysozyme_1020; Caffeine_1110; LL37_180; Caffeine_570; Lysine_30; CaCl_900; Caffeine_30; Lysozyme_690; LL37_420; MgCl_300; CaCl_1290; MgCl_180; CaCl_1350; Lysozyme_120; Lysozyme_1170; LL37_990; LL37_1050; Lysozyme_240; LL37_1260; Lysozyme_1350; MgCl_1110; LL37_330; CaCl_540; LL37_1110; Caffeine_870; CaCl_150; BSA_240; CaCl_1110; MgCl_630; Caffeine_1020; Lysozyme_1260; LL37_1140; Caffeine_120; Lysozyme_1290; Caffeine_390; Lysine_1080; Lysine_1350; BSA_660; MgCl_840; MgCl_1350; CaCl_180; Pep28_570; Caffeine_1200; Lysozyme_480; MgCl_1170; Lysine_210; CaCl_270; LL37_30; Caffeine_690; LL37_480; Lysozyme_1080; Lysine_420; BSA_420; Caffeine_1230; Pep28_1080; BSA_390; MgCl_1140; Lysozyme_90; LL37_510; Pep28_480; Pep28_690; Caffeine_510; LL37_840; LL37_60; Lysine_660; CaCl_360; BSA_90; Lysozyme_810; BSA_1140; Lysine_1230; MgCl_450; LL37_360; Lysozyme_30; MgCl_1050; Lysozyme_870; MgCl_330; CaCl_90; Caffeine_150; MgCl_480; MgCl_90; CaCl_300; CaCl_780; Lysine_1170; BSA_900; Lysozyme_1050; Pep28_240; MgCl_660; Caffeine_1170; LL37_150; Caffeine_720; Pep28_210; CaCl_1050; LL37_450; CaCl_240; Lysine_360; Lysine_240; MgCl_120; CaCl_600; BSA_690; Lysozyme_270; Lysine_810; Pep28_1260; BSA_180; MgCl_1020; BSA_1230; CaCl_210; MgCl_870; Caffeine_780; CaCl_930; Lysine_750; BSA_540; Lysozyme_300; Caffeine_840; CaCl_330; Lysozyme_630; Pep28_600; CaCl_1020; LL37_1080; Lysozyme_510; Caffeine_1140,solver=svd,0.0555555555555555,5.55555555555555,0.0526315789473684,5.26315789473684
85,PK.QL_Chip1_Chan1,LDA,130,Lysozyme_60; Lysozyme_750; Pep28_360; BSA_210; CaCl_990; LL37_1020; Lysozyme_1170; BSA_90; BSA_30; Lysozyme_720; Caffeine_660; LL37_1350; LL37_390; Caffeine_30; CaCl_1140; LL37_300; MgCl_30; Caffeine_630; Lysine_690; CaCl_30; Caffeine_90; MgCl_270; Lysozyme_960; Caffeine_360; Caffeine_570; Pep28_180; Lysozyme_1020; MgCl_1110; LL37_540; BSA_930; Caffeine_990; Lysine_30; LL37_750; CaCl_900; MgCl_300; MgCl_420; Pep28_150; Lysozyme_30; LL37_180; BSA_1290; LL37_420; LL37_1050; Caffeine_1110; Caffeine_690; CaCl_1350; LL37_1260; Lysozyme_690; Lysozyme_1350; LL37_990; MgCl_180; LL37_1110; Pep28_30; Caffeine_870; LL37_330; CaCl_1290; LL37_1140; CaCl_1110; Lysozyme_480; LL37_30; CaCl_90; Lysozyme_120; CaCl_240; Pep28_570; Caffeine_120; Lysozyme_240; Caffeine_1020; Caffeine_390; Lysozyme_1260; CaCl_540; MgCl_630; MgCl_60; Lysozyme_1290; Pep28_1080; MgCl_450; Caffeine_1200; MgCl_90; Caffeine_1230; BSA_660; MgCl_1140; Caffeine_510; Caffeine_720; Pep28_690; MgCl_840; Lysine_1080; CaCl_150; Lysozyme_90; LL37_840; Lysozyme_1200; MgCl_120; Lysine_210; BSA_180; BSA_1020; LL37_480; Lysine_1230; MgCl_1170; BSA_420; CaCl_270; MgCl_1050; Lysozyme_810; BSA_240; BSA_900; Lysine_1350; MgCl_660; CaCl_180; Lysozyme_510; LL37_360; CaCl_1020; BSA_330; LL37_60; Lysine_660; Pep28_480; BSA_390; Lysine_240; MgCl_1350; LL37_450; Lysine_1170; CaCl_780; MgCl_330; MgCl_870; CaCl_360; BSA_540; CaCl_1200; LL37_510; BSA_1140; LL37_240; Lysozyme_1050; CaCl_300; Lysozyme_270; Lysine_750; MgCl_1020,solver=svd,0.8888888888888888,88.88888888888889,0.4705882352941176,47.05882352941176
86,PK.QL_Chip1_Chan2,LDA,123,Lysozyme_60; Lysozyme_750; Pep28_360; BSA_210; CaCl_990; BSA_90; LL37_1020; Lysozyme_1170; BSA_30; Caffeine_660; LL37_1350; Lysozyme_720; LL37_390; MgCl_30; Lysine_690; CaCl_30; LL37_300; MgCl_420; Lysozyme_1020; CaCl_1140; Caffeine_570; Lysozyme_960; Caffeine_630; Caffeine_360; MgCl_270; LL37_540; Caffeine_90; MgCl_1110; Caffeine_990; Caffeine_30; Pep28_180; BSA_930; LL37_750; Caffeine_1110; Lysozyme_30; Pep28_150; BSA_1290; MgCl_300; LL37_180; Lysozyme_690; Lysine_30; Lysozyme_1350; CaCl_900; CaCl_1350; LL37_1050; LL37_990; CaCl_1290; LL37_420; LL37_30; Pep28_30; Lysozyme_120; LL37_1140; CaCl_1110; MgCl_180; Caffeine_870; Lysozyme_1290; LL37_1260; CaCl_90; Lysozyme_480; LL37_330; Caffeine_1020; BSA_420; Caffeine_390; Caffeine_120; MgCl_630; Lysozyme_240; LL37_1110; Pep28_570; Lysozyme_1260; Caffeine_690; CaCl_540; CaCl_240; MgCl_450; Caffeine_1230; BSA_660; MgCl_1140; Caffeine_720; Lysozyme_1200; Caffeine_1200; Lysozyme_90; Pep28_1080; MgCl_90; MgCl_840; CaCl_150; Lysine_210; Lysine_1080; Lysine_1230; Lysozyme_810; Pep28_690; MgCl_1170; BSA_1020; LL37_840; CaCl_780; Lysine_1350; Lysine_660; Caffeine_510; MgCl_60; BSA_180; Pep28_480; CaCl_270; BSA_900; BSA_390; MgCl_120; BSA_330; LL37_480; Lysine_1170; MgCl_660; MgCl_330; CaCl_930; CaCl_180; LL37_60; BSA_240; Lysine_240; CaCl_1020; MgCl_1050; MgCl_480; LL37_450; Lysozyme_1050; Caffeine_1080; MgCl_1020; MgCl_1350; CaCl_1050; MgCl_870,shrinkage=0.1; solver=lsqr,1.0,100.0,1.0,100.0
87,PK.QL_Chip1_Chan3,LDA,99,Lysozyme_60; Lysozyme_750; Pep28_360; CaCl_990; BSA_210; LL37_1020; Lysozyme_720; BSA_30; BSA_90; Lysozyme_1170; MgCl_30; LL37_300; LL37_1350; Lysine_690; Caffeine_660; CaCl_1140; CaCl_30; LL37_390; Caffeine_360; Caffeine_90; MgCl_270; MgCl_1110; CaCl_900; MgCl_300; Lysozyme_960; Caffeine_570; LL37_540; BSA_930; Pep28_150; Pep28_180; LL37_1260; Caffeine_1110; Lysine_30; Caffeine_30; Caffeine_630; CaCl_1350; Lysozyme_690; Caffeine_390; Lysozyme_30; LL37_1050; MgCl_420; BSA_420; LL37_990; Caffeine_990; BSA_1290; LL37_750; Caffeine_1230; CaCl_240; LL37_1140; LL37_1110; CaCl_1290; LL37_180; Pep28_30; Lysozyme_1080; Lysozyme_1260; CaCl_1110; Caffeine_120; LL37_420; Lysozyme_120; Pep28_570; LL37_30; MgCl_60; Caffeine_1020; MgCl_180; Caffeine_870; Lysozyme_240; CaCl_90; CaCl_150; Lysozyme_480; BSA_390; LL37_330; MgCl_630; CaCl_540; CaCl_780; LL37_840; MgCl_1170; BSA_660; BSA_240; Caffeine_270; BSA_180; Caffeine_1200; MgCl_1140; Caffeine_510; CaCl_1020; MgCl_840; CaCl_180; Lysine_1080; LL37_60; MgCl_90; MgCl_450; Lysozyme_510; Caffeine_720; Lysozyme_1050; CaCl_270; Caffeine_1080; Lysine_1350; Pep28_690; MgCl_480; BSA_1020,shrinkage=auto; solver=lsqr,0.0,0.0,0.0,0.0
88,PK.QL_Chip1_Chan4,LDA,143,Lysozyme_60; Lysozyme_750; Pep28_360; BSA_210; CaCl_990; BSA_90; LL37_1020; Lysozyme_1170; Caffeine_30; BSA_30; LL37_1350; Lysozyme_720; Lysine_690; Lysozyme_1020; Caffeine_990; MgCl_270; Lysozyme_960; Caffeine_690; MgCl_30; CaCl_30; Caffeine_660; CaCl_1140; LL37_390; Caffeine_630; LL37_540; Caffeine_570; Caffeine_360; LL37_300; MgCl_1110; Pep28_180; BSA_930; CaCl_900; LL37_180; MgCl_300; LL37_420; BSA_1290; Caffeine_90; Lysozyme_690; MgCl_420; CaCl_90; LL37_990; LL37_750; LL37_30; LL37_1140; Pep28_150; Caffeine_1110; CaCl_1350; MgCl_180; LL37_1050; CaCl_1290; Lysozyme_120; Lysozyme_240; Lysozyme_30; Lysozyme_480; LL37_330; CaCl_1110; Pep28_570; Lysozyme_1350; Pep28_1080; Lysine_30; Caffeine_390; Caffeine_870; CaCl_540; Caffeine_120; LL37_1260; CaCl_150; MgCl_90; BSA_240; Caffeine_1200; MgCl_450; MgCl_840; LL37_1110; Caffeine_1020; MgCl_120; Pep28_30; MgCl_1170; Lysozyme_1290; MgCl_1140; Lysozyme_1200; Lysozyme_810; MgCl_1050; BSA_660; Lysine_240; LL37_450; Lysozyme_1260; Lysine_1080; CaCl_390; CaCl_240; BSA_390; BSA_180; BSA_900; Caffeine_510; LL37_60; MgCl_630; LL37_840; Lysozyme_90; BSA_330; Caffeine_150; BSA_1230; Lysine_1170; BSA_1020; CaCl_1020; Pep28_480; Lysine_1230; Lysine_1350; BSA_420; Lysozyme_1050; CaCl_270; LL37_480; Caffeine_720; CaCl_360; MgCl_480; Lysine_210; Caffeine_450; CaCl_930; MgCl_60; MgCl_660; Caffeine_1230; BSA_540; MgCl_870; MgCl_1350; BSA_690; Lysine_1260; CaCl_780; Lysozyme_510; Lysine_660; Pep28_690; MgCl_330; Caffeine_780; LL37_510; LL37_360; CaCl_180; Pep28_210; Lysine_750; LL37_240; BSA_300; Caffeine_1170; CaCl_300; CaCl_1050; Lysozyme_840; Lysine_420; BSA_1140; Pep28_1260,solver=svd,0.2777777777777778,27.77777777777778,0.217391304347826,21.7391304347826
89,PK.QL_Chip3_Chan1,LDA,141,Lysozyme_60; Lysozyme_750; Pep28_360; BSA_210; CaCl_990; LL37_1020; Lysozyme_1170; BSA_90; Caffeine_660; Lysozyme_720; BSA_30; LL37_1350; LL37_390; CaCl_30; Lysine_690; MgCl_30; CaCl_1140; Lysozyme_960; LL37_300; Caffeine_630; MgCl_270; Caffeine_570; Lysozyme_1020; Pep28_180; LL37_540; Caffeine_990; MgCl_1110; Caffeine_30; Caffeine_360; Caffeine_90; MgCl_420; LL37_750; BSA_930; BSA_1290; Lysozyme_30; Lysozyme_690; Pep28_150; LL37_420; Pep28_30; CaCl_900; Lysine_30; Caffeine_1110; LL37_180; CaCl_1350; Lysozyme_1350; LL37_990; LL37_1050; LL37_30; LL37_1260; MgCl_300; CaCl_1290; MgCl_180; LL37_1140; CaCl_1110; Lysozyme_120; Lysozyme_480; LL37_330; Pep28_570; CaCl_90; Caffeine_390; CaCl_540; MgCl_90; CaCl_240; Lysozyme_240; Caffeine_870; Caffeine_1020; MgCl_630; Lysozyme_1260; Caffeine_120; Caffeine_690; LL37_1110; BSA_420; Lysozyme_1290; MgCl_840; MgCl_450; Pep28_1080; Caffeine_1230; Lysozyme_90; BSA_240; MgCl_1140; Lysozyme_1200; CaCl_150; Caffeine_1200; Lysine_1080; BSA_660; Lysine_1230; Lysine_1350; Lysine_210; Lysozyme_810; Pep28_690; Caffeine_720; Lysozyme_1080; Caffeine_510; BSA_1020; LL37_480; Lysine_660; MgCl_1170; MgCl_60; CaCl_780; Lysine_1170; Lysozyme_1050; LL37_840; Pep28_480; MgCl_120; BSA_180; CaCl_180; BSA_900; BSA_330; MgCl_1050; CaCl_270; LL37_360; LL37_510; CaCl_930; LL37_60; MgCl_660; MgCl_330; LL37_450; BSA_390; Lysine_240; MgCl_1350; CaCl_1020; BSA_1230; LL37_240; BSA_1140; CaCl_360; MgCl_480; CaCl_300; Lysine_420; Caffeine_780; MgCl_870; Pep28_1290; Lysine_750; Lysozyme_270; MgCl_1020; BSA_540; BSA_690; Lysine_840; CaCl_1200; Pep28_1320; Lysine_1260; Lysozyme_510,shrinkage=auto; solver=lsqr,1.0,100.0,1.0,100.0
90,PK.QL_Chip3_Chan2,LDA,141,Lysozyme_60; Lysozyme_750; Pep28_360; BSA_210; BSA_30; LL37_1020; BSA_90; CaCl_990; Lysozyme_720; Caffeine_660; Lysozyme_1170; LL37_1350; CaCl_30; Lysine_690; Caffeine_630; MgCl_270; Caffeine_990; Caffeine_360; Lysozyme_1020; Caffeine_30; MgCl_300; MgCl_90; LL37_390; Pep28_180; Lysozyme_960; CaCl_1140; MgCl_30; Caffeine_570; MgCl_420; MgCl_1110; LL37_300; LL37_540; Caffeine_90; Pep28_150; LL37_750; Lysozyme_1350; Lysine_30; CaCl_900; CaCl_240; MgCl_180; Lysozyme_690; Caffeine_1110; LL37_990; LL37_1050; LL37_180; Pep28_30; BSA_1290; LL37_420; CaCl_1290; LL37_30; Lysozyme_30; LL37_1260; CaCl_1350; Caffeine_390; LL37_330; LL37_1140; Caffeine_1020; Lysozyme_120; Lysozyme_240; CaCl_540; LL37_1110; CaCl_90; Caffeine_1230; Lysozyme_480; Pep28_570; Caffeine_870; CaCl_1110; BSA_930; BSA_420; MgCl_630; Caffeine_120; Lysozyme_1260; Lysozyme_1290; MgCl_450; MgCl_1140; CaCl_780; Lysozyme_1200; BSA_660; Caffeine_690; Lysine_660; Pep28_1080; LL37_210; Lysozyme_1080; Lysozyme_90; MgCl_60; Lysine_1170; LL37_60; LL37_450; MgCl_840; Pep28_480; Caffeine_720; BSA_240; Lysine_1350; MgCl_660; BSA_1230; CaCl_270; Pep28_690; LL37_840; Caffeine_510; Lysozyme_810; BSA_900; Lysine_1080; Lysozyme_1050; CaCl_150; BSA_390; MgCl_1170; LL37_240; BSA_1020; Caffeine_1200; LL37_900; BSA_180; CaCl_1200; Caffeine_330; MgCl_1050; Lysine_840; Lysine_1260; MgCl_870; BSA_330; MgCl_1350; MgCl_480; CaCl_300; CaCl_180; BSA_1140; Lysine_240; Lysozyme_270; Lysine_1230; Pep28_1290; MgCl_120; Lysine_210; CaCl_1020; BSA_540; CaCl_360; Caffeine_1050; CaCl_1050; Lysozyme_510; Lysine_480; Lysine_750; Caffeine_1350; Lysine_420; CaCl_1080; MgCl_1020,shrinkage=0.1; solver=lsqr,0.5555555555555556,55.55555555555556,0.3571428571428571,35.71428571428571
91,PK.QL_Chip3_Chan3,LDA,144,Lysozyme_60; Lysozyme_750; BSA_210; Pep28_360; CaCl_990; LL37_1020; BSA_90; Caffeine_660; Lysozyme_1170; Lysozyme_720; BSA_30; LL37_1350; LL37_390; CaCl_30; Lysine_690; CaCl_1140; Lysozyme_960; Lysozyme_1020; LL37_300; Caffeine_630; MgCl_30; Caffeine_990; Pep28_180; MgCl_270; Caffeine_360; LL37_540; MgCl_420; Caffeine_570; Caffeine_90; MgCl_1110; BSA_930; Caffeine_30; LL37_750; Lysozyme_690; Lysine_30; Caffeine_1110; BSA_1290; CaCl_900; Pep28_150; LL37_180; Lysozyme_30; Lysozyme_1350; CaCl_1350; LL37_1050; Pep28_30; LL37_990; LL37_420; LL37_1260; CaCl_1290; LL37_30; MgCl_300; MgCl_180; Lysozyme_120; CaCl_90; CaCl_1110; LL37_330; LL37_1140; Caffeine_870; Lysozyme_480; Lysozyme_240; Caffeine_390; Pep28_570; MgCl_630; LL37_1110; CaCl_540; Lysozyme_1260; Caffeine_120; BSA_420; Caffeine_1020; Lysozyme_1290; Caffeine_690; MgCl_60; MgCl_450; Caffeine_1230; BSA_660; BSA_240; MgCl_840; Pep28_1080; MgCl_1140; Lysozyme_1200; CaCl_240; CaCl_150; MgCl_90; Caffeine_1200; Caffeine_510; Lysine_1230; Lysozyme_1050; Lysozyme_90; Lysine_1350; Lysine_1080; Lysozyme_810; MgCl_1170; BSA_180; CaCl_780; LL37_840; Lysine_210; Pep28_690; MgCl_120; Lysine_660; Caffeine_720; Lysine_1170; BSA_1020; BSA_900; Lysozyme_1080; LL37_60; Pep28_480; MgCl_1050; CaCl_270; BSA_390; MgCl_330; MgCl_660; CaCl_360; CaCl_180; LL37_480; MgCl_1350; BSA_330; LL37_450; CaCl_930; Lysine_240; MgCl_480; Lysine_420; BSA_1230; BSA_1140; Lysine_750; CaCl_1200; BSA_690; MgCl_1020; Lysine_840; BSA_540; Pep28_1290; MgCl_870; Lysozyme_270; CaCl_1020; Pep28_1320; LL37_510; Lysine_1260; Caffeine_780; LL37_360; LL37_240; LL37_900; CaCl_390; CaCl_300; Lysozyme_510; Lysine_390,shrinkage=0.1; solver=lsqr,1.0,100.0,1.0,100.0
92,PK.QL_Chip3_Chan4,LDA,132,Lysozyme_60; Lysozyme_750; BSA_210; Pep28_360; BSA_90; CaCl_990; LL37_1020; BSA_30; Lysozyme_1170; Caffeine_660; LL37_390; Lysozyme_720; LL37_1350; CaCl_30; Caffeine_570; LL37_300; MgCl_30; CaCl_1140; Caffeine_360; MgCl_270; Lysozyme_960; Lysine_690; Caffeine_630; Pep28_180; Caffeine_30; Lysozyme_1020; LL37_30; LL37_540; MgCl_420; MgCl_1110; Caffeine_990; Pep28_150; LL37_750; Lysozyme_690; Caffeine_90; Caffeine_1110; CaCl_900; CaCl_1350; LL37_420; BSA_930; LL37_180; LL37_1050; Lysine_30; Pep28_30; CaCl_1290; Lysozyme_1350; LL37_1260; LL37_990; MgCl_180; CaCl_1110; Caffeine_390; Pep28_570; Lysozyme_480; LL37_1140; Lysozyme_30; Lysozyme_120; MgCl_300; CaCl_240; Caffeine_870; BSA_420; Lysozyme_240; CaCl_540; Caffeine_1020; LL37_330; MgCl_630; Caffeine_120; Lysozyme_1260; Lysine_1080; LL37_1110; CaCl_150; LL37_240; Lysozyme_1290; CaCl_90; Lysozyme_1200; MgCl_840; MgCl_60; MgCl_450; MgCl_1140; BSA_240; Caffeine_1230; Lysine_210; Caffeine_690; LL37_510; Pep28_1080; Caffeine_510; LL37_480; BSA_1290; Caffeine_1200; BSA_660; MgCl_90; Lysozyme_810; Lysozyme_1080; Lysine_1350; Pep28_690; Lysine_1230; MgCl_1170; BSA_1020; LL37_60; Pep28_480; BSA_900; Caffeine_720; BSA_180; MgCl_1350; LL37_360; Lysozyme_90; Lysine_660; Lysine_1170; CaCl_270; MgCl_1050; BSA_390; CaCl_780; MgCl_480; MgCl_120; LL37_840; MgCl_660; CaCl_180; Lysine_750; MgCl_330; Lysozyme_1050; BSA_540; LL37_450; Lysine_840; BSA_330; BSA_1230; Pep28_1320; CaCl_1020; Lysine_240; CaCl_300; MgCl_1020; Pep28_1290; Caffeine_780; Lysine_420,solver=svd,0.7777777777777778,77.77777777777779,0.4375,43.75
93,PK.QL_Chip4_Chan1,LDA,134,Lysozyme_60; Lysozyme_750; Pep28_360; BSA_210; CaCl_990; BSA_90; LL37_1020; BSA_30; Caffeine_660; Lysozyme_1170; Lysozyme_720; LL37_1350; CaCl_30; LL37_390; LL37_300; Lysine_690; CaCl_1140; Caffeine_630; Pep28_180; MgCl_270; Caffeine_570; Lysozyme_1020; Caffeine_30; Caffeine_990; Caffeine_360; MgCl_300; Lysozyme_960; BSA_930; CaCl_900; LL37_540; Caffeine_90; MgCl_1110; MgCl_420; LL37_750; Lysozyme_690; Pep28_150; MgCl_30; BSA_1290; CaCl_1350; LL37_180; Caffeine_1110; Lysozyme_1350; LL37_30; LL37_990; Pep28_30; LL37_1050; LL37_420; LL37_1260; Lysozyme_30; CaCl_1290; MgCl_180; CaCl_90; LL37_1140; CaCl_1110; Caffeine_870; Caffeine_1020; Lysozyme_120; Caffeine_120; Caffeine_390; Lysine_30; BSA_420; Lysozyme_1050; MgCl_1140; Pep28_570; CaCl_540; Lysozyme_480; MgCl_630; Caffeine_690; LL37_330; Lysozyme_240; Caffeine_1230; LL37_1110; MgCl_840; Lysozyme_1260; Lysozyme_1290; Pep28_1080; BSA_240; Lysine_1080; Lysozyme_90; BSA_660; CaCl_240; MgCl_450; MgCl_90; Caffeine_1200; Lysine_1230; Lysine_210; Lysozyme_1200; Pep28_690; Lysozyme_810; MgCl_60; Caffeine_720; CaCl_300; MgCl_120; MgCl_1050; Caffeine_510; Lysine_1350; BSA_1020; MgCl_1170; Lysine_1170; CaCl_270; BSA_180; LL37_510; Lysine_660; BSA_900; LL37_480; Lysine_750; CaCl_780; BSA_390; MgCl_660; Pep28_1290; CaCl_150; Pep28_210; LL37_60; BSA_330; Lysine_240; BSA_1230; Pep28_480; Lysozyme_840; CaCl_930; MgCl_1020; CaCl_180; CaCl_360; Pep28_1320; Lysine_840; Lysozyme_270; Lysozyme_1080; CaCl_1020; MgCl_330; MgCl_480; MgCl_1350; BSA_540; CaCl_390; Caffeine_150; MgCl_870,shrinkage=auto; solver=lsqr,0.9444444444444444,94.44444444444444,0.4857142857142857,48.57142857142857
94,PK.QL_Chip4_Chan2,LDA,144,Lysozyme_60; Lysozyme_750; Pep28_360; BSA_210; CaCl_990; BSA_90; LL37_1020; Caffeine_660; Lysozyme_1170; Lysozyme_720; Lysine_690; LL37_1350; LL37_390; Lysozyme_1020; Lysozyme_960; MgCl_1110; CaCl_30; Caffeine_630; Caffeine_360; Caffeine_570; LL37_540; LL37_300; Caffeine_90; BSA_30; Pep28_180; MgCl_270; CaCl_1140; LL37_750; Caffeine_990; BSA_930; MgCl_420; Caffeine_30; MgCl_300; MgCl_30; LL37_1050; LL37_420; BSA_1290; Lysozyme_690; LL37_180; CaCl_900; Pep28_30; Lysozyme_30; Pep28_150; Caffeine_1110; CaCl_1290; CaCl_1110; LL37_30; CaCl_1350; Lysozyme_1350; LL37_990; Lysine_30; MgCl_180; Lysozyme_240; Lysozyme_1260; CaCl_90; LL37_1260; BSA_420; Caffeine_1020; Caffeine_120; Caffeine_870; LL37_1140; CaCl_240; LL37_330; Lysozyme_120; Caffeine_390; Pep28_570; MgCl_630; CaCl_540; Lysine_210; MgCl_840; MgCl_450; Lysozyme_480; Lysozyme_1080; BSA_240; BSA_660; Lysozyme_1290; Caffeine_690; Caffeine_1230; Lysine_1080; LL37_840; LL37_1110; Caffeine_1200; CaCl_270; Pep28_1080; Lysozyme_810; Caffeine_510; MgCl_1140; LL37_60; MgCl_1050; MgCl_120; Pep28_690; BSA_180; Lysine_1350; Lysine_1230; Lysozyme_1200; Lysine_840; MgCl_1170; Caffeine_720; BSA_900; BSA_1020; MgCl_90; LL37_480; CaCl_780; CaCl_150; CaCl_180; Lysine_1170; Pep28_480; MgCl_1350; BSA_540; Lysine_750; CaCl_930; BSA_390; MgCl_660; MgCl_1020; LL37_510; CaCl_360; Lysine_660; LL37_450; Lysine_420; CaCl_1200; BSA_330; MgCl_480; Pep28_1290; MgCl_60; Lysozyme_270; MgCl_330; Pep28_210; BSA_1140; Pep28_1320; MgCl_870; CaCl_1020; Lysozyme_90; Lysozyme_510; Lysozyme_840; LL37_360; Lysine_1260; Pep28_240; Lysine_240; Caffeine_450; BSA_1230; LL37_150; CaCl_1050; MgCl_210; BSA_690,shrinkage=auto; solver=lsqr,0.8888888888888888,88.88888888888889,0.4705882352941176,47.05882352941176
95,PK.QL_Chip4_Chan3,LDA,107,Lysozyme_60; Lysozyme_750; BSA_210; Pep28_360; CaCl_990; BSA_90; Caffeine_660; LL37_1020; Lysozyme_1170; Lysozyme_720; MgCl_30; BSA_30; Lysine_690; Caffeine_30; LL37_1350; LL37_390; Caffeine_630; CaCl_30; LL37_300; Caffeine_360; Lysozyme_960; Caffeine_570; CaCl_1140; MgCl_270; LL37_750; Lysozyme_1020; MgCl_420; Caffeine_90; Pep28_180; Caffeine_990; Lysine_30; MgCl_1110; LL37_540; BSA_930; MgCl_300; Caffeine_1110; Pep28_150; Pep28_30; BSA_1290; Lysozyme_690; CaCl_900; Lysozyme_1350; LL37_180; CaCl_1350; MgCl_180; Lysozyme_480; LL37_1050; LL37_1260; CaCl_1290; LL37_990; LL37_30; Lysozyme_30; Lysozyme_240; LL37_420; Lysozyme_120; CaCl_1110; Caffeine_870; LL37_1140; Caffeine_120; Pep28_570; LL37_330; Caffeine_390; CaCl_240; CaCl_90; MgCl_630; MgCl_1140; Caffeine_1020; Lysozyme_1290; CaCl_540; BSA_420; LL37_1110; Lysozyme_1260; Caffeine_690; BSA_240; Lysine_1230; Lysine_1080; MgCl_450; Lysozyme_1200; MgCl_60; Pep28_1080; Caffeine_1230; CaCl_150; MgCl_840; Lysine_210; Caffeine_720; Lysine_660; Lysozyme_90; Lysozyme_1050; Caffeine_1200; Pep28_480; BSA_660; Lysozyme_810; BSA_900; MgCl_90; Caffeine_510; CaCl_270; LL37_60; CaCl_780; Lysozyme_1080; MgCl_1170; Pep28_690; Lysine_1350; MgCl_1350; MgCl_330; MgCl_120; Lysine_1170; BSA_1020,solver=svd,0.7777777777777778,77.77777777777779,0.4375,43.75
96,PK.QL_Chip4_Chan4,LDA,105,Lysozyme_60; Lysozyme_750; Pep28_360; BSA_210; CaCl_990; LL37_1020; BSA_90; Caffeine_660; Lysozyme_720; LL37_1350; Lysozyme_1170; BSA_30; Lysine_690; MgCl_30; CaCl_1140; LL37_540; Lysozyme_1020; Lysozyme_960; Caffeine_630; LL37_390; LL37_300; Caffeine_570; MgCl_270; Caffeine_360; CaCl_30; Pep28_180; Caffeine_990; LL37_750; Caffeine_90; MgCl_1110; BSA_930; MgCl_420; Caffeine_30; Lysozyme_30; Lysozyme_690; LL37_180; MgCl_300; BSA_1290; CaCl_900; CaCl_1350; Pep28_150; Caffeine_1110; LL37_30; Lysozyme_1350; Lysine_30; LL37_420; CaCl_1290; LL37_1050; LL37_990; Pep28_30; CaCl_1110; MgCl_180; LL37_1260; Lysozyme_120; Caffeine_870; LL37_1140; CaCl_240; BSA_420; Lysozyme_240; Caffeine_1020; MgCl_630; LL37_330; Pep28_570; Caffeine_390; Caffeine_120; CaCl_540; Lysozyme_480; Caffeine_690; Lysozyme_1260; LL37_1110; MgCl_90; MgCl_450; CaCl_150; Lysozyme_1050; Lysozyme_1290; BSA_660; CaCl_90; MgCl_1140; Pep28_1080; MgCl_60; Caffeine_1200; Caffeine_1230; MgCl_840; Lysine_1080; BSA_240; Lysozyme_1200; Lysine_210; MgCl_1170; Lysozyme_810; Pep28_690; CaCl_780; Lysine_1230; Caffeine_510; BSA_180; BSA_390; Lysine_1350; BSA_1020; Caffeine_720; LL37_480; MgCl_120; Lysine_660; LL37_60; Lysine_1170; MgCl_1050; BSA_900,solver=svd,1.0,100.0,1.0,100.0
97,PK.QM_Chip1_Chan1,LDA,158,Lysozyme_60; Lysozyme_750; Pep28_360; BSA_210; CaCl_990; LL37_1020; BSA_90; Caffeine_660; Lysozyme_1170; BSA_30; LL37_1350; LL37_390; MgCl_30; CaCl_30; Lysine_690; Lysozyme_960; Caffeine_630; CaCl_1140; LL37_300; Lysozyme_1020; Pep28_180; Caffeine_570; LL37_540; MgCl_1110; Caffeine_990; BSA_930; MgCl_270; Caffeine_30; Caffeine_90; Caffeine_360; MgCl_420; Pep28_150; LL37_750; Lysozyme_30; Lysozyme_690; Caffeine_1110; BSA_1290; LL37_180; Lysine_30; CaCl_900; Lysozyme_720; CaCl_1350; MgCl_300; Pep28_30; LL37_420; LL37_30; LL37_990; Lysozyme_1350; CaCl_1290; LL37_1050; MgCl_180; LL37_1260; Lysozyme_120; CaCl_1110; LL37_330; Caffeine_390; Caffeine_870; Caffeine_1020; Pep28_570; LL37_1140; Lysozyme_480; BSA_420; Lysozyme_240; Caffeine_120; LL37_1110; CaCl_540; Lysozyme_1260; CaCl_240; MgCl_630; CaCl_90; Lysozyme_1200; Pep28_1080; MgCl_90; Caffeine_690; MgCl_450; MgCl_1140; Lysine_1080; Caffeine_1200; MgCl_840; BSA_660; Lysozyme_1050; BSA_240; Lysozyme_1290; CaCl_150; MgCl_60; Lysine_210; Lysozyme_1080; CaCl_780; MgCl_1170; Caffeine_510; Lysine_660; MgCl_120; Lysine_1350; LL37_60; LL37_840; CaCl_180; BSA_1020; Lysozyme_810; Caffeine_1230; CaCl_270; Lysine_1230; Pep28_690; Lysozyme_90; BSA_900; BSA_330; Lysine_1170; MgCl_1050; Pep28_480; BSA_180; MgCl_1350; LL37_480; CaCl_360; LL37_450; Caffeine_720; BSA_390; MgCl_330; Pep28_240; MgCl_660; CaCl_930; Pep28_210; Pep28_1290; LL37_510; MgCl_870; BSA_1230; Pep28_1320; BSA_540; LL37_360; BSA_1140; Lysine_420; Lysine_240; Lysozyme_270; Caffeine_780; BSA_690; CaCl_1050; CaCl_1020; Lysine_750; CaCl_300; LL37_240; MgCl_1020; BSA_1320; Lysine_1260; BSA_510; CaCl_1200; CaCl_390; Lysine_390; MgCl_210; Caffeine_450; Lysozyme_510; Lysozyme_870; MgCl_480; Lysozyme_660; Lysine_840; LL37_900; Caffeine_150; Caffeine_1050; Lysozyme_300; Lysine_360; Caffeine_840,shrinkage=0.1; solver=lsqr,0.9444444444444444,94.44444444444444,0.4857142857142857,48.57142857142857
98,PK.QM_Chip1_Chan2,LDA,122,Lysozyme_60; Lysozyme_750; BSA_210; Pep28_360; CaCl_990; BSA_90; LL37_1020; Caffeine_660; Lysozyme_1170; BSA_30; LL37_1350; Lysozyme_720; MgCl_30; CaCl_30; LL37_300; Caffeine_630; LL37_390; Lysine_690; CaCl_1140; MgCl_270; Lysozyme_960; Caffeine_570; Caffeine_990; Lysozyme_1020; Pep28_180; LL37_750; BSA_930; MgCl_1110; MgCl_420; LL37_540; Caffeine_90; Caffeine_360; MgCl_300; Caffeine_30; CaCl_900; Lysine_30; Lysozyme_30; Lysozyme_690; Pep28_150; LL37_180; BSA_1290; CaCl_1350; CaCl_1290; LL37_1050; Caffeine_1110; LL37_990; LL37_30; MgCl_180; Caffeine_390; LL37_1260; Lysozyme_1350; LL37_420; Caffeine_120; Lysozyme_120; LL37_1140; LL37_330; Caffeine_870; CaCl_1110; Caffeine_1020; Lysozyme_240; Lysozyme_1290; BSA_420; Lysozyme_1260; CaCl_540; MgCl_630; CaCl_90; Lysozyme_480; LL37_1110; Pep28_570; BSA_240; Lysozyme_90; CaCl_150; MgCl_450; Caffeine_1230; Pep28_30; Caffeine_510; CaCl_240; MgCl_1140; MgCl_840; CaCl_180; Pep28_1080; MgCl_90; Lysine_1080; LL37_60; BSA_660; Lysozyme_1200; Lysozyme_1080; MgCl_1170; Pep28_690; BSA_180; Lysine_1230; Lysozyme_1050; Lysozyme_810; Pep28_480; MgCl_60; Lysine_210; BSA_900; Caffeine_690; LL37_840; Lysine_750; MgCl_660; Lysine_1170; CaCl_780; BSA_1020; Lysine_1350; MgCl_480; MgCl_1350; Lysine_660; MgCl_120; CaCl_930; CaCl_270; MgCl_1050; LL37_480; Caffeine_720; BSA_1140; Lysine_240; MgCl_1020; MgCl_870; BSA_540; Lysine_840; MgCl_330; BSA_390,shrinkage=auto; solver=lsqr,0.8333333333333334,83.33333333333334,0.4545454545454545,45.454545454545446
99,PK.QM_Chip1_Chan3,LDA,129,Lysozyme_60; Pep28_360; BSA_210; Lysozyme_750; CaCl_990; BSA_90; LL37_1020; BSA_30; Caffeine_660; Lysozyme_1170; LL37_1350; Caffeine_360; LL37_390; Lysine_690; MgCl_30; CaCl_30; Caffeine_90; CaCl_1140; Caffeine_630; Lysozyme_720; Caffeine_570; MgCl_1110; Lysozyme_690; BSA_930; Caffeine_720; Caffeine_990; Caffeine_30; Lysine_30; MgCl_420; LL37_540; LL37_180; LL37_750; Lysozyme_960; Pep28_180; BSA_1290; MgCl_270; CaCl_1350; Lysozyme_1350; LL37_300; Caffeine_1110; Pep28_150; CaCl_900; Lysozyme_240; LL37_1050; LL37_990; LL37_1260; CaCl_1290; LL37_330; MgCl_180; Caffeine_1020; Lysozyme_1020; Lysozyme_30; LL37_420; CaCl_1110; Lysozyme_480; Caffeine_870; LL37_30; Caffeine_1230; LL37_1140; MgCl_300; Lysozyme_1050; Lysozyme_1290; CaCl_540; Caffeine_390; MgCl_450; Caffeine_120; MgCl_630; Pep28_570; CaCl_90; Lysozyme_1260; CaCl_240; Pep28_30; Lysozyme_120; MgCl_840; BSA_240; Lysine_1080; LL37_1110; Lysine_1230; BSA_660; Caffeine_810; Caffeine_780; Lysine_210; Lysozyme_1200; Lysine_1260; Lysozyme_90; MgCl_90; Caffeine_1200; Pep28_1080; MgCl_1140; BSA_180; Lysine_1170; BSA_420; CaCl_930; Lysine_1350; CaCl_270; BSA_1020; LL37_840; Pep28_480; CaCl_780; MgCl_1050; Lysozyme_810; LL37_360; Lysine_240; LL37_480; CaCl_180; MgCl_60; Lysine_420; CaCl_150; Lysine_660; MgCl_1170; BSA_900; BSA_390; MgCl_870; MgCl_120; Pep28_270; MgCl_480; LL37_510; Pep28_1320; MgCl_1350; CaCl_300; Pep28_690; BSA_1140; MgCl_660; MgCl_330; Lysine_840; CaCl_1200; Lysozyme_630; Lysozyme_510; Pep28_1290,solver=svd,0.1666666666666666,16.66666666666666,0.1428571428571428,14.28571428571428
100,PK.QM_Chip1_Chan4,LDA,141,Lysozyme_60; Lysozyme_750; BSA_210; Pep28_360; CaCl_990; LL37_1020; BSA_90; Lysozyme_1170; Caffeine_660; Lysozyme_720; BSA_30; LL37_1350; LL37_390; CaCl_30; Lysine_690; Caffeine_630; CaCl_1140; MgCl_30; MgCl_270; Caffeine_570; LL37_540; Caffeine_360; LL37_300; Caffeine_90; Lysozyme_960; Pep28_180; MgCl_420; MgCl_1110; Lysozyme_1020; Caffeine_990; LL37_750; BSA_930; MgCl_300; Caffeine_30; BSA_1290; Caffeine_1110; Lysozyme_690; Pep28_30; LL37_180; CaCl_900; Lysozyme_1350; LL37_420; LL37_30; CaCl_1350; Pep28_150; LL37_990; Lysine_30; Lysozyme_30; CaCl_1290; LL37_1050; MgCl_180; CaCl_1110; LL37_1260; LL37_330; Lysozyme_120; Lysozyme_480; LL37_1140; Lysozyme_240; Caffeine_870; CaCl_240; Caffeine_1020; Pep28_570; Caffeine_120; Caffeine_390; CaCl_90; CaCl_540; Caffeine_690; Lysozyme_1260; MgCl_630; LL37_1110; Lysozyme_1290; BSA_420; MgCl_90; MgCl_450; Caffeine_1200; MgCl_1140; BSA_660; Lysine_1080; Caffeine_1230; MgCl_840; Pep28_1080; Lysine_210; BSA_240; MgCl_60; Lysozyme_90; CaCl_150; Caffeine_720; Lysozyme_1200; MgCl_1170; Pep28_690; Lysine_1230; CaCl_780; Lysozyme_1080; Lysine_1350; Caffeine_510; Lysozyme_1050; MgCl_120; BSA_1020; LL37_60; Lysozyme_810; MgCl_1050; Lysine_660; LL37_840; Lysine_1170; BSA_900; LL37_480; BSA_330; BSA_180; CaCl_180; MgCl_1350; LL37_450; Pep28_480; CaCl_270; CaCl_930; BSA_1230; BSA_390; CaCl_1020; MgCl_660; MgCl_330; LL37_510; MgCl_870; Caffeine_780; CaCl_390; Lysine_420; BSA_540; BSA_1140; MgCl_1020; LL37_240; Lysine_240; Lysine_840; Lysine_750; Pep28_1290; LL37_360; Lysine_390; CaCl_1050; BSA_690; LL37_150; MgCl_480; Pep28_1320; Pep28_210; Lysozyme_510,shrinkage=0.1; solver=lsqr,1.0,100.0,1.0,100.0
101,PK.QM_Chip3_Chan1,LDA,113,Lysozyme_60; Lysozyme_750; Pep28_360; BSA_210; Lysozyme_1170; CaCl_990; Caffeine_660; BSA_30; LL37_1020; BSA_90; CaCl_30; MgCl_30; LL37_1350; Caffeine_30; Lysozyme_720; Lysozyme_960; Lysine_690; CaCl_1140; Pep28_180; LL37_540; MgCl_300; MgCl_420; MgCl_270; Lysozyme_1020; LL37_300; Caffeine_570; Caffeine_630; LL37_750; Lysozyme_690; MgCl_1110; BSA_930; LL37_390; Caffeine_990; BSA_1290; Pep28_150; CaCl_240; Caffeine_1110; Pep28_30; Caffeine_90; Caffeine_360; CaCl_1290; CaCl_900; Lysine_30; Caffeine_1020; CaCl_1350; Lysozyme_1350; LL37_180; Caffeine_390; LL37_420; LL37_1260; LL37_330; LL37_990; MgCl_180; MgCl_90; LL37_480; LL37_1050; BSA_240; Lysozyme_30; Lysozyme_120; Lysine_1080; MgCl_120; Lysozyme_1290; Pep28_570; Lysozyme_1080; CaCl_540; CaCl_90; LL37_1110; Lysozyme_480; CaCl_1110; MgCl_630; Lysozyme_240; BSA_900; BSA_1020; MgCl_1170; Pep28_1080; Caffeine_1200; Caffeine_690; Caffeine_510; LL37_840; Lysozyme_90; BSA_420; Lysozyme_1200; Lysozyme_1260; Pep28_690; Lysine_1170; LL37_1140; BSA_660; Lysine_210; Lysine_1230; MgCl_450; LL37_240; Caffeine_870; CaCl_150; MgCl_1140; Lysine_1350; CaCl_780; MgCl_840; LL37_30; MgCl_330; CaCl_180; Pep28_480; Caffeine_780; MgCl_870; MgCl_1050; Lysozyme_810; BSA_1230; Caffeine_1170; Caffeine_1230; MgCl_660; Lysozyme_1050; Caffeine_720; LL37_210; CaCl_1020,shrinkage=0.5; solver=lsqr,0.1666666666666666,16.66666666666666,0.1428571428571428,14.28571428571428
102,PK.QM_Chip3_Chan2,LDA,128,Lysozyme_60; Lysozyme_750; Pep28_360; CaCl_990; BSA_90; BSA_210; LL37_1020; Caffeine_660; Lysozyme_1170; Lysozyme_720; BSA_30; LL37_1350; CaCl_30; LL37_390; Lysine_690; MgCl_30; BSA_930; Caffeine_570; LL37_300; Caffeine_990; CaCl_1140; MgCl_270; Caffeine_30; Lysozyme_1020; LL37_540; Lysozyme_960; MgCl_1110; Pep28_180; Caffeine_360; Caffeine_90; Caffeine_630; MgCl_420; LL37_750; BSA_1290; Pep28_150; Lysine_30; Lysozyme_690; Caffeine_1110; LL37_180; LL37_1050; LL37_420; CaCl_900; Lysozyme_30; MgCl_300; Lysozyme_1350; LL37_990; CaCl_1350; CaCl_1290; Pep28_30; LL37_1260; LL37_30; CaCl_1110; MgCl_180; Lysozyme_120; Caffeine_1020; Lysozyme_240; LL37_1140; LL37_330; Lysozyme_480; Pep28_570; Caffeine_870; Caffeine_390; CaCl_90; Caffeine_120; Lysozyme_1260; LL37_1110; CaCl_240; MgCl_630; Lysozyme_1290; MgCl_1140; Caffeine_690; MgCl_450; Caffeine_1230; CaCl_150; Pep28_1080; MgCl_60; Caffeine_1200; BSA_420; Lysine_1230; Lysozyme_1200; Lysozyme_810; LL37_60; BSA_660; Lysine_1080; Lysine_210; Lysine_1350; MgCl_840; Lysozyme_1050; Caffeine_510; CaCl_540; Lysozyme_90; LL37_840; Lysine_660; Lysozyme_1080; BSA_180; BSA_1020; CaCl_270; Lysine_1170; Caffeine_720; Pep28_690; LL37_450; LL37_480; MgCl_1170; BSA_240; CaCl_930; MgCl_660; BSA_900; MgCl_1050; MgCl_1350; LL37_360; BSA_390; MgCl_120; BSA_1230; CaCl_780; Pep28_480; CaCl_360; MgCl_870; CaCl_180; MgCl_480; Lysine_840; LL37_240; MgCl_330; Lysine_750; Caffeine_330; MgCl_90; MgCl_1020; Lysine_240; Lysine_1260,solver=svd,0.8888888888888888,88.88888888888889,0.4705882352941176,47.05882352941176
103,PK.QM_Chip3_Chan3,LDA,138,Lysozyme_60; Lysozyme_750; BSA_210; Pep28_360; CaCl_990; LL37_1020; BSA_90; Lysozyme_1170; Caffeine_660; BSA_30; Lysozyme_720; LL37_1350; CaCl_1140; LL37_390; LL37_300; CaCl_30; Lysine_690; MgCl_30; Lysozyme_960; Lysozyme_1020; Pep28_180; Caffeine_630; Caffeine_990; MgCl_270; Caffeine_30; Caffeine_570; Caffeine_90; MgCl_1110; Caffeine_360; LL37_750; BSA_930; LL37_540; MgCl_420; BSA_1290; Lysozyme_690; LL37_180; Pep28_150; LL37_420; CaCl_1350; LL37_30; CaCl_900; Pep28_30; Caffeine_1110; MgCl_300; Lysine_30; Lysozyme_30; LL37_1050; CaCl_1290; Lysozyme_1350; LL37_990; CaCl_1110; MgCl_180; LL37_1260; LL37_1140; Lysozyme_120; Lysozyme_240; Caffeine_120; Lysozyme_480; LL37_330; Caffeine_1020; MgCl_630; Caffeine_870; Caffeine_390; Lysine_1080; CaCl_240; Pep28_570; Lysozyme_1260; LL37_1110; Lysozyme_1290; CaCl_90; BSA_420; BSA_660; Lysine_210; Caffeine_1200; MgCl_450; Caffeine_690; CaCl_540; BSA_240; Pep28_1080; MgCl_1140; CaCl_150; Caffeine_1230; Lysozyme_1200; MgCl_840; MgCl_60; Lysozyme_1080; Lysine_1230; MgCl_90; LL37_60; LL37_840; CaCl_180; Lysozyme_810; MgCl_1170; Lysine_1350; Lysine_660; Caffeine_720; Caffeine_510; Lysozyme_90; Pep28_690; CaCl_780; Lysozyme_1050; BSA_900; MgCl_120; Lysine_1170; BSA_1020; MgCl_1050; Pep28_480; BSA_180; LL37_480; MgCl_660; CaCl_930; MgCl_1350; MgCl_330; BSA_330; Caffeine_780; LL37_450; BSA_390; BSA_540; CaCl_270; LL37_510; Lysine_240; MgCl_480; MgCl_870; LL37_240; BSA_1140; Caffeine_330; CaCl_360; Pep28_1320; Pep28_1290; BSA_1230; CaCl_300; BSA_690; CaCl_390; CaCl_1020; Lysine_750; Lysozyme_270; Lysine_420; MgCl_1020,shrinkage=auto; solver=lsqr,1.0,100.0,1.0,100.0
104,PK.QM_Chip3_Chan4,LDA,132,Lysozyme_60; Lysozyme_750; Pep28_360; CaCl_990; BSA_210; BSA_30; Lysozyme_1170; BSA_90; Caffeine_990; LL37_1350; Caffeine_660; Lysozyme_720; LL37_1020; MgCl_30; LL37_30; Caffeine_360; Lysozyme_960; BSA_930; LL37_390; CaCl_30; LL37_300; Caffeine_90; Lysine_690; CaCl_1140; BSA_1290; MgCl_1110; MgCl_270; Caffeine_570; MgCl_420; Lysozyme_1020; Caffeine_630; LL37_180; LL37_750; LL37_1050; Pep28_180; MgCl_300; Lysozyme_690; Pep28_150; LL37_540; Caffeine_1110; Lysozyme_1350; Caffeine_30; CaCl_1350; CaCl_900; Lysine_30; LL37_330; LL37_990; CaCl_1290; LL37_1140; Lysozyme_120; CaCl_90; Lysozyme_30; LL37_1260; MgCl_630; Lysozyme_480; Pep28_30; Lysozyme_240; MgCl_180; CaCl_1110; LL37_420; Caffeine_1200; Pep28_570; Lysozyme_1260; Caffeine_690; Caffeine_120; Lysozyme_1290; LL37_1110; Caffeine_510; LL37_510; Lysine_210; MgCl_1170; BSA_240; Pep28_1080; MgCl_90; Caffeine_1260; Lysozyme_90; MgCl_1140; Lysine_1230; BSA_420; MgCl_450; BSA_1020; Lysozyme_810; BSA_660; MgCl_840; Lysine_660; CaCl_240; Lysine_1080; CaCl_150; LL37_360; MgCl_120; Lysozyme_1200; LL37_450; Caffeine_1020; CaCl_180; LL37_840; Pep28_690; BSA_390; CaCl_780; Lysozyme_1080; Lysine_1170; MgCl_1350; CaCl_1080; Lysine_1350; Caffeine_720; Lysozyme_1050; Lysine_750; Lysine_420; MgCl_330; BSA_180; Caffeine_1050; Pep28_480; CaCl_930; MgCl_1050; CaCl_270; Lysozyme_270; BSA_630; Caffeine_1230; Pep28_1320; MgCl_1020; Lysine_240; MgCl_480; Lysine_840; LL37_780; CaCl_540; Lysozyme_510; LL37_1320; BSA_690; Caffeine_1140; LL37_630; Lysozyme_300; MgCl_210; Pep28_1290,solver=svd,0.1111111111111111,11.11111111111111,0.1,10.0
105,PK.QM_Chip4_Chan1,LDA,147,Lysozyme_750; Lysozyme_60; BSA_210; CaCl_990; Pep28_360; BSA_90; LL37_1020; Lysozyme_720; LL37_390; Caffeine_660; MgCl_30; Lysozyme_1170; LL37_300; Caffeine_570; CaCl_1140; Caffeine_990; Caffeine_630; Lysozyme_960; LL37_1350; MgCl_420; Lysozyme_1020; Caffeine_90; Pep28_180; Caffeine_30; CaCl_30; MgCl_270; LL37_540; BSA_30; Caffeine_1110; BSA_1290; Caffeine_360; MgCl_300; BSA_930; Lysine_30; CaCl_900; Lysozyme_1350; Lysozyme_30; LL37_1050; CaCl_1350; Pep28_150; LL37_990; MgCl_1110; CaCl_90; LL37_180; Lysozyme_690; Lysozyme_480; LL37_750; Pep28_30; Caffeine_870; Caffeine_1020; Lysozyme_1290; BSA_1020; Lysozyme_120; CaCl_150; MgCl_180; CaCl_1290; Pep28_570; LL37_1140; CaCl_540; CaCl_1110; LL37_420; CaCl_240; LL37_1260; LL37_30; MgCl_840; LL37_330; Lysozyme_1050; CaCl_1200; Lysozyme_1260; BSA_690; LL37_1110; Caffeine_390; Lysine_1350; Lysine_1080; MgCl_630; Lysine_840; MgCl_450; Caffeine_120; CaCl_180; Lysozyme_1080; BSA_420; Caffeine_690; Lysozyme_1200; Caffeine_1200; Pep28_480; LL37_60; Pep28_1080; Caffeine_1230; Pep28_690; Lysozyme_810; MgCl_120; Lysozyme_240; Caffeine_720; Lysine_660; Lysozyme_630; LL37_450; CaCl_780; Caffeine_510; Lysine_210; MgCl_90; Caffeine_780; LL37_840; Lysine_1230; MgCl_1170; BSA_900; MgCl_60; Pep28_1320; MgCl_330; CaCl_930; BSA_240; BSA_660; LL37_240; MgCl_1050; MgCl_210; BSA_1140; BSA_990; Lysine_1170; CaCl_270; MgCl_1140; Lysozyme_510; BSA_180; LL37_480; BSA_330; CaCl_360; MgCl_240; MgCl_660; MgCl_870; BSA_390; Caffeine_840; CaCl_300; LL37_510; BSA_510; LL37_360; Lysozyme_210; LL37_210; CaCl_330; Lysine_750; MgCl_1350; CaCl_1050; CaCl_390; Lysine_390; MgCl_1020; Lysozyme_300; MgCl_480; Pep28_1290; Caffeine_450; Lysozyme_870,solver=svd,0.1111111111111111,11.11111111111111,0.1,10.0
106,PK.QM_Chip4_Chan2,LDA,150,Lysozyme_60; Lysozyme_750; Pep28_360; BSA_210; CaCl_990; LL37_1020; BSA_90; Caffeine_660; Lysozyme_720; BSA_30; Lysozyme_1170; LL37_1350; LL37_390; MgCl_30; Lysozyme_1020; Caffeine_630; CaCl_30; Lysozyme_960; MgCl_270; Caffeine_570; Pep28_180; Caffeine_360; CaCl_1140; LL37_540; Caffeine_990; Lysine_690; LL37_300; MgCl_1110; Caffeine_90; MgCl_420; LL37_180; BSA_930; Caffeine_30; Lysine_30; Lysozyme_690; CaCl_900; Pep28_150; CaCl_1350; Caffeine_1110; LL37_750; BSA_1290; MgCl_300; MgCl_180; LL37_420; LL37_1050; Lysozyme_30; Lysozyme_1350; LL37_990; CaCl_1290; Pep28_30; LL37_1260; LL37_30; Lysozyme_120; CaCl_240; CaCl_1110; LL37_1140; LL37_330; Caffeine_870; Lysozyme_1260; Lysozyme_480; Caffeine_120; LL37_1110; Lysozyme_240; Caffeine_1020; CaCl_540; Pep28_570; CaCl_90; Caffeine_390; MgCl_1140; BSA_420; Caffeine_690; Lysozyme_1290; MgCl_630; MgCl_840; MgCl_60; MgCl_1170; MgCl_90; Pep28_1080; Lysozyme_90; Lysine_210; MgCl_450; Caffeine_1230; Caffeine_1200; BSA_240; CaCl_150; BSA_1020; Lysine_1080; Lysozyme_1200; Lysine_1230; BSA_180; Caffeine_510; BSA_660; Lysozyme_1080; Caffeine_720; Lysozyme_810; Pep28_690; Lysine_1350; MgCl_1050; CaCl_780; LL37_840; MgCl_120; Lysozyme_1050; MgCl_1350; Lysine_660; Lysine_1170; CaCl_270; MgCl_660; CaCl_930; BSA_330; CaCl_180; BSA_1230; LL37_60; BSA_900; BSA_540; MgCl_330; LL37_450; BSA_390; Pep28_480; Lysozyme_270; LL37_510; CaCl_1020; MgCl_870; Lysine_240; LL37_480; MgCl_1020; Caffeine_780; MgCl_480; Pep28_1320; BSA_690; Lysine_750; Lysozyme_660; Lysine_1260; CaCl_360; Pep28_1290; BSA_300; Lysine_420; CaCl_1200; BSA_1140; Pep28_240; Lysine_840; LL37_360; LL37_240; Pep28_210; CaCl_390; Lysine_360; CaCl_1050; CaCl_300; BSA_510; Lysine_390; Caffeine_150,shrinkage=0.1; solver=lsqr,0.7777777777777778,77.77777777777779,0.4375,43.75
107,PK.QM_Chip4_Chan3,LDA,101,Lysozyme_60; Lysozyme_750; Pep28_360; BSA_210; CaCl_990; BSA_90; LL37_1020; Caffeine_660; Lysozyme_1170; LL37_390; Lysozyme_720; CaCl_30; LL37_1350; LL37_300; Lysozyme_1020; Caffeine_630; Caffeine_30; LL37_540; Pep28_180; MgCl_300; CaCl_1140; Caffeine_360; Lysine_690; LL37_750; MgCl_1110; BSA_30; BSA_930; Caffeine_990; Caffeine_570; Caffeine_90; MgCl_270; Caffeine_1110; Lysozyme_690; LL37_420; MgCl_420; Lysozyme_30; CaCl_1350; CaCl_900; CaCl_1290; Pep28_150; BSA_1290; LL37_1260; Lysozyme_1350; Lysozyme_120; LL37_180; Lysine_30; Caffeine_870; Caffeine_1020; LL37_1110; LL37_30; Pep28_30; CaCl_90; Caffeine_120; LL37_990; MgCl_90; LL37_1140; Lysozyme_90; BSA_420; MgCl_630; Caffeine_690; Lysozyme_960; CaCl_1110; LL37_60; MgCl_840; Lysozyme_1290; LL37_1050; LL37_330; Lysozyme_1200; Lysozyme_480; Caffeine_390; CaCl_240; BSA_1320; BSA_660; Pep28_480; MgCl_180; MgCl_1140; BSA_240; Lysozyme_240; Lysozyme_810; Lysine_1080; LL37_840; CaCl_540; MgCl_330; BSA_180; LL37_480; BSA_1020; Pep28_570; Pep28_1080; MgCl_120; MgCl_450; Lysine_210; Caffeine_510; Caffeine_1200; Pep28_690; Lysine_1350; CaCl_180; Lysozyme_1050; Lysozyme_1080; MgCl_1170; Caffeine_1230; CaCl_270,shrinkage=auto; solver=lsqr,0.5555555555555556,55.55555555555556,0.3571428571428571,35.71428571428571
108,PK.QM_Chip4_Chan4,LDA,180,Lysozyme_60; Lysozyme_750; BSA_30; BSA_210; Pep28_360; BSA_90; CaCl_990; Lysozyme_1170; LL37_1020; Lysozyme_720; MgCl_30; Caffeine_660; Lysine_690; Caffeine_630; Pep28_30; MgCl_270; LL37_180; BSA_930; Caffeine_360; Caffeine_990; MgCl_300; Caffeine_570; Lysozyme_1020; LL37_540; LL37_30; BSA_1290; CaCl_30; Lysozyme_960; CaCl_1140; Pep28_180; MgCl_420; Caffeine_30; Caffeine_90; Caffeine_1110; MgCl_1110; LL37_300; LL37_990; CaCl_1350; CaCl_900; Pep28_150; LL37_1050; LL37_390; Lysozyme_690; LL37_420; Lysine_30; LL37_750; Lysozyme_1350; LL37_1350; LL37_1110; CaCl_1110; LL37_330; Caffeine_390; CaCl_1290; CaCl_150; Caffeine_1020; Lysozyme_30; CaCl_540; Lysozyme_120; Caffeine_870; LL37_1140; LL37_1260; MgCl_180; Lysine_1350; Caffeine_1200; Pep28_570; BSA_1140; Lysine_1080; Lysozyme_810; Lysine_210; MgCl_630; Lysozyme_1260; CaCl_360; CaCl_240; Lysozyme_480; BSA_180; Caffeine_120; Lysozyme_660; CaCl_930; BSA_60; Pep28_1080; Caffeine_690; BSA_420; LL37_240; Lysozyme_1050; Lysozyme_240; CaCl_270; Lysozyme_1290; CaCl_180; Caffeine_720; MgCl_330; Lysozyme_1200; BSA_660; MgCl_1170; Pep28_690; BSA_240; MgCl_840; Lysine_1230; Caffeine_510; MgCl_1350; LL37_840; Lysine_660; Lysine_1170; MgCl_240; Caffeine_1230; BSA_1020; BSA_1230; Lysine_750; MgCl_1140; Lysozyme_270; BSA_900; CaCl_780; MgCl_480; Lysozyme_1080; BSA_690; BSA_330; CaCl_1200; LL37_360; Caffeine_840; BSA_390; MgCl_450; LL37_900; BSA_990; MgCl_1020; BSA_600; Lysine_240; Lysozyme_90; LL37_450; MgCl_90; Pep28_1320; Caffeine_780; MgCl_660; Lysozyme_300; Caffeine_450; CaCl_600; LL37_510; MgCl_1320; LL37_60; BSA_300; LL37_120; MgCl_120; Lysine_390; CaCl_330; BSA_510; Pep28_1260; MgCl_60; LL37_480; Lysozyme_510; Lysine_420; BSA_540; MgCl_1050; CaCl_300; LL37_870; Pep28_480; MgCl_870; CaCl_1020; CaCl_630; Lysine_1260; CaCl_1050; Caffeine_150; Pep28_210; Lysozyme_1110; Pep28_240; Pep28_750; Lysozyme_630; Pep28_1290; MgCl_1200; Pep28_720; Caffeine_1170; Lysozyme_390; MgCl_210; CaCl_840; Caffeine_330; CaCl_720; Lysine_1110; LL37_660; Lysine_360; CaCl_210; Lysozyme_1320; Caffeine_930; Pep28_1140,solver=svd,0.1111111111111111,11.11111111111111,0.1,10.0
109,PR.QH_Chip1_Chan1,LDA,113,Lysozyme_60; Lysozyme_750; Pep28_360; BSA_210; CaCl_990; BSA_90; LL37_1020; Lysozyme_1170; Caffeine_660; BSA_30; Lysozyme_720; LL37_1350; LL37_390; CaCl_30; Lysine_690; CaCl_1140; Pep28_180; Caffeine_630; MgCl_30; LL37_300; Lysozyme_960; Caffeine_570; Lysozyme_1020; LL37_540; Caffeine_990; Caffeine_30; MgCl_1110; Caffeine_360; MgCl_420; MgCl_270; Caffeine_90; BSA_930; LL37_750; Pep28_150; LL37_180; MgCl_300; Lysozyme_30; Caffeine_1110; Lysozyme_690; Pep28_30; BSA_1290; CaCl_900; Lysine_30; LL37_990; LL37_30; LL37_1050; CaCl_1350; CaCl_1290; Lysozyme_1350; LL37_420; MgCl_180; Lysozyme_120; LL37_1260; LL37_330; CaCl_1110; Caffeine_1020; Caffeine_870; BSA_420; Caffeine_120; Caffeine_390; Lysozyme_480; Lysozyme_240; LL37_1140; Pep28_570; Caffeine_690; CaCl_540; LL37_1110; CaCl_90; MgCl_630; Lysozyme_1290; Lysozyme_1260; MgCl_840; MgCl_1140; Caffeine_1230; CaCl_240; MgCl_450; MgCl_90; Caffeine_720; Lysozyme_1200; BSA_240; Lysine_1080; BSA_660; Pep28_1080; MgCl_1170; Caffeine_1200; CaCl_150; Caffeine_510; Lysine_210; Lysozyme_90; Lysine_1170; MgCl_60; Pep28_480; Lysine_1230; Lysine_1350; BSA_1020; MgCl_120; Pep28_690; LL37_60; BSA_180; LL37_480; Lysine_660; MgCl_480; BSA_900; Lysozyme_1080; CaCl_180; CaCl_930; MgCl_1350; MgCl_1050; Lysozyme_810; MgCl_660; LL37_840; Lysozyme_1050; MgCl_330,solver=svd,1.0,100.0,1.0,100.0
110,PR.QH_Chip1_Chan2,LDA,163,Lysozyme_60; Lysozyme_750; Pep28_360; BSA_210; CaCl_990; LL37_1020; BSA_90; Lysozyme_1170; BSA_30; Lysozyme_720; Caffeine_660; LL37_1350; CaCl_30; LL37_390; Lysine_690; MgCl_30; Lysozyme_960; MgCl_270; Caffeine_630; Caffeine_570; LL37_300; Lysozyme_1020; CaCl_1140; Pep28_180; Caffeine_360; LL37_540; Caffeine_990; BSA_930; Caffeine_30; Caffeine_90; MgCl_1110; LL37_750; Lysozyme_690; MgCl_420; BSA_1290; CaCl_900; MgCl_300; Caffeine_1110; Pep28_150; Lysozyme_30; CaCl_1350; Lysine_30; LL37_1050; LL37_990; LL37_180; LL37_1260; Pep28_30; LL37_420; Lysozyme_1350; LL37_30; CaCl_1290; MgCl_180; CaCl_1110; LL37_330; Lysozyme_120; Caffeine_1020; MgCl_630; Caffeine_390; Lysozyme_480; Pep28_570; LL37_1140; Caffeine_870; CaCl_90; BSA_420; LL37_1110; Caffeine_690; CaCl_540; Lysozyme_1260; Caffeine_120; Pep28_1080; Lysozyme_240; CaCl_240; Lysozyme_1290; MgCl_840; MgCl_450; Caffeine_1200; CaCl_150; MgCl_90; Lysozyme_1050; Lysine_1080; Caffeine_1230; BSA_240; Caffeine_510; Lysine_210; BSA_660; Lysozyme_1200; Lysozyme_90; Lysozyme_810; MgCl_60; MgCl_1170; LL37_840; CaCl_780; MgCl_1140; Lysine_1230; BSA_390; BSA_1020; BSA_180; Pep28_690; Lysine_660; LL37_480; MgCl_120; Pep28_480; Lysine_1350; Lysozyme_1080; CaCl_180; BSA_900; Lysine_1170; Caffeine_720; Lysozyme_270; MgCl_1050; LL37_60; MgCl_1350; LL37_450; MgCl_660; CaCl_270; BSA_330; CaCl_1200; CaCl_930; BSA_1140; CaCl_390; Lysozyme_510; BSA_1230; Lysine_240; Lysine_840; LL37_510; Lysine_750; Caffeine_780; MgCl_870; MgCl_330; Lysine_1260; Lysine_420; BSA_540; MgCl_1020; BSA_690; CaCl_360; Lysozyme_840; Pep28_1290; LL37_240; CaCl_1020; CaCl_300; Lysozyme_660; Pep28_210; BSA_510; Pep28_240; LL37_360; Caffeine_450; MgCl_210; Lysozyme_630; Lysine_390; Pep28_1260; MgCl_240; Caffeine_840; CaCl_1050; Pep28_1320; BSA_1320; Lysine_1050; Lysozyme_210; LL37_150; LL37_900; LL37_210; Caffeine_150; Lysine_360; Caffeine_1050,solver=svd,1.0,100.0,1.0,100.0
111,PR.QH_Chip1_Chan3,LDA,111,Lysozyme_60; Lysozyme_750; BSA_210; Pep28_360; CaCl_990; LL37_1020; Lysozyme_1170; BSA_30; CaCl_30; BSA_90; Lysozyme_720; MgCl_30; Lysine_690; LL37_1350; Caffeine_990; CaCl_1140; LL37_390; Caffeine_1110; Caffeine_660; Pep28_150; Lysozyme_960; Caffeine_360; Caffeine_570; MgCl_270; BSA_930; Caffeine_90; LL37_180; CaCl_1350; MgCl_420; Pep28_180; LL37_300; Caffeine_630; LL37_60; MgCl_1110; Caffeine_690; LL37_750; Lysozyme_1020; LL37_540; Lysozyme_690; BSA_420; Pep28_30; LL37_990; BSA_1290; Caffeine_30; MgCl_300; Lysozyme_1350; CaCl_900; LL37_420; CaCl_1290; Lysozyme_30; LL37_1260; LL37_1140; CaCl_840; LL37_1050; MgCl_180; CaCl_540; MgCl_630; Caffeine_120; Lysozyme_480; Caffeine_870; Pep28_570; Caffeine_390; LL37_330; CaCl_90; Lysine_30; Caffeine_1020; BSA_660; Lysozyme_120; BSA_240; Lysine_210; CaCl_240; CaCl_1110; Lysozyme_240; Lysozyme_1260; Lysozyme_270; Lysine_1080; MgCl_450; Caffeine_1230; CaCl_390; Pep28_1080; Caffeine_1080; Lysine_1230; Lysozyme_1290; MgCl_1170; MgCl_90; Pep28_690; BSA_1020; Lysozyme_1200; Caffeine_780; Lysine_1350; Lysozyme_90; MgCl_1050; BSA_390; MgCl_60; CaCl_150; Lysine_240; BSA_900; Pep28_480; Caffeine_1200; MgCl_1140; LL37_360; CaCl_930; MgCl_330; Lysine_660; Lysozyme_840; MgCl_120; LL37_840; MgCl_870; Lysozyme_1050; Lysozyme_810; LL37_480,solver=svd,0.1111111111111111,11.11111111111111,0.1,10.0
112,PR.QH_Chip1_Chan4,LDA,171,Lysozyme_60; Lysozyme_750; Pep28_360; BSA_210; CaCl_990; BSA_90; LL37_1020; Lysozyme_1170; Lysozyme_720; BSA_30; Caffeine_660; LL37_1350; Lysozyme_1020; LL37_390; MgCl_30; Lysine_690; CaCl_1140; Caffeine_630; CaCl_30; Caffeine_570; Caffeine_30; Caffeine_360; LL37_300; Caffeine_90; Lysozyme_960; Pep28_180; MgCl_1110; Caffeine_990; LL37_540; MgCl_270; LL37_750; BSA_930; Lysozyme_690; LL37_180; Caffeine_1110; MgCl_420; Lysozyme_30; MgCl_300; Pep28_150; CaCl_900; BSA_1290; Pep28_30; LL37_30; LL37_990; LL37_1050; CaCl_1290; Lysozyme_1350; MgCl_180; LL37_420; Lysozyme_120; LL37_1260; CaCl_1110; Lysine_30; LL37_330; Lysozyme_240; Caffeine_1020; Lysozyme_480; Caffeine_870; Caffeine_390; LL37_1140; Caffeine_120; Lysozyme_1260; LL37_1110; MgCl_630; Pep28_570; CaCl_540; BSA_420; CaCl_90; Lysozyme_1290; CaCl_240; MgCl_450; CaCl_150; Caffeine_690; MgCl_840; BSA_240; MgCl_90; Caffeine_1230; MgCl_1170; Lysine_1080; Lysozyme_1050; Lysozyme_1200; MgCl_1140; BSA_660; Lysozyme_90; Lysine_210; MgCl_60; Lysine_1230; Caffeine_1200; Pep28_1080; Caffeine_510; Pep28_690; BSA_1020; Caffeine_720; LL37_840; Lysine_1350; LL37_480; BSA_330; Lysozyme_810; MgCl_1050; Lysine_660; LL37_60; BSA_900; MgCl_120; CaCl_780; MgCl_1350; Pep28_480; MgCl_660; LL37_450; MgCl_330; CaCl_270; BSA_180; Lysozyme_1080; BSA_390; LL37_510; Lysine_240; CaCl_930; CaCl_1350; CaCl_1200; CaCl_180; MgCl_870; Lysine_1170; LL37_240; CaCl_360; Lysine_750; BSA_540; LL37_360; Lysine_420; CaCl_390; Pep28_1290; Caffeine_780; BSA_1230; BSA_690; BSA_1140; CaCl_1020; Lysine_1260; MgCl_210; MgCl_1020; Pep28_1320; CaCl_1050; Lysine_840; Lysozyme_270; LL37_210; MgCl_480; Lysozyme_870; BSA_300; Lysine_390; Lysozyme_660; Pep28_210; MgCl_240; LL37_870; CaCl_1080; Caffeine_150; Caffeine_1080; Lysozyme_300; Lysine_360; BSA_1320; Caffeine_450; Lysozyme_840; LL37_150; Lysozyme_510; BSA_510; Caffeine_1170; LL37_900; Lysozyme_630; Pep28_240; Caffeine_840; Caffeine_1050; Lysozyme_1110; CaCl_300; CaCl_840; Pep28_1260,shrinkage=0.1; solver=lsqr,1.0,100.0,1.0,100.0
113,PR.QH_Chip3_Chan1,LDA,155,Lysozyme_60; Lysozyme_750; Pep28_360; BSA_210; CaCl_990; LL37_1020; BSA_90; Caffeine_660; Lysozyme_1170; Lysozyme_720; BSA_30; LL37_1350; CaCl_30; LL37_390; MgCl_30; Lysine_690; Lysozyme_960; Caffeine_630; Caffeine_570; Caffeine_360; Lysozyme_1020; MgCl_270; LL37_300; CaCl_1140; Pep28_180; Caffeine_90; LL37_540; BSA_930; Caffeine_990; MgCl_1110; LL37_750; MgCl_420; Lysozyme_30; Lysozyme_690; LL37_180; Lysine_30; Pep28_150; Caffeine_30; MgCl_300; Caffeine_1110; CaCl_900; Lysozyme_1350; CaCl_1350; LL37_990; LL37_1050; BSA_1290; LL37_420; Pep28_30; MgCl_180; CaCl_1290; LL37_1260; Lysozyme_120; LL37_30; Caffeine_1020; Caffeine_870; CaCl_1110; Lysozyme_480; CaCl_90; Caffeine_390; Caffeine_120; CaCl_240; LL37_330; Lysozyme_240; Pep28_570; MgCl_630; LL37_1140; LL37_1110; Lysozyme_1290; Caffeine_690; BSA_420; Lysozyme_1260; MgCl_1140; Lysozyme_1200; MgCl_90; CaCl_540; Caffeine_1230; CaCl_150; Pep28_1080; Caffeine_1200; MgCl_840; Caffeine_510; Lysine_1230; Lysozyme_810; Lysine_1080; MgCl_450; BSA_240; BSA_660; Lysozyme_90; Lysine_210; LL37_840; Lysine_660; Pep28_690; CaCl_780; BSA_1020; MgCl_60; Lysozyme_1050; Lysine_1350; MgCl_120; Caffeine_720; Lysine_1170; MgCl_1170; MgCl_1050; Pep28_480; CaCl_270; Lysozyme_1080; BSA_180; BSA_330; BSA_900; CaCl_930; LL37_480; MgCl_1350; LL37_60; BSA_390; LL37_240; LL37_450; LL37_510; MgCl_480; CaCl_1200; MgCl_870; MgCl_660; Pep28_1290; CaCl_180; BSA_1230; Lysine_240; Caffeine_780; BSA_690; Lysozyme_270; Lysine_750; MgCl_330; Pep28_1320; Lysine_420; Lysine_1260; Lysine_840; LL37_360; BSA_1140; CaCl_390; BSA_540; CaCl_300; Pep28_210; CaCl_1020; MgCl_1020; Lysozyme_510; MgCl_210; Pep28_240; BSA_1320; BSA_510; CaCl_360; CaCl_1050; Caffeine_1170; Lysozyme_660; Caffeine_150; Lysozyme_630; Lysine_390; Lysine_360; LL37_900,solver=svd,1.0,100.0,1.0,100.0
114,PR.QH_Chip3_Chan2,LDA,126,Lysozyme_60; Lysozyme_750; Pep28_360; BSA_210; CaCl_990; BSA_90; LL37_1020; Caffeine_660; Lysozyme_1170; BSA_30; Lysozyme_720; LL37_1350; LL37_390; CaCl_30; Lysine_690; Lysozyme_960; MgCl_30; Caffeine_630; Lysozyme_1020; LL37_300; CaCl_1140; Caffeine_570; Caffeine_360; MgCl_270; LL37_540; Caffeine_990; BSA_930; Pep28_180; Caffeine_30; Caffeine_90; MgCl_1110; MgCl_420; LL37_750; Lysozyme_690; MgCl_300; Caffeine_1110; LL37_180; BSA_1290; Pep28_150; CaCl_900; CaCl_1350; Lysine_30; Lysozyme_30; LL37_990; Lysozyme_1350; LL37_420; LL37_1050; CaCl_1290; LL37_30; Pep28_30; MgCl_180; LL37_1260; CaCl_1110; Lysozyme_120; LL37_330; LL37_1140; Caffeine_1020; Caffeine_870; Lysozyme_480; CaCl_90; Caffeine_390; Pep28_570; CaCl_240; BSA_420; Caffeine_120; MgCl_630; CaCl_540; LL37_1110; Lysozyme_240; Lysozyme_1260; Lysozyme_1290; Caffeine_690; MgCl_90; MgCl_840; MgCl_450; MgCl_1140; BSA_240; Pep28_1080; Caffeine_1200; BSA_660; Lysozyme_1200; MgCl_60; Caffeine_1230; CaCl_150; Lysine_210; Lysozyme_810; Lysine_1230; CaCl_780; Pep28_690; Lysozyme_90; Caffeine_510; MgCl_1170; Lysozyme_1080; Lysine_1350; Caffeine_720; Lysine_1080; LL37_840; Lysine_660; Lysozyme_1050; LL37_60; LL37_480; BSA_1020; BSA_180; MgCl_120; Pep28_480; BSA_900; Lysine_1170; MgCl_1050; BSA_390; CaCl_180; CaCl_270; MgCl_660; BSA_330; MgCl_1350; MgCl_330; BSA_540; CaCl_930; LL37_450; CaCl_360; LL37_240; LL37_360; MgCl_480; Lysine_420; Lysine_750; CaCl_1200; MgCl_870,solver=svd,1.0,100.0,1.0,100.0
115,PR.QH_Chip3_Chan3,LDA,130,Lysozyme_60; Lysozyme_750; Pep28_360; BSA_210; CaCl_990; LL37_1020; BSA_90; Caffeine_660; Lysozyme_1170; BSA_30; Lysozyme_720; LL37_1350; LL37_390; CaCl_30; Lysine_690; CaCl_1140; MgCl_30; Lysozyme_1020; Lysozyme_960; Caffeine_630; MgCl_270; LL37_300; Pep28_180; LL37_540; Caffeine_990; Caffeine_90; MgCl_420; MgCl_1110; Caffeine_30; Caffeine_360; Caffeine_570; BSA_930; LL37_750; Lysozyme_690; BSA_1290; Pep28_150; MgCl_300; CaCl_900; Caffeine_1110; CaCl_1350; LL37_180; Lysine_30; LL37_420; Lysozyme_30; LL37_30; LL37_990; LL37_1050; Pep28_30; Lysozyme_1350; CaCl_1290; MgCl_180; CaCl_1110; LL37_1260; LL37_330; Caffeine_870; Lysozyme_120; Caffeine_1020; Caffeine_390; Caffeine_120; Lysozyme_480; Lysozyme_240; CaCl_90; Pep28_570; CaCl_540; CaCl_240; Lysozyme_1260; MgCl_630; LL37_1110; LL37_1140; MgCl_90; BSA_420; Lysozyme_1290; Caffeine_690; MgCl_840; Caffeine_1200; Pep28_1080; CaCl_150; Caffeine_1230; MgCl_1140; MgCl_450; MgCl_60; BSA_240; BSA_660; Lysozyme_1200; Lysine_210; Lysine_1080; Caffeine_510; Lysozyme_90; Pep28_690; Lysozyme_810; Lysozyme_1080; Caffeine_720; Lysine_1350; Lysozyme_1050; Lysine_1230; MgCl_1170; BSA_1020; Lysine_1170; MgCl_120; CaCl_780; BSA_180; LL37_840; Lysine_660; Pep28_480; LL37_60; BSA_900; CaCl_180; LL37_480; MgCl_1050; CaCl_930; CaCl_270; BSA_330; MgCl_1350; MgCl_660; BSA_390; MgCl_330; LL37_360; LL37_240; LL37_450; CaCl_1200; LL37_510; BSA_1230; BSA_1140; MgCl_480; Lysine_420; MgCl_870; Lysine_840; CaCl_360; Lysozyme_270; CaCl_300,shrinkage=auto; solver=lsqr,1.0,100.0,1.0,100.0
116,PR.QH_Chip3_Chan4,LDA,127,Lysozyme_60; Lysozyme_750; Pep28_360; BSA_210; CaCl_990; BSA_90; LL37_1020; Caffeine_660; Lysozyme_1170; BSA_30; Lysozyme_720; LL37_1350; LL37_390; CaCl_30; Lysine_690; CaCl_1140; Caffeine_630; Lysozyme_960; MgCl_30; Lysozyme_1020; LL37_300; MgCl_270; Caffeine_990; LL37_540; Pep28_180; Caffeine_30; Caffeine_90; MgCl_1110; Caffeine_360; BSA_930; Caffeine_570; MgCl_420; LL37_750; Lysozyme_690; MgCl_300; Lysozyme_30; Lysine_30; Pep28_150; Caffeine_1110; LL37_180; LL37_1050; CaCl_1350; LL37_420; Pep28_30; CaCl_900; Lysozyme_1350; CaCl_1290; BSA_1290; LL37_990; LL37_30; MgCl_180; LL37_1260; Lysozyme_120; Caffeine_1020; CaCl_1110; Caffeine_870; LL37_330; Lysozyme_480; Caffeine_120; Lysozyme_240; CaCl_540; Pep28_570; LL37_1140; MgCl_630; CaCl_90; CaCl_240; LL37_1110; BSA_420; Lysozyme_1290; Lysozyme_1260; Caffeine_690; Caffeine_390; MgCl_450; MgCl_90; MgCl_840; BSA_240; MgCl_1140; Caffeine_1230; Pep28_1080; CaCl_150; Lysozyme_1200; Caffeine_1200; Lysozyme_90; Lysine_210; MgCl_1170; BSA_660; MgCl_60; Lysine_1230; Lysine_1350; Lysozyme_810; Caffeine_720; BSA_180; Caffeine_510; Pep28_690; MgCl_120; Lysine_660; Lysine_1080; Lysozyme_1080; BSA_1020; Lysozyme_1050; BSA_900; LL37_480; Pep28_480; LL37_60; Lysine_1170; MgCl_660; MgCl_1350; LL37_510; BSA_390; BSA_330; MgCl_1050; CaCl_780; CaCl_930; CaCl_270; CaCl_180; Lysine_750; LL37_840; CaCl_1020; MgCl_870; BSA_1140; BSA_1230; Pep28_1290; CaCl_390; MgCl_480; Lysine_420; Lysine_240; MgCl_330,shrinkage=auto; solver=lsqr,0.9444444444444444,94.44444444444444,0.4857142857142857,48.57142857142857
117,PR.QH_Chip4_Chan1,LDA,118,Lysozyme_60; Lysozyme_750; BSA_210; Pep28_360; LL37_1020; CaCl_990; BSA_90; Caffeine_660; Lysozyme_720; BSA_30; LL37_390; Lysozyme_1170; CaCl_30; MgCl_30; Lysine_30; LL37_540; CaCl_1140; Lysine_690; Lysozyme_1020; Caffeine_630; MgCl_1110; LL37_1350; MgCl_270; Lysozyme_960; Pep28_180; LL37_300; Caffeine_570; Caffeine_360; Caffeine_90; MgCl_300; BSA_930; MgCl_420; Caffeine_990; LL37_1050; LL37_750; LL37_990; BSA_1290; Caffeine_30; Lysozyme_690; Caffeine_1110; CaCl_900; Pep28_150; Lysozyme_1350; LL37_180; LL37_420; CaCl_1350; Pep28_30; LL37_1260; LL37_330; CaCl_1290; CaCl_1110; CaCl_540; Lysozyme_240; MgCl_630; MgCl_180; LL37_1140; CaCl_240; Lysozyme_30; LL37_30; Caffeine_870; Lysozyme_480; Pep28_570; MgCl_450; Caffeine_1020; Lysozyme_120; Lysozyme_1260; Lysozyme_90; Caffeine_120; Lysine_210; Lysozyme_1200; Caffeine_690; CaCl_150; MgCl_1140; BSA_240; Lysine_1080; BSA_420; Caffeine_390; MgCl_1050; Caffeine_720; Caffeine_1200; BSA_690; Caffeine_510; Lysozyme_1080; CaCl_90; Lysine_660; BSA_1320; BSA_390; Lysozyme_1290; Pep28_1080; Lysine_240; LL37_840; Lysozyme_1050; MgCl_840; LL37_510; BSA_660; MgCl_1170; Lysozyme_810; Pep28_690; Caffeine_1230; CaCl_270; MgCl_120; BSA_1140; LL37_1110; CaCl_930; BSA_1230; Lysine_1230; MgCl_330; MgCl_90; MgCl_1350; LL37_480; MgCl_1020; LL37_450; BSA_180; MgCl_660; Lysine_1170; CaCl_390; BSA_900; CaCl_180,shrinkage=0.1; solver=lsqr,0.5555555555555556,55.55555555555556,0.3571428571428571,35.71428571428571
118,PR.QH_Chip4_Chan2,LDA,126,Lysozyme_60; Lysozyme_750; Pep28_360; BSA_210; BSA_90; CaCl_990; LL37_1020; Caffeine_660; Lysozyme_1170; LL37_1350; Lysozyme_720; BSA_30; CaCl_30; LL37_390; Lysine_690; CaCl_1140; Lysozyme_960; Caffeine_630; LL37_300; Caffeine_570; Pep28_180; Lysozyme_1020; LL37_540; Caffeine_360; MgCl_270; MgCl_30; Caffeine_990; Caffeine_90; LL37_750; MgCl_1110; MgCl_420; Caffeine_30; BSA_930; Lysozyme_690; MgCl_300; BSA_1290; CaCl_900; Pep28_150; Caffeine_1110; LL37_180; Lysozyme_30; CaCl_1350; LL37_420; Pep28_30; Lysozyme_1350; CaCl_1290; LL37_30; Lysine_30; Lysozyme_120; LL37_1050; CaCl_90; CaCl_1110; LL37_990; LL37_1140; LL37_1260; MgCl_180; Caffeine_120; LL37_330; Caffeine_390; LL37_1110; Pep28_570; Caffeine_1020; Caffeine_870; Lysozyme_480; CaCl_240; BSA_240; Lysozyme_1260; Lysozyme_240; Lysine_210; CaCl_540; MgCl_450; CaCl_150; Lysozyme_1290; Caffeine_690; BSA_330; MgCl_60; MgCl_1140; MgCl_840; LL37_60; Pep28_1080; MgCl_630; Caffeine_1230; LL37_840; Lysine_1080; BSA_420; Caffeine_1200; Lysozyme_1050; CaCl_780; Lysozyme_810; Lysine_1230; MgCl_90; Caffeine_720; CaCl_180; Caffeine_510; Pep28_690; BSA_660; BSA_1020; CaCl_270; Lysine_660; MgCl_660; LL37_480; MgCl_120; Lysine_1350; Pep28_480; Lysine_1170; BSA_1140; Lysozyme_90; Lysozyme_1080; Lysozyme_1200; BSA_180; BSA_1230; MgCl_1050; LL37_360; LL37_450; BSA_900; CaCl_930; MgCl_1170; MgCl_1350; Lysozyme_270; MgCl_480; CaCl_1200; Lysine_420; BSA_390; CaCl_390; Pep28_1290; MgCl_330,shrinkage=auto; solver=lsqr,0.7222222222222222,72.22222222222221,0.4193548387096774,41.93548387096774
119,PR.QH_Chip4_Chan3,LDA,126,Lysozyme_60; Lysozyme_750; BSA_210; Pep28_360; CaCl_990; LL37_1020; Lysozyme_1170; BSA_90; Caffeine_660; LL37_1350; Lysozyme_720; BSA_30; MgCl_30; CaCl_30; LL37_390; Caffeine_630; CaCl_1140; Lysozyme_960; Caffeine_360; Lysine_690; Pep28_180; Caffeine_570; Lysozyme_1020; Caffeine_30; LL37_540; MgCl_270; MgCl_1110; Caffeine_90; LL37_300; Caffeine_990; MgCl_420; BSA_930; LL37_750; Lysozyme_690; Pep28_150; CaCl_900; Caffeine_1110; CaCl_1350; BSA_1290; Pep28_30; LL37_180; LL37_420; Lysine_30; Lysozyme_1350; CaCl_1290; Lysozyme_30; MgCl_300; MgCl_180; LL37_30; LL37_1050; CaCl_1110; CaCl_90; LL37_990; LL37_330; Caffeine_120; LL37_1260; Lysozyme_480; Caffeine_390; Caffeine_870; BSA_420; Caffeine_1020; LL37_1140; Lysozyme_1260; Pep28_570; Lysozyme_240; CaCl_540; Caffeine_690; Lysozyme_1290; MgCl_630; Lysozyme_120; LL37_1110; MgCl_840; CaCl_150; CaCl_240; Pep28_1080; BSA_660; BSA_240; Caffeine_1200; MgCl_1140; Lysozyme_810; Lysine_1080; Lysine_1350; Caffeine_1230; MgCl_60; Caffeine_510; MgCl_450; Lysozyme_1080; CaCl_270; Lysozyme_1200; Caffeine_720; MgCl_90; Lysozyme_90; Pep28_690; CaCl_780; Lysine_1170; Lysine_660; Lysozyme_1050; BSA_900; CaCl_180; MgCl_1050; BSA_180; Lysine_210; Pep28_480; MgCl_120; BSA_390; MgCl_1350; MgCl_1170; MgCl_870; LL37_480; Lysine_1230; LL37_510; BSA_1230; CaCl_930; LL37_840; LL37_450; MgCl_660; BSA_1020; BSA_330; LL37_60; CaCl_300; Caffeine_780; BSA_1320; MgCl_480; Lysine_420; Lysozyme_270; Pep28_1320,solver=svd,0.9444444444444444,94.44444444444444,0.4857142857142857,48.57142857142857
120,PR.QH_Chip4_Chan4,LDA,131,Lysozyme_60; Lysozyme_750; Pep28_360; BSA_210; BSA_90; CaCl_990; Caffeine_660; LL37_1020; Lysozyme_720; LL37_1350; CaCl_30; Lysozyme_1170; BSA_30; LL37_390; MgCl_30; LL37_300; Caffeine_990; Lysine_690; CaCl_1140; MgCl_420; MgCl_1110; Caffeine_630; MgCl_270; LL37_750; Caffeine_570; Lysozyme_1020; Lysozyme_960; Caffeine_90; LL37_540; Caffeine_1110; Caffeine_360; BSA_930; BSA_1290; LL37_180; Lysozyme_690; CaCl_900; Pep28_150; Lysozyme_30; Pep28_30; Caffeine_30; Pep28_180; MgCl_300; CaCl_1350; Lysozyme_1350; LL37_990; LL37_1050; CaCl_1290; Lysozyme_120; LL37_420; LL37_1260; MgCl_180; Lysine_30; CaCl_1110; LL37_30; LL37_1140; Caffeine_1020; Caffeine_870; LL37_330; Caffeine_120; Lysozyme_240; CaCl_240; Lysozyme_1260; Caffeine_390; Lysozyme_480; LL37_1110; Caffeine_690; BSA_420; LL37_60; MgCl_630; Lysozyme_1290; Pep28_570; CaCl_540; Pep28_1080; CaCl_90; MgCl_60; BSA_240; MgCl_840; BSA_660; MgCl_450; CaCl_150; MgCl_1140; Lysozyme_90; CaCl_180; Lysine_1080; Lysozyme_1200; Lysine_1230; CaCl_780; Caffeine_720; Pep28_690; MgCl_120; Lysozyme_810; MgCl_1170; Caffeine_1200; Lysine_210; Lysine_1350; MgCl_90; LL37_480; CaCl_270; Lysine_840; CaCl_300; Pep28_480; BSA_900; Caffeine_1230; Lysine_1170; LL37_840; BSA_180; MgCl_660; Lysozyme_1080; Lysine_660; CaCl_930; MgCl_1050; Caffeine_510; BSA_1020; Lysine_750; BSA_690; BSA_390; Lysine_420; CaCl_1020; BSA_1140; BSA_1230; MgCl_1350; LL37_450; MgCl_480; Lysine_390; Pep28_1320; Lysozyme_1050; BSA_540; LL37_360; Caffeine_150; Pep28_240; MgCl_870,solver=svd,0.6666666666666666,66.66666666666666,0.4,40.0
121,PR.QL_Chip1_Chan1,LDA,122,Lysozyme_60; Lysozyme_750; Pep28_360; CaCl_990; BSA_210; LL37_1020; Caffeine_660; BSA_90; Lysozyme_1170; BSA_30; Lysozyme_720; LL37_1350; LL37_390; CaCl_30; Lysozyme_960; Lysine_690; Caffeine_630; Caffeine_570; MgCl_270; CaCl_1140; LL37_540; LL37_300; Lysozyme_1020; MgCl_30; Caffeine_360; Pep28_180; Caffeine_30; Caffeine_990; MgCl_1110; BSA_930; Lysozyme_690; Caffeine_90; CaCl_1350; LL37_750; Caffeine_1110; MgCl_420; CaCl_900; BSA_1290; LL37_180; MgCl_300; Pep28_150; LL37_1050; Lysine_30; LL37_30; CaCl_1290; Pep28_30; Lysozyme_30; LL37_990; Lysozyme_1350; MgCl_180; CaCl_1110; LL37_1260; LL37_420; LL37_1140; CaCl_90; Lysozyme_120; LL37_330; Lysozyme_240; Lysozyme_480; Caffeine_870; Pep28_570; Caffeine_390; CaCl_240; MgCl_630; Caffeine_1020; Caffeine_120; Lysozyme_1260; CaCl_540; MgCl_90; Caffeine_690; LL37_1110; BSA_420; Pep28_1080; Lysozyme_1290; MgCl_450; Lysozyme_1200; MgCl_60; MgCl_840; Lysine_1080; Caffeine_1230; Caffeine_1200; CaCl_150; MgCl_1140; Caffeine_720; BSA_660; BSA_240; Caffeine_510; MgCl_120; Lysozyme_1050; Lysozyme_810; Lysine_210; Lysine_1170; Lysine_1350; MgCl_1170; LL37_480; LL37_60; BSA_180; LL37_840; Lysine_1230; BSA_1020; Lysozyme_90; BSA_900; CaCl_780; Pep28_480; CaCl_180; CaCl_930; CaCl_1200; Lysozyme_1080; BSA_330; BSA_390; Pep28_690; Lysine_660; MgCl_1050; MgCl_660; MgCl_330; MgCl_1350; CaCl_270; CaCl_390; CaCl_1020; Lysine_1260; BSA_1230; Lysine_420,shrinkage=auto; solver=lsqr,1.0,100.0,1.0,100.0
122,PR.QL_Chip1_Chan2,LDA,137,Lysozyme_60; Lysozyme_750; Pep28_360; BSA_210; CaCl_990; BSA_90; LL37_1020; Caffeine_660; Lysozyme_1170; BSA_30; Lysozyme_720; LL37_1350; LL37_390; Lysine_690; MgCl_30; Lysozyme_960; Caffeine_630; CaCl_30; CaCl_1140; Lysozyme_1020; MgCl_270; LL37_300; Caffeine_570; Pep28_180; LL37_540; Caffeine_990; Caffeine_360; Caffeine_90; LL37_750; MgCl_1110; BSA_930; Caffeine_30; MgCl_420; Lysozyme_690; CaCl_900; MgCl_300; BSA_1290; LL37_180; CaCl_1350; Lysozyme_30; Lysozyme_1350; Lysine_30; Pep28_150; Caffeine_1110; LL37_420; LL37_1050; LL37_990; Pep28_30; CaCl_1290; LL37_30; CaCl_1110; LL37_1260; MgCl_180; Caffeine_390; LL37_330; Lysozyme_480; Lysozyme_120; Caffeine_870; LL37_1140; Lysozyme_240; CaCl_240; Caffeine_1020; Caffeine_120; CaCl_540; CaCl_90; Pep28_570; MgCl_630; Lysozyme_1260; BSA_420; Caffeine_690; LL37_1110; Lysozyme_1290; Lysozyme_1200; Pep28_1080; MgCl_90; MgCl_840; CaCl_150; MgCl_1140; MgCl_450; BSA_240; Lysine_1080; BSA_660; MgCl_60; Caffeine_1200; Lysozyme_90; Lysine_210; Lysine_1230; Caffeine_1230; Caffeine_510; MgCl_1170; CaCl_180; Lysozyme_1050; Lysozyme_810; Pep28_690; BSA_1020; BSA_390; Pep28_480; BSA_180; Lysine_660; Lysine_1350; LL37_840; CaCl_780; BSA_900; MgCl_120; Lysozyme_1080; MgCl_480; LL37_480; MgCl_1050; Caffeine_720; MgCl_660; CaCl_270; LL37_450; LL37_60; Lysine_1170; CaCl_1020; BSA_330; MgCl_330; Lysine_750; LL37_510; BSA_540; CaCl_930; BSA_1140; MgCl_1350; Caffeine_780; CaCl_1200; MgCl_870; MgCl_1020; Lysine_420; LL37_360; CaCl_360; BSA_1230; BSA_690; Lysine_240; Lysine_840; Pep28_1290; CaCl_390; MgCl_210,solver=svd,1.0,100.0,1.0,100.0
123,PR.QL_Chip1_Chan3,LDA,132,Lysozyme_60; Lysozyme_750; Pep28_360; BSA_210; CaCl_990; BSA_90; LL37_1020; BSA_30; Lysozyme_1170; Caffeine_660; Lysozyme_720; LL37_1350; LL37_390; Lysine_690; CaCl_30; MgCl_30; CaCl_1140; Caffeine_630; Lysozyme_960; Lysozyme_1020; LL37_540; Caffeine_570; MgCl_270; LL37_300; Caffeine_90; Caffeine_360; Pep28_180; BSA_930; MgCl_1110; MgCl_420; Caffeine_990; Caffeine_30; LL37_750; Lysozyme_690; MgCl_300; LL37_180; BSA_1290; Lysozyme_30; CaCl_1350; Pep28_150; Lysine_30; CaCl_900; LL37_30; Caffeine_1110; LL37_420; LL37_990; Lysozyme_1350; LL37_1050; MgCl_180; CaCl_1290; LL37_1260; LL37_330; CaCl_1110; Lysozyme_120; Pep28_30; LL37_1140; Caffeine_120; Caffeine_690; Lysozyme_480; Caffeine_870; BSA_420; Caffeine_1020; Lysozyme_240; CaCl_90; Caffeine_390; Pep28_570; MgCl_630; CaCl_240; CaCl_540; LL37_1110; Lysozyme_1260; Lysozyme_1290; MgCl_90; MgCl_450; MgCl_840; MgCl_60; BSA_240; MgCl_1140; Lysine_1080; Caffeine_1200; CaCl_150; BSA_660; Caffeine_1230; CaCl_780; Lysozyme_1200; Lysozyme_810; Lysine_1230; CaCl_180; Caffeine_510; Pep28_1080; Lysine_210; Lysozyme_90; BSA_390; BSA_1020; MgCl_120; MgCl_1170; Caffeine_720; Lysine_1170; BSA_900; Lysozyme_1050; LL37_840; LL37_60; Lysine_1350; Lysine_660; Pep28_480; BSA_180; CaCl_930; MgCl_1350; MgCl_1050; Lysozyme_1080; Pep28_690; LL37_480; Pep28_1320; Lysozyme_270; MgCl_480; LL37_510; MgCl_330; MgCl_660; LL37_450; BSA_330; CaCl_270; BSA_1230; Lysine_840; BSA_540; Lysine_1260; Lysine_750; Lysine_240; LL37_240; CaCl_360; CaCl_1200; BSA_1140; MgCl_870,solver=svd,1.0,100.0,1.0,100.0
124,PR.QL_Chip1_Chan4,LDA,131,Lysozyme_60; Lysozyme_750; BSA_210; Pep28_360; CaCl_990; LL37_1020; BSA_90; Caffeine_660; Lysozyme_1170; BSA_30; Lysozyme_720; LL37_1350; LL37_390; CaCl_30; Lysine_690; Caffeine_630; CaCl_1140; Lysozyme_960; Caffeine_570; MgCl_30; Lysozyme_1020; Caffeine_360; MgCl_270; LL37_540; LL37_300; Caffeine_30; Pep28_180; MgCl_420; Caffeine_90; MgCl_1110; Caffeine_990; BSA_930; LL37_750; Pep28_150; Lysozyme_690; MgCl_300; Caffeine_1110; BSA_1290; LL37_180; CaCl_900; Lysine_30; Lysozyme_30; CaCl_1350; LL37_990; LL37_420; Lysozyme_1350; LL37_1050; CaCl_1290; LL37_1260; LL37_30; MgCl_180; Lysozyme_120; CaCl_1110; CaCl_90; Pep28_30; LL37_330; LL37_1140; Caffeine_1020; Lysozyme_240; Lysozyme_480; Caffeine_870; Pep28_570; Caffeine_390; BSA_420; Caffeine_120; MgCl_630; CaCl_240; Lysozyme_1260; CaCl_540; Lysozyme_1290; MgCl_450; Caffeine_690; MgCl_840; LL37_1110; MgCl_60; MgCl_90; Lysozyme_810; Pep28_1080; BSA_660; MgCl_1140; CaCl_150; Lysine_1080; Caffeine_1200; BSA_240; Lysozyme_1200; Lysozyme_90; Lysine_210; Caffeine_1230; Lysine_1230; Caffeine_510; Caffeine_720; CaCl_780; MgCl_1170; LL37_840; BSA_1020; Lysozyme_1080; Pep28_690; MgCl_1050; Lysine_1170; Lysine_1350; Lysine_660; BSA_900; LL37_480; Pep28_480; MgCl_120; Lysozyme_1050; BSA_180; CaCl_270; LL37_60; LL37_450; BSA_330; MgCl_660; BSA_390; MgCl_1350; CaCl_180; CaCl_390; MgCl_330; CaCl_930; CaCl_1020; BSA_1230; MgCl_480; BSA_540; BSA_1140; LL37_240; MgCl_870; Lysine_840; Lysine_750; Caffeine_780; Lysine_240; Lysine_420; Pep28_1290,shrinkage=auto; solver=lsqr,1.0,100.0,1.0,100.0
125,PR.QL_Chip3_Chan1,LDA,126,Lysozyme_60; Lysozyme_750; Pep28_360; CaCl_990; BSA_90; BSA_210; LL37_1020; Caffeine_660; BSA_30; Lysozyme_720; Lysozyme_1170; MgCl_30; LL37_1350; LL37_390; Lysine_690; Caffeine_360; CaCl_30; Caffeine_570; Lysozyme_1020; CaCl_1140; Lysozyme_30; Lysozyme_960; Caffeine_630; LL37_300; MgCl_270; MgCl_1110; Pep28_180; MgCl_420; Caffeine_90; BSA_930; LL37_540; Caffeine_990; BSA_1290; Lysine_30; MgCl_300; CaCl_900; Pep28_150; Lysozyme_690; Caffeine_1110; LL37_180; LL37_750; CaCl_1350; Caffeine_30; CaCl_1290; LL37_1050; LL37_420; MgCl_180; LL37_30; LL37_990; LL37_1260; Pep28_30; Lysozyme_1350; CaCl_1110; LL37_1140; Caffeine_390; Lysozyme_240; Caffeine_120; LL37_330; Caffeine_1020; CaCl_540; CaCl_90; Lysozyme_120; Pep28_570; Lysozyme_480; MgCl_630; BSA_420; Lysozyme_1290; Lysozyme_1260; CaCl_240; LL37_1110; Caffeine_1230; MgCl_450; CaCl_150; Caffeine_870; MgCl_1140; MgCl_1170; BSA_240; MgCl_330; MgCl_60; MgCl_840; Caffeine_690; Pep28_1080; Lysozyme_1200; BSA_180; Lysine_1230; Caffeine_510; Lysozyme_1080; Lysozyme_810; Caffeine_1200; BSA_1020; Pep28_690; Caffeine_720; BSA_660; LL37_840; Lysine_210; Lysozyme_1050; LL37_480; BSA_390; Lysine_660; Pep28_480; CaCl_780; Lysine_1080; CaCl_270; Caffeine_450; Lysine_1170; Lysozyme_90; MgCl_1350; CaCl_180; LL37_60; Lysine_1350; BSA_330; MgCl_1050; MgCl_120; MgCl_660; LL37_450; MgCl_480; Lysine_420; Lysine_240; CaCl_930; BSA_600; MgCl_870; BSA_900; BSA_540; LL37_510; LL37_210; Lysine_750,shrinkage=0.1; solver=lsqr,0.8888888888888888,88.88888888888889,0.4705882352941176,47.05882352941176
126,PR.QL_Chip3_Chan2,LDA,131,Lysozyme_60; Lysozyme_750; Pep28_360; BSA_210; CaCl_990; LL37_1020; BSA_90; Lysozyme_1170; Caffeine_660; BSA_30; Lysozyme_720; LL37_1350; LL37_390; CaCl_30; CaCl_1140; MgCl_30; Lysine_690; LL37_300; Lysozyme_1020; Caffeine_630; Caffeine_570; Lysozyme_960; LL37_540; Pep28_180; MgCl_270; Caffeine_360; Caffeine_990; BSA_930; MgCl_1110; Caffeine_30; LL37_750; Caffeine_90; MgCl_420; Lysozyme_690; MgCl_300; Caffeine_1110; LL37_180; CaCl_1350; CaCl_900; Pep28_150; Lysine_30; Lysozyme_30; Lysozyme_1350; BSA_1290; Pep28_30; LL37_1050; CaCl_1290; LL37_990; LL37_30; LL37_420; Caffeine_870; Lysozyme_120; LL37_1260; MgCl_180; LL37_330; Caffeine_1020; CaCl_1110; CaCl_240; Caffeine_390; Caffeine_120; Lysozyme_480; Pep28_570; LL37_1140; Lysozyme_240; Lysozyme_1260; CaCl_540; Lysozyme_1290; CaCl_90; MgCl_630; LL37_1110; Caffeine_690; BSA_420; MgCl_450; Caffeine_1230; MgCl_90; MgCl_840; BSA_660; BSA_240; MgCl_1140; CaCl_150; Pep28_1080; Lysozyme_1200; Lysine_210; Lysozyme_810; Caffeine_510; Caffeine_720; Caffeine_1200; Lysine_1230; MgCl_1170; MgCl_60; Lysine_1080; CaCl_780; MgCl_120; BSA_1020; Lysozyme_90; Lysine_1350; Pep28_690; CaCl_270; Lysozyme_1080; MgCl_1050; BSA_180; Lysine_1170; Lysozyme_1050; Pep28_480; BSA_900; LL37_840; CaCl_930; LL37_60; BSA_390; Lysine_660; CaCl_180; LL37_480; LL37_450; BSA_330; MgCl_660; MgCl_1350; LL37_510; BSA_1230; MgCl_1020; LL37_360; Lysine_750; BSA_540; MgCl_480; Lysozyme_270; Lysine_420; Lysine_240; CaCl_1200; Pep28_1290; MgCl_870; Lysine_840; Pep28_1320,shrinkage=auto; solver=lsqr,1.0,100.0,1.0,100.0
127,PR.QL_Chip3_Chan3,LDA,141,Lysozyme_60; Lysozyme_750; Pep28_360; BSA_210; CaCl_990; BSA_90; LL37_1020; Lysozyme_1170; Caffeine_660; BSA_30; Lysozyme_720; LL37_1350; LL37_390; Lysine_690; MgCl_30; CaCl_30; Lysozyme_1020; CaCl_1140; Caffeine_360; Lysozyme_960; LL37_300; Caffeine_630; LL37_540; MgCl_270; Caffeine_90; Caffeine_30; Pep28_180; Caffeine_570; BSA_930; Caffeine_990; MgCl_1110; MgCl_420; LL37_750; BSA_1290; Pep28_150; MgCl_300; Lysozyme_690; CaCl_900; Caffeine_1110; CaCl_1350; Lysozyme_30; Lysine_30; LL37_180; LL37_1050; LL37_420; LL37_990; Pep28_30; CaCl_1290; Lysozyme_1350; LL37_30; Caffeine_870; LL37_1260; MgCl_180; CaCl_1110; Lysozyme_120; Lysozyme_480; Caffeine_390; LL37_1140; Caffeine_120; LL37_330; Caffeine_1020; CaCl_90; Pep28_570; CaCl_240; MgCl_630; BSA_420; LL37_1110; Lysozyme_240; Lysozyme_1260; Lysozyme_1290; Caffeine_690; CaCl_540; CaCl_150; MgCl_450; MgCl_1140; MgCl_840; BSA_660; MgCl_90; BSA_240; Lysozyme_1200; Pep28_1080; Lysine_1080; Lysine_1230; MgCl_60; Caffeine_1230; Caffeine_1200; Lysine_210; Pep28_690; Lysozyme_90; Caffeine_510; MgCl_120; Lysozyme_1050; Caffeine_720; Lysozyme_810; LL37_840; BSA_1020; Lysozyme_1080; Lysine_660; MgCl_1170; CaCl_270; Lysine_1350; LL37_60; Pep28_480; MgCl_1050; Lysine_1170; BSA_180; CaCl_780; MgCl_1350; CaCl_180; CaCl_930; BSA_330; BSA_900; MgCl_330; BSA_390; LL37_480; Caffeine_780; MgCl_660; BSA_540; LL37_510; LL37_360; MgCl_870; MgCl_480; CaCl_360; Lysine_750; Lysine_240; Lysozyme_270; BSA_1230; BSA_690; Lysine_840; LL37_450; CaCl_390; CaCl_1020; MgCl_1020; Lysine_1260; Pep28_1320; CaCl_1200; Pep28_1290; BSA_1140; Lysine_420; Pep28_210; LL37_240,solver=svd,1.0,100.0,1.0,100.0
128,PR.QL_Chip3_Chan4,LDA,152,Lysozyme_60; Lysozyme_750; Pep28_360; BSA_210; CaCl_990; BSA_90; LL37_1020; BSA_30; Lysozyme_1170; Caffeine_660; LL37_1350; Lysozyme_720; LL37_390; Lysine_690; CaCl_1140; Lysozyme_960; Lysozyme_1020; MgCl_30; Caffeine_570; CaCl_30; Caffeine_90; MgCl_270; Caffeine_630; LL37_300; LL37_30; Caffeine_360; Pep28_180; LL37_540; MgCl_1110; MgCl_420; Caffeine_990; Caffeine_30; MgCl_300; Pep28_150; MgCl_90; Lysozyme_690; BSA_930; LL37_1050; CaCl_900; Caffeine_1110; BSA_1290; LL37_180; CaCl_1350; LL37_750; LL37_990; LL37_420; Pep28_30; Lysine_30; CaCl_1290; Lysozyme_1350; LL37_1260; Lysozyme_120; CaCl_1110; Lysozyme_240; Lysozyme_30; MgCl_180; LL37_330; Caffeine_1020; Lysozyme_480; CaCl_240; Caffeine_390; Caffeine_120; LL37_1110; Pep28_570; Caffeine_690; Lysozyme_1260; CaCl_540; Caffeine_870; Lysozyme_1290; CaCl_90; LL37_1140; Lysine_1080; LL37_900; LL37_60; MgCl_630; MgCl_840; BSA_420; BSA_240; CaCl_150; Pep28_1080; Lysozyme_810; MgCl_120; Caffeine_1230; Lysozyme_1200; Caffeine_720; MgCl_450; Caffeine_510; Lysine_210; MgCl_330; MgCl_1140; BSA_660; Caffeine_1200; Lysozyme_1080; Lysine_1350; CaCl_780; Lysine_1230; BSA_1020; Pep28_690; Lysine_1170; CaCl_180; CaCl_270; Lysozyme_90; MgCl_1020; Lysozyme_1050; MgCl_1350; LL37_480; CaCl_300; LL37_450; MgCl_60; MgCl_1050; Lysine_660; MgCl_1170; LL37_510; BSA_390; MgCl_660; MgCl_480; LL37_840; Pep28_480; Lysine_750; BSA_1230; Lysozyme_270; Lysine_240; CaCl_930; BSA_690; BSA_180; CaCl_1020; Lysine_840; CaCl_1200; Pep28_1320; MgCl_870; Lysozyme_510; BSA_900; Caffeine_780; Lysozyme_870; LL37_210; BSA_540; BSA_330; Pep28_1290; Lysine_420; Caffeine_1050; LL37_240; Caffeine_1140; CaCl_390; Pep28_240; LL37_150; CaCl_360; BSA_1140; Lysine_1260; LL37_870; MgCl_240; Lysozyme_1110; Pep28_1260,shrinkage=0.1; solver=lsqr,0.8333333333333334,83.33333333333334,0.4545454545454545,45.454545454545446
129,PR.QL_Chip4_Chan1,LDA,135,Lysozyme_60; Lysozyme_750; Pep28_360; BSA_210; CaCl_990; BSA_90; LL37_1020; Lysozyme_1170; Caffeine_660; LL37_1350; BSA_30; Lysozyme_720; LL37_390; CaCl_30; Caffeine_630; Lysine_690; LL37_300; Lysozyme_30; Lysozyme_1020; Lysozyme_960; MgCl_30; Caffeine_570; Caffeine_990; LL37_540; MgCl_1110; MgCl_270; Pep28_180; Caffeine_30; CaCl_1140; Caffeine_360; MgCl_420; BSA_930; LL37_750; Caffeine_90; LL37_180; Pep28_150; MgCl_300; Caffeine_1110; CaCl_900; BSA_1290; LL37_990; Lysozyme_690; CaCl_1350; LL37_420; Lysozyme_1350; Lysine_30; LL37_1050; CaCl_1290; MgCl_180; Pep28_30; LL37_30; LL37_330; Lysozyme_120; LL37_1260; CaCl_1110; Caffeine_870; Lysozyme_240; Caffeine_1020; LL37_1140; Caffeine_120; Caffeine_390; CaCl_90; CaCl_240; BSA_420; MgCl_630; Lysozyme_480; Lysozyme_1290; CaCl_540; MgCl_90; Caffeine_690; MgCl_1140; Lysozyme_1260; LL37_1110; BSA_660; Pep28_570; Caffeine_1230; Pep28_1080; Lysozyme_1200; MgCl_450; Lysine_210; CaCl_150; Lysine_1350; BSA_240; Lysine_1230; Lysine_1080; Lysozyme_90; LL37_60; MgCl_60; Caffeine_510; MgCl_840; Lysozyme_810; Caffeine_1200; MgCl_1170; Pep28_690; CaCl_180; Caffeine_720; Lysozyme_1050; BSA_1020; Lysozyme_1080; MgCl_120; Lysine_1170; Lysine_660; CaCl_780; BSA_390; Pep28_480; LL37_480; CaCl_270; MgCl_1050; BSA_900; MgCl_1350; BSA_180; LL37_240; LL37_450; MgCl_330; LL37_840; BSA_330; MgCl_660; BSA_1140; CaCl_930; CaCl_360; Caffeine_780; MgCl_870; BSA_1230; LL37_360; BSA_1320; MgCl_480; Lysine_750; BSA_690; Lysine_420; CaCl_300; LL37_510; Lysine_390; CaCl_1050; Lysozyme_270; Pep28_1290,shrinkage=auto; solver=lsqr,1.0,100.0,1.0,100.0
130,PR.QL_Chip4_Chan2,LDA,128,Lysozyme_60; Lysozyme_750; Pep28_360; BSA_210; CaCl_990; Lysozyme_1170; BSA_90; Caffeine_660; LL37_1020; BSA_30; Lysozyme_720; Lysine_690; MgCl_30; LL37_1350; LL37_390; CaCl_30; Lysozyme_1020; Lysozyme_960; Caffeine_630; LL37_300; Caffeine_990; Pep28_180; MgCl_420; Caffeine_570; Caffeine_90; LL37_540; Caffeine_360; Caffeine_30; Lysozyme_30; BSA_930; MgCl_1110; CaCl_1140; MgCl_300; CaCl_900; MgCl_270; Caffeine_1110; LL37_750; Lysozyme_690; Lysozyme_1350; Pep28_150; LL37_180; BSA_1290; LL37_420; LL37_1050; CaCl_1350; Pep28_30; LL37_1260; Lysozyme_120; MgCl_180; Lysine_30; LL37_990; BSA_420; Caffeine_1020; LL37_1140; CaCl_1290; Lysozyme_240; CaCl_1110; Caffeine_870; LL37_330; Caffeine_120; Caffeine_390; MgCl_630; CaCl_180; Lysozyme_480; CaCl_90; CaCl_540; MgCl_90; MgCl_120; Lysozyme_1290; LL37_30; BSA_240; Caffeine_1230; Caffeine_690; Lysine_840; Lysozyme_1200; Caffeine_1200; Lysine_210; LL37_1110; CaCl_150; Pep28_570; Lysozyme_90; Pep28_1080; Lysine_1230; CaCl_240; MgCl_1140; Lysozyme_1260; CaCl_360; Lysine_1080; MgCl_450; BSA_330; Lysozyme_1050; Caffeine_510; Caffeine_720; BSA_1230; Pep28_690; BSA_300; LL37_480; Lysine_660; BSA_180; Lysozyme_810; MgCl_1350; MgCl_1170; BSA_660; LL37_840; Lysozyme_1080; MgCl_1050; Pep28_480; MgCl_870; BSA_390; BSA_1140; MgCl_60; Lysine_1170; Lysine_1350; LL37_60; CaCl_780; BSA_900; MgCl_660; MgCl_330; BSA_690; CaCl_270; Lysozyme_270; MgCl_390; Lysine_240; LL37_510; CaCl_300; Lysozyme_660; Lysine_420; Lysine_1260,shrinkage=auto; solver=lsqr,0.7222222222222222,72.22222222222221,0.4193548387096774,41.93548387096774
131,PR.QL_Chip4_Chan3,LDA,114,Lysozyme_60; Lysozyme_750; BSA_210; Pep28_360; CaCl_990; LL37_1020; BSA_90; Caffeine_660; Lysozyme_1170; Lysozyme_720; BSA_30; LL37_1350; CaCl_30; MgCl_30; Lysine_690; LL37_390; Caffeine_630; CaCl_1140; Lysozyme_1020; LL37_300; Lysozyme_960; Caffeine_360; Caffeine_570; MgCl_270; LL37_540; Pep28_180; Caffeine_90; MgCl_1110; Caffeine_990; Caffeine_30; MgCl_420; LL37_750; BSA_930; Lysozyme_690; LL37_180; Lysozyme_30; MgCl_300; Pep28_150; BSA_1290; CaCl_900; Caffeine_1110; CaCl_1350; LL37_1050; LL37_30; Lysine_30; CaCl_1290; Lysozyme_1350; LL37_990; LL37_420; MgCl_180; Pep28_30; LL37_330; Lysozyme_120; LL37_1260; CaCl_1110; LL37_1140; Caffeine_870; Lysozyme_480; Pep28_570; Caffeine_1020; Lysozyme_1260; Lysozyme_240; Caffeine_120; CaCl_240; CaCl_90; BSA_420; CaCl_540; MgCl_630; Caffeine_390; Caffeine_690; LL37_1110; Lysozyme_1290; MgCl_90; MgCl_840; Pep28_1080; MgCl_1140; CaCl_150; BSA_660; Lysine_1080; MgCl_450; BSA_240; Caffeine_1200; Lysine_210; Lysozyme_810; MgCl_1170; MgCl_60; Lysine_1350; Lysine_1230; BSA_1020; Caffeine_1230; Caffeine_510; Lysozyme_1200; CaCl_780; BSA_180; Pep28_690; CaCl_180; MgCl_120; Pep28_480; Lysozyme_90; Caffeine_720; Lysozyme_1080; LL37_480; Lysine_1170; Lysozyme_1050; MgCl_1050; LL37_60; CaCl_270; LL37_840; Lysine_660; BSA_900; MgCl_330; MgCl_660; BSA_390; MgCl_1350,solver=svd,1.0,100.0,1.0,100.0
132,PR.QL_Chip4_Chan4,LDA,119,Lysozyme_60; Lysozyme_750; BSA_210; Pep28_360; CaCl_990; BSA_30; LL37_1020; BSA_90; Lysozyme_1170; Caffeine_660; Lysozyme_720; LL37_1350; MgCl_30; LL37_390; CaCl_30; Lysine_690; Lysozyme_960; Caffeine_570; Lysozyme_1020; CaCl_1140; LL37_300; Caffeine_630; Caffeine_360; Pep28_180; MgCl_270; MgCl_1110; LL37_540; Caffeine_30; Caffeine_990; BSA_930; MgCl_420; Pep28_150; LL37_750; Lysine_30; Lysozyme_690; Lysozyme_30; LL37_180; MgCl_300; CaCl_1350; Caffeine_90; BSA_1290; CaCl_900; Caffeine_1110; LL37_1050; LL37_30; LL37_990; Lysozyme_1350; LL37_420; Pep28_30; CaCl_1290; MgCl_180; LL37_1260; CaCl_1110; CaCl_90; LL37_330; Caffeine_870; LL37_1140; Lysozyme_240; Lysozyme_120; Lysozyme_480; MgCl_630; Caffeine_1020; Caffeine_390; BSA_420; CaCl_540; MgCl_90; LL37_1110; Pep28_570; Caffeine_120; MgCl_840; Lysozyme_1290; MgCl_450; Lysozyme_90; CaCl_240; Caffeine_690; Lysozyme_1260; MgCl_1140; CaCl_150; BSA_660; MgCl_1170; Caffeine_1230; Caffeine_1200; Lysine_1080; Lysozyme_1050; Lysine_210; Caffeine_510; Pep28_1080; Lysine_1230; LL37_60; MgCl_60; Lysozyme_810; Lysozyme_1200; Caffeine_720; BSA_1020; Pep28_690; MgCl_120; BSA_330; BSA_900; MgCl_660; LL37_840; CaCl_780; Lysine_660; Lysozyme_1080; Lysine_1170; BSA_240; LL37_480; MgCl_1050; Lysine_1350; CaCl_930; BSA_390; CaCl_270; MgCl_330; BSA_180; LL37_510; MgCl_1350; BSA_1230; Pep28_480; MgCl_480; LL37_450,solver=svd,1.0,100.0,1.0,100.0
133,PR.QM_Chip1_Chan1,LDA,112,Lysozyme_60; Lysozyme_750; Pep28_360; BSA_210; CaCl_990; BSA_90; Caffeine_660; LL37_1020; Lysozyme_1170; BSA_30; Lysozyme_720; LL37_1350; LL37_390; Lysine_690; Lysozyme_960; CaCl_30; Caffeine_630; MgCl_270; MgCl_30; CaCl_1140; Caffeine_360; Caffeine_570; LL37_540; Lysozyme_1020; Caffeine_1110; Caffeine_990; Pep28_180; LL37_300; MgCl_420; Lysozyme_690; Caffeine_30; BSA_930; Lysozyme_30; Pep28_150; MgCl_1110; MgCl_300; Caffeine_90; LL37_180; LL37_750; CaCl_1350; BSA_1290; Lysozyme_1350; Pep28_30; Lysine_30; CaCl_900; LL37_1050; LL37_420; LL37_990; CaCl_1290; MgCl_180; LL37_30; Lysozyme_120; LL37_1260; CaCl_1110; LL37_1140; Caffeine_870; Caffeine_1020; LL37_1110; LL37_330; CaCl_240; Lysozyme_240; Pep28_1080; BSA_420; CaCl_540; Caffeine_390; Lysozyme_1260; MgCl_630; Lysozyme_480; Caffeine_120; Pep28_570; CaCl_90; Lysozyme_90; MgCl_840; CaCl_150; MgCl_450; BSA_240; Lysozyme_1290; Lysine_210; BSA_660; Lysozyme_1200; MgCl_1140; Lysine_1080; MgCl_60; Caffeine_1230; BSA_1020; Lysozyme_810; MgCl_90; BSA_180; BSA_390; Caffeine_690; Pep28_690; MgCl_120; Caffeine_510; Lysine_1230; Lysozyme_1080; Lysozyme_1050; Pep28_480; Lysine_1350; MgCl_1050; Lysine_660; MgCl_1170; MgCl_1350; CaCl_270; CaCl_780; Lysine_1170; BSA_1230; LL37_480; CaCl_180; BSA_900; MgCl_330; CaCl_390; MgCl_660,shrinkage=auto; solver=lsqr,0.6111111111111112,61.111111111111114,0.3793103448275862,37.93103448275862
134,PR.QM_Chip1_Chan2,LDA,135,Lysozyme_60; Lysozyme_750; Pep28_360; BSA_210; CaCl_990; LL37_1020; BSA_90; Lysozyme_1170; BSA_30; Caffeine_660; Lysozyme_720; LL37_1350; LL37_390; CaCl_30; Lysozyme_1020; Lysine_690; MgCl_30; CaCl_1140; Caffeine_630; Pep28_180; Lysozyme_960; Caffeine_570; MgCl_270; LL37_540; LL37_300; Caffeine_360; Caffeine_90; MgCl_420; MgCl_1110; BSA_930; LL37_750; Caffeine_990; Caffeine_30; Lysozyme_690; MgCl_300; CaCl_900; Pep28_150; Caffeine_1110; CaCl_1350; BSA_1290; LL37_180; Lysine_30; Lysozyme_30; Lysozyme_1350; Pep28_30; LL37_1050; CaCl_1290; LL37_990; LL37_420; LL37_30; LL37_1260; MgCl_180; CaCl_1110; LL37_1140; Lysozyme_480; LL37_330; Caffeine_870; BSA_420; Lysozyme_240; Caffeine_1020; CaCl_240; Pep28_570; Caffeine_390; Caffeine_120; Lysozyme_1290; Lysozyme_120; CaCl_90; MgCl_630; CaCl_540; Lysozyme_1260; LL37_1110; Caffeine_1230; BSA_240; CaCl_150; Caffeine_690; MgCl_90; MgCl_450; MgCl_840; MgCl_1140; Lysozyme_1200; Pep28_1080; Lysine_1080; BSA_660; Caffeine_1200; MgCl_60; Caffeine_720; Lysine_1230; MgCl_1170; Lysozyme_810; Lysine_210; CaCl_780; Lysozyme_1050; Pep28_690; Caffeine_510; LL37_60; Lysine_1350; LL37_840; BSA_180; Lysine_660; BSA_1020; Lysozyme_90; Pep28_480; BSA_900; Lysine_1170; MgCl_120; MgCl_1050; LL37_480; CaCl_270; CaCl_180; MgCl_480; BSA_390; Lysozyme_1080; MgCl_1350; MgCl_660; MgCl_330; BSA_330; CaCl_930; Lysine_240; Lysine_750; CaCl_1200; LL37_510; BSA_1140; LL37_450; BSA_1230; LL37_360; Pep28_1290; BSA_540; Caffeine_780; MgCl_1020; Lysine_420; MgCl_870; Lysine_840; LL37_240; CaCl_300; CaCl_360,shrinkage=auto; solver=lsqr,1.0,100.0,1.0,100.0
135,PR.QM_Chip1_Chan3,LDA,136,Lysozyme_60; Lysozyme_750; Pep28_360; BSA_210; CaCl_990; LL37_1020; Caffeine_660; BSA_90; Lysozyme_1170; BSA_30; Lysozyme_720; LL37_1350; LL37_390; Lysine_690; CaCl_30; CaCl_1140; Caffeine_630; Lysozyme_1020; MgCl_30; MgCl_270; Lysozyme_960; Caffeine_570; LL37_300; Caffeine_360; Pep28_180; MgCl_420; Caffeine_90; Caffeine_30; MgCl_1110; LL37_540; BSA_930; Caffeine_990; LL37_750; Caffeine_1110; MgCl_300; LL37_420; BSA_1290; LL37_180; Lysine_30; CaCl_900; CaCl_1350; Pep28_30; Lysozyme_690; Lysozyme_30; Pep28_150; LL37_990; CaCl_1290; LL37_1050; MgCl_180; LL37_30; LL37_1260; Lysozyme_1350; CaCl_1110; CaCl_90; Lysozyme_120; Caffeine_870; CaCl_240; Caffeine_1020; Lysozyme_480; Caffeine_120; LL37_1140; LL37_330; Lysozyme_240; Pep28_570; Caffeine_390; MgCl_630; LL37_1110; BSA_420; Lysozyme_1260; CaCl_540; Lysozyme_1200; BSA_240; Lysozyme_1290; MgCl_90; MgCl_450; Caffeine_1200; Caffeine_510; Lysine_1080; MgCl_1140; MgCl_60; MgCl_840; BSA_660; CaCl_150; Caffeine_1230; Pep28_1080; Lysine_210; MgCl_1170; Lysine_1230; LL37_840; Lysozyme_90; Caffeine_690; LL37_480; Lysine_1350; MgCl_120; Lysozyme_1050; Pep28_690; BSA_1020; BSA_180; CaCl_780; BSA_900; MgCl_660; MgCl_1050; MgCl_1350; Lysozyme_1080; Pep28_480; CaCl_270; BSA_330; CaCl_180; LL37_450; Lysine_660; LL37_60; Lysine_1170; Lysozyme_810; MgCl_330; BSA_390; LL37_360; CaCl_390; MgCl_480; Caffeine_720; MgCl_870; LL37_240; CaCl_930; BSA_1140; LL37_510; Lysine_750; CaCl_1200; Lysine_420; Lysine_240; BSA_1230; BSA_690; Pep28_1320; BSA_540; Caffeine_780; Pep28_1290; CaCl_300; Lysozyme_510,solver=svd,0.9444444444444444,94.44444444444444,0.4857142857142857,48.57142857142857
136,PR.QM_Chip1_Chan4,LDA,140,Lysozyme_60; Lysozyme_750; Pep28_360; BSA_210; CaCl_990; LL37_1020; BSA_90; Caffeine_660; Lysozyme_1170; BSA_30; LL37_1350; MgCl_30; LL37_390; Lysozyme_720; Lysine_690; CaCl_30; MgCl_270; CaCl_1140; Lysozyme_1020; Caffeine_630; Caffeine_360; Caffeine_990; Caffeine_90; Caffeine_30; Caffeine_570; LL37_300; Pep28_180; BSA_930; MgCl_1110; Lysozyme_960; LL37_750; LL37_540; Lysozyme_690; MgCl_420; MgCl_300; Pep28_30; Caffeine_1110; Pep28_150; CaCl_900; CaCl_1350; Lysozyme_1350; BSA_1290; LL37_180; LL37_990; LL37_1050; LL37_420; Lysozyme_30; CaCl_1110; CaCl_1290; LL37_1260; LL37_30; Lysine_30; CaCl_90; Lysozyme_120; MgCl_180; Lysozyme_480; Caffeine_120; Caffeine_390; LL37_1140; Lysozyme_240; LL37_330; Caffeine_870; Caffeine_1020; CaCl_240; Lysozyme_1290; CaCl_540; LL37_1110; Lysozyme_1260; Pep28_1080; Pep28_570; Caffeine_690; BSA_420; MgCl_630; MgCl_840; BSA_240; Caffeine_1200; MgCl_450; CaCl_150; Lysozyme_1200; Caffeine_720; Caffeine_510; Lysozyme_90; Caffeine_1230; BSA_660; Lysine_1230; MgCl_90; Lysozyme_810; CaCl_1050; BSA_1020; MgCl_1140; MgCl_1170; Lysine_1080; Pep28_690; CaCl_780; Lysine_210; BSA_180; Pep28_480; Lysozyme_1050; LL37_480; Lysine_660; BSA_330; BSA_900; MgCl_330; Lysine_1350; MgCl_660; Lysozyme_1080; LL37_60; Lysine_1170; LL37_840; BSA_390; MgCl_1050; CaCl_270; LL37_450; MgCl_60; CaCl_1200; Caffeine_780; CaCl_180; MgCl_120; BSA_690; CaCl_360; Pep28_1290; MgCl_480; Lysine_840; BSA_1230; Lysozyme_270; LL37_510; BSA_540; Lysozyme_510; BSA_1140; MgCl_870; MgCl_1350; LL37_240; CaCl_300; MgCl_1020; Lysine_420; Lysine_750; CaCl_930; LL37_360; MgCl_210; Lysozyme_840,solver=svd,0.9444444444444444,94.44444444444444,0.4857142857142857,48.57142857142857
137,PR.QM_Chip3_Chan1,LDA,162,Lysozyme_60; Lysozyme_750; Pep28_360; BSA_210; CaCl_990; LL37_1020; Lysozyme_1170; BSA_90; Caffeine_660; Lysozyme_720; MgCl_30; BSA_30; LL37_1350; CaCl_1140; Lysine_690; Lysozyme_1020; LL37_390; Lysozyme_30; Caffeine_630; CaCl_30; LL37_300; Caffeine_30; Caffeine_360; MgCl_270; Caffeine_990; LL37_540; MgCl_1110; CaCl_900; Pep28_180; Lysozyme_960; MgCl_420; LL37_750; Lysozyme_690; BSA_930; Caffeine_570; LL37_180; Caffeine_90; Caffeine_1110; CaCl_1290; Lysine_30; Pep28_150; CaCl_1350; MgCl_180; MgCl_300; LL37_1260; LL37_990; LL37_420; LL37_1050; LL37_30; BSA_1290; CaCl_90; Lysozyme_1350; CaCl_1110; LL37_1140; BSA_420; MgCl_630; Pep28_30; LL37_330; Caffeine_510; Caffeine_870; LL37_1110; Lysozyme_480; Lysozyme_120; CaCl_540; Pep28_570; CaCl_240; Lysozyme_1260; Lysozyme_1290; Caffeine_120; Caffeine_1020; Lysozyme_1200; BSA_660; Caffeine_1200; Caffeine_690; Lysozyme_240; Lysozyme_1080; BSA_240; MgCl_60; Pep28_1080; MgCl_1140; MgCl_450; CaCl_270; MgCl_120; Caffeine_1230; Lysozyme_810; Pep28_690; CaCl_150; Pep28_480; LL37_480; MgCl_90; BSA_1020; Lysine_1230; LL37_840; LL37_60; Caffeine_390; MgCl_1050; BSA_900; Lysine_210; Lysozyme_1050; MgCl_840; LL37_360; Lysine_1170; Lysine_1350; BSA_330; BSA_390; Caffeine_720; BSA_180; MgCl_660; CaCl_930; CaCl_780; MgCl_1170; Caffeine_330; MgCl_870; Lysozyme_90; Lysine_390; Lysozyme_840; Lysine_660; BSA_1140; Lysine_1080; Lysozyme_270; LL37_240; Pep28_1290; Lysine_1260; CaCl_1020; Lysine_240; Lysine_840; CaCl_300; MgCl_480; BSA_540; Lysozyme_870; CaCl_180; BSA_1230; BSA_690; Caffeine_840; Lysozyme_510; Caffeine_150; CaCl_390; MgCl_1020; LL37_210; Pep28_1320; CaCl_360; MgCl_210; LL37_450; LL37_150; MgCl_1350; LL37_870; CaCl_1200; BSA_1320; Lysozyme_660; Lysine_420; Caffeine_780; CaCl_1050; MgCl_150; CaCl_1080; Caffeine_1080; Lysine_750; MgCl_330; Pep28_1260; Pep28_270; Caffeine_450; BSA_510; CaCl_210,solver=svd,0.8888888888888888,88.88888888888889,0.4705882352941176,47.05882352941176
138,PR.QM_Chip3_Chan2,LDA,144,Lysozyme_60; Lysozyme_750; Pep28_360; CaCl_990; BSA_210; LL37_1020; Lysozyme_1170; BSA_90; BSA_30; Lysozyme_720; Caffeine_660; LL37_1350; LL37_390; MgCl_30; CaCl_30; CaCl_1140; Lysine_690; MgCl_270; Caffeine_570; Lysozyme_1020; Caffeine_30; MgCl_300; Lysozyme_960; LL37_540; BSA_930; Caffeine_630; LL37_300; Caffeine_360; Pep28_180; MgCl_1110; Caffeine_990; Caffeine_90; LL37_750; MgCl_420; Lysine_30; Lysozyme_690; Pep28_150; Caffeine_1110; LL37_180; BSA_1290; Pep28_30; CaCl_1350; LL37_990; LL37_420; LL37_1050; Lysozyme_1350; LL37_1260; CaCl_1290; LL37_330; LL37_30; CaCl_900; Lysozyme_30; Caffeine_1020; Caffeine_870; CaCl_1110; Caffeine_390; Caffeine_120; Lysozyme_120; LL37_1140; CaCl_240; CaCl_90; Lysozyme_480; MgCl_630; Lysozyme_240; MgCl_180; BSA_420; Pep28_570; Lysozyme_1260; LL37_1110; CaCl_540; Lysozyme_1290; MgCl_450; Lysine_1080; Caffeine_690; BSA_660; Pep28_1080; MgCl_840; BSA_240; Caffeine_1230; CaCl_150; Lysine_1230; Caffeine_510; Lysozyme_1080; Lysozyme_1200; MgCl_90; MgCl_1140; Caffeine_1200; Caffeine_720; Pep28_690; Lysine_210; LL37_840; MgCl_60; MgCl_1170; Lysine_1350; BSA_1020; CaCl_780; MgCl_120; Lysine_660; MgCl_1050; Lysozyme_1050; Lysozyme_810; BSA_180; BSA_330; CaCl_180; Pep28_480; Lysine_1170; Lysozyme_90; BSA_900; BSA_390; LL37_480; CaCl_360; Lysine_420; Caffeine_780; CaCl_270; MgCl_330; LL37_240; LL37_60; MgCl_1350; LL37_360; BSA_1140; LL37_510; CaCl_930; CaCl_1200; MgCl_480; CaCl_300; Lysine_240; MgCl_660; BSA_540; BSA_1230; Lysine_750; Lysozyme_270; Lysine_1260; MgCl_870; MgCl_1020; Pep28_1320; LL37_450; Pep28_1290; BSA_690; Lysine_840; Caffeine_450; Caffeine_150; MgCl_210; CaCl_390; Caffeine_1170,shrinkage=auto; solver=lsqr,1.0,100.0,1.0,100.0
139,PR.QM_Chip3_Chan3,LDA,132,Lysozyme_60; Lysozyme_750; Pep28_360; CaCl_990; BSA_210; BSA_90; LL37_1020; Caffeine_660; Lysozyme_1170; Lysozyme_720; BSA_30; LL37_1350; CaCl_30; MgCl_30; Caffeine_630; Lysine_690; LL37_390; CaCl_1140; Lysozyme_960; LL37_300; Lysozyme_1020; Caffeine_30; Caffeine_570; LL37_540; Pep28_180; MgCl_270; MgCl_1110; BSA_930; Caffeine_360; Caffeine_990; MgCl_420; LL37_750; Caffeine_90; Lysozyme_690; Pep28_150; Caffeine_1110; LL37_990; CaCl_900; MgCl_300; LL37_1050; LL37_180; CaCl_1350; LL37_420; Pep28_30; Lysozyme_1350; BSA_1290; Lysine_30; Lysozyme_30; MgCl_180; CaCl_1290; LL37_1260; LL37_330; Lysozyme_120; LL37_30; CaCl_1110; Lysozyme_480; Caffeine_870; Caffeine_120; LL37_1140; BSA_420; Caffeine_1020; CaCl_540; CaCl_90; Pep28_570; Lysozyme_240; CaCl_240; MgCl_630; Lysozyme_1260; Lysozyme_1290; Caffeine_690; BSA_240; MgCl_60; LL37_1110; MgCl_840; Pep28_1080; MgCl_1140; MgCl_450; Lysozyme_1200; CaCl_150; BSA_660; Caffeine_390; Caffeine_1200; Lysine_1230; Lysozyme_810; Lysozyme_1050; CaCl_180; Lysine_1080; Caffeine_1230; MgCl_120; Lysozyme_1080; CaCl_780; Lysine_1350; MgCl_90; LL37_510; BSA_180; Lysozyme_90; LL37_840; Pep28_690; Caffeine_720; Pep28_480; MgCl_1170; Lysine_660; BSA_900; Lysine_210; BSA_1020; Lysine_1170; MgCl_1050; MgCl_330; LL37_60; Caffeine_510; LL37_480; CaCl_270; MgCl_1350; MgCl_660; BSA_330; BSA_1140; MgCl_870; Lysine_750; MgCl_1020; BSA_1230; MgCl_480; LL37_360; BSA_390; Lysine_1260; BSA_540; Lysozyme_270; CaCl_1200; Lysine_840; Lysine_420; LL37_450; CaCl_930; LL37_240,solver=svd,1.0,100.0,1.0,100.0
140,PR.QM_Chip3_Chan4,LDA,132,Lysozyme_60; Lysozyme_750; BSA_210; Pep28_360; CaCl_990; BSA_90; LL37_1020; Caffeine_660; Lysozyme_1170; BSA_30; Lysozyme_720; LL37_1350; MgCl_30; Lysine_690; LL37_390; Caffeine_630; CaCl_30; Caffeine_570; Lysozyme_960; Lysozyme_1020; LL37_300; LL37_540; Pep28_180; MgCl_270; CaCl_1140; Caffeine_360; BSA_930; MgCl_1110; Caffeine_990; MgCl_420; Caffeine_90; LL37_750; Lysozyme_30; Pep28_150; Lysozyme_690; LL37_30; Caffeine_30; Caffeine_1110; MgCl_300; BSA_1290; CaCl_900; LL37_420; LL37_180; CaCl_1350; Lysine_30; Pep28_30; CaCl_1290; Lysozyme_1350; LL37_1260; LL37_990; MgCl_180; CaCl_1110; Lysozyme_120; LL37_1140; Caffeine_870; LL37_330; LL37_1050; Lysozyme_480; Lysozyme_240; CaCl_240; Caffeine_1020; Caffeine_120; CaCl_90; MgCl_90; Pep28_570; Lysozyme_1260; LL37_1110; MgCl_630; BSA_420; Caffeine_390; Caffeine_690; Lysozyme_1290; CaCl_540; MgCl_840; Lysine_1080; MgCl_450; Pep28_1080; MgCl_1140; Caffeine_1200; CaCl_150; Lysozyme_1200; Lysine_210; Caffeine_1230; BSA_660; LL37_60; Lysine_1230; Pep28_690; Caffeine_510; BSA_240; MgCl_120; Lysine_660; Caffeine_720; MgCl_1170; Lysozyme_1080; Lysozyme_810; MgCl_60; BSA_1020; Lysozyme_90; BSA_180; MgCl_1050; Lysine_1350; CaCl_780; Lysine_1170; BSA_900; CaCl_180; LL37_840; Lysozyme_1050; LL37_480; Pep28_480; MgCl_1350; CaCl_270; MgCl_660; MgCl_330; BSA_330; BSA_390; BSA_1230; Lysine_750; LL37_360; MgCl_1020; BSA_1140; CaCl_930; MgCl_480; Pep28_1290; LL37_240; CaCl_1200; Lysine_240; BSA_540; CaCl_1020; Caffeine_780; Lysine_840; Lysozyme_270; Lysine_420,solver=svd,1.0,100.0,1.0,100.0
141,PR.QM_Chip4_Chan1,LDA,105,Lysozyme_60; Lysozyme_750; BSA_210; Pep28_360; CaCl_990; LL37_1020; Caffeine_660; BSA_90; BSA_30; Lysozyme_1170; Lysozyme_720; LL37_1350; LL37_390; CaCl_1140; Caffeine_570; MgCl_270; Lysine_690; Caffeine_630; CaCl_30; LL37_540; Lysozyme_960; LL37_300; MgCl_1110; Caffeine_360; Lysozyme_1020; Lysozyme_30; MgCl_30; Caffeine_30; Pep28_180; LL37_750; Caffeine_90; Caffeine_990; MgCl_420; BSA_930; Pep28_150; Lysozyme_690; MgCl_300; BSA_1290; Caffeine_1110; LL37_180; CaCl_900; LL37_1050; LL37_330; CaCl_1290; CaCl_1350; Lysozyme_1350; MgCl_180; Pep28_30; Caffeine_870; LL37_420; CaCl_1110; LL37_1260; Lysozyme_120; CaCl_90; LL37_990; Caffeine_1020; LL37_1110; CaCl_240; Caffeine_120; Lysozyme_240; LL37_1140; Pep28_570; Lysozyme_480; MgCl_840; BSA_420; MgCl_630; CaCl_540; Caffeine_390; Lysozyme_90; Caffeine_690; LL37_30; MgCl_450; MgCl_90; MgCl_1170; Lysozyme_1290; MgCl_1140; Caffeine_1230; Lysine_660; Lysine_1080; Pep28_1080; CaCl_780; Lysozyme_1260; CaCl_150; Caffeine_510; BSA_240; Pep28_690; Lysine_210; BSA_660; Caffeine_1200; MgCl_60; Lysine_1350; Lysozyme_810; Pep28_480; LL37_840; Caffeine_720; MgCl_1050; LL37_60; CaCl_930; MgCl_330; Lysozyme_1080; CaCl_270; Lysine_1170; Lysine_390; CaCl_180; Lysozyme_1200,solver=svd,0.6111111111111112,61.111111111111114,0.3793103448275862,37.93103448275862
142,PR.QM_Chip4_Chan2,LDA,124,Lysozyme_60; Lysozyme_750; BSA_210; Pep28_360; CaCl_990; LL37_1020; Caffeine_660; BSA_90; Lysozyme_1170; Lysozyme_720; BSA_30; LL37_1350; CaCl_30; CaCl_1140; Lysine_690; LL37_390; Caffeine_570; LL37_300; Caffeine_630; MgCl_270; Lysozyme_960; Caffeine_30; MgCl_30; Lysozyme_1020; MgCl_420; Caffeine_360; LL37_540; Caffeine_990; Pep28_180; Caffeine_90; BSA_930; LL37_750; MgCl_1110; Lysozyme_690; Pep28_150; MgCl_300; BSA_1290; Caffeine_1110; CaCl_900; Lysozyme_30; Lysine_30; CaCl_1350; LL37_180; LL37_1260; LL37_420; LL37_990; Lysozyme_1350; CaCl_1290; Lysozyme_120; MgCl_180; LL37_1050; Pep28_30; CaCl_1110; Pep28_570; LL37_30; Caffeine_870; LL37_1140; Lysozyme_480; LL37_330; CaCl_240; Lysozyme_240; Caffeine_1020; CaCl_90; BSA_420; Caffeine_120; Lysozyme_1260; MgCl_630; CaCl_540; Lysozyme_1200; LL37_1110; Lysozyme_1290; Caffeine_690; Caffeine_390; MgCl_450; Pep28_1080; MgCl_840; BSA_240; Lysine_210; CaCl_150; Caffeine_1200; MgCl_1140; Lysozyme_1050; MgCl_90; MgCl_1170; MgCl_120; Lysine_1080; Caffeine_510; MgCl_60; BSA_660; Lysine_660; Lysozyme_810; Caffeine_1230; Lysine_1230; Pep28_690; Lysine_1350; Lysine_840; BSA_180; Pep28_480; CaCl_180; BSA_1020; Lysozyme_1080; LL37_60; Caffeine_720; CaCl_780; CaCl_360; LL37_840; BSA_390; BSA_690; Lysine_1170; CaCl_270; LL37_480; MgCl_1050; MgCl_330; MgCl_660; Lysozyme_270; Lysine_420; MgCl_1350; LL37_450; Lysine_750; BSA_330; CaCl_930; BSA_1230; LL37_240; BSA_900,solver=svd,1.0,100.0,1.0,100.0
143,PR.QM_Chip4_Chan3,LDA,112,Lysozyme_60; Lysozyme_750; Pep28_360; BSA_210; CaCl_990; BSA_90; LL37_1020; Caffeine_660; Lysozyme_1170; Lysozyme_720; BSA_30; LL37_1350; CaCl_30; Lysine_690; LL37_390; CaCl_1140; MgCl_30; Caffeine_630; MgCl_270; LL37_300; Lysozyme_960; Caffeine_30; Lysozyme_1020; Pep28_180; Caffeine_570; Caffeine_360; LL37_540; Caffeine_990; BSA_930; LL37_750; Caffeine_90; MgCl_1110; MgCl_420; MgCl_300; Lysozyme_690; Pep28_150; Lysozyme_30; Caffeine_1110; CaCl_900; BSA_1290; LL37_180; CaCl_1350; Lysine_30; LL37_990; LL37_420; Lysozyme_1350; Pep28_30; CaCl_1290; LL37_30; LL37_1050; MgCl_180; LL37_1260; CaCl_1110; LL37_330; Lysozyme_120; Caffeine_1020; CaCl_90; Caffeine_870; Lysozyme_1260; Lysozyme_480; LL37_1140; Lysozyme_240; Caffeine_390; CaCl_240; BSA_420; Pep28_570; Caffeine_120; CaCl_540; LL37_1110; MgCl_630; Lysozyme_1290; Caffeine_690; MgCl_450; MgCl_1140; Pep28_1080; MgCl_90; Lysozyme_1200; Lysine_1080; CaCl_150; BSA_660; Lysozyme_90; MgCl_840; Caffeine_1230; Lysine_1230; LL37_60; MgCl_60; Lysine_210; MgCl_1170; Lysozyme_810; Lysozyme_1080; Caffeine_510; Lysozyme_1050; Pep28_690; Caffeine_1200; BSA_240; Caffeine_720; Lysine_1170; CaCl_780; BSA_1020; MgCl_120; CaCl_270; Lysine_1350; LL37_840; BSA_900; Lysine_660; BSA_180; LL37_480; Pep28_480; MgCl_1050; MgCl_1350; BSA_390; CaCl_180,solver=svd,1.0,100.0,1.0,100.0
144,PR.QM_Chip4_Chan4,LDA,135,Lysozyme_60; Lysozyme_750; Pep28_360; BSA_210; CaCl_990; LL37_1020; BSA_90; Caffeine_660; Lysozyme_1170; Lysozyme_720; LL37_1350; CaCl_30; LL37_390; Lysozyme_1020; MgCl_1110; Lysozyme_960; Lysine_690; Caffeine_570; Caffeine_630; LL37_300; Pep28_180; CaCl_1140; Caffeine_360; BSA_30; Caffeine_90; Caffeine_990; MgCl_270; LL37_540; MgCl_420; Caffeine_30; BSA_930; Lysozyme_690; MgCl_30; Pep28_150; LL37_750; MgCl_300; LL37_30; CaCl_1350; Lysine_30; Lysozyme_30; LL37_990; BSA_1290; LL37_180; Caffeine_1110; CaCl_90; CaCl_900; Lysozyme_1350; LL37_420; LL37_1260; CaCl_1110; LL37_1050; LL37_1140; CaCl_150; MgCl_180; Lysozyme_120; LL37_1110; Pep28_30; CaCl_1290; Caffeine_120; Caffeine_1020; BSA_420; Caffeine_870; Pep28_570; LL37_330; Lysozyme_1260; Lysozyme_480; CaCl_540; LL37_90; Caffeine_390; Lysozyme_240; MgCl_630; Lysine_1080; MgCl_90; CaCl_240; Caffeine_1200; Lysine_1230; Caffeine_690; MgCl_1140; Pep28_1080; BSA_660; MgCl_450; Lysozyme_1200; MgCl_840; Lysozyme_1050; Lysozyme_1290; BSA_240; Caffeine_510; Lysozyme_810; Lysine_1350; MgCl_1170; Pep28_690; LL37_840; MgCl_1350; Lysozyme_1080; Caffeine_1230; Caffeine_720; BSA_1020; MgCl_60; Lysine_210; CaCl_180; Lysozyme_660; BSA_900; CaCl_780; CaCl_360; CaCl_1200; MgCl_1050; MgCl_660; BSA_1140; Lysine_1170; Lysine_840; BSA_180; BSA_330; BSA_390; MgCl_480; CaCl_1050; Lysozyme_90; LL37_480; MgCl_120; BSA_300; Lysine_240; Lysine_660; LL37_510; BSA_990; Pep28_1320; Pep28_480; Pep28_210; Lysine_750; BSA_540; Lysine_1260; CaCl_1020; Lysozyme_300; CaCl_930; LL37_450; Pep28_1290; MgCl_330,shrinkage=auto; solver=lsqr,0.5,50.0,0.3333333333333333,33.33333333333333
1,PE.QH_Chip1_Chan1,XGBoost,110,Caffeine_1230; Lysine_840; Lysine_690; Caffeine_210; Lysozyme_60; Lysine_870; Lysozyme_30; Lysine_1230; Caffeine_480; CaCl_840; Lysozyme_1020; Lysozyme_720; MgCl_390; Caffeine_1140; Lysozyme_1170; Lysine_600; Lysine_30; CaCl_900; Caffeine_690; Pep28_210; CaCl_540; MgCl_90; MgCl_510; BSA_30; Lysine_930; BSA_270; Pep28_30; CaCl_120; BSA_90; LL37_840; Caffeine_1020; Lysozyme_750; LL37_1170; Lysozyme_480; Caffeine_930; LL37_1020; CaCl_150; CaCl_60; BSA_1230; Lysine_1350; MgCl_870; Lysozyme_1200; BSA_450; LL37_660; LL37_1320; Lysozyme_960; BSA_330; CaCl_90; Lysozyme_420; BSA_120; Caffeine_1110; Caffeine_1050; BSA_210; CaCl_210; MgCl_1200; Lysine_990; MgCl_300; MgCl_360; BSA_150; CaCl_1170; Caffeine_60; BSA_1320; CaCl_30; LL37_60; Caffeine_1170; Caffeine_1200; LL37_750; Caffeine_990; CaCl_660; CaCl_930; CaCl_810; Caffeine_570; CaCl_750; Caffeine_660; Lysozyme_240; Caffeine_720; BSA_990; CaCl_300; MgCl_630; LL37_540; LL37_900; Pep28_1140; LL37_510; Lysozyme_1080; Lysine_480; BSA_300; Caffeine_750; BSA_240; Lysine_240; Caffeine_270; BSA_180; Lysozyme_90; BSA_1140; LL37_1350; LL37_1080; MgCl_30; Lysozyme_120; LL37_150; Pep28_1320; Lysine_210; CaCl_1200; Caffeine_1320; BSA_1110; MgCl_1140; MgCl_270; Lysine_720; Lysine_1260; Caffeine_1350; Caffeine_810; CaCl_990,colsample_bytree=1.0; learning_rate=0.2; max_depth=3; n_estimators=400; subsample=1.0,1.0,100.0,1.0,100.0
2,PE.QH_Chip1_Chan2,XGBoost,58,Pep28_210; Caffeine_1170; Lysine_930; Lysozyme_720; Lysozyme_60; Caffeine_1230; Lysine_1260; Lysozyme_1110; Lysozyme_30; LL37_30; BSA_180; Lysine_690; Lysozyme_750; Lysozyme_660; LL37_240; LL37_150; Lysozyme_1170; LL37_180; MgCl_90; CaCl_540; CaCl_210; BSA_960; Lysozyme_480; Lysozyme_90; Caffeine_1020; CaCl_840; BSA_30; BSA_600; BSA_840; Caffeine_990; MgCl_900; MgCl_300; BSA_1080; Caffeine_720; BSA_210; CaCl_1260; LL37_1350; Caffeine_420; Pep28_30; CaCl_30; Lysozyme_1320; Lysozyme_1080; CaCl_150; LL37_540; Lysine_1140; CaCl_780; MgCl_210; CaCl_120; LL37_450; LL37_990; LL37_1020; Caffeine_30; Lysozyme_120; Pep28_1320; Lysine_1290; Caffeine_660; Lysozyme_240; LL37_600,colsample_bytree=0.8; learning_rate=0.1; max_depth=3; n_estimators=400; subsample=0.8,1.0,100.0,1.0,100.0
3,PE.QH_Chip1_Chan3,XGBoost,35,Pep28_210; Caffeine_1230; Lysine_690; BSA_270; Lysozyme_60; MgCl_390; Lysine_870; MgCl_90; Lysine_930; Lysozyme_660; Lysozyme_30; Lysozyme_990; MgCl_870; CaCl_840; Lysozyme_1170; Lysozyme_750; CaCl_900; BSA_90; Lysozyme_720; Lysozyme_600; CaCl_210; MgCl_300; BSA_30; Lysozyme_1320; CaCl_150; CaCl_90; Caffeine_210; LL37_540; CaCl_540; CaCl_1260; BSA_210; CaCl_780; Lysine_600; CaCl_120; Lysine_1260,colsample_bytree=0.8; learning_rate=0.2; max_depth=3; n_estimators=400; subsample=1.0,1.0,100.0,1.0,100.0
4,PE.QH_Chip1_Chan4,XGBoost,128,Pep28_210; Caffeine_1230; Lysozyme_60; Lysine_690; Lysozyme_660; Lysine_870; BSA_1320; Caffeine_930; Lysozyme_720; Lysozyme_30; Caffeine_270; CaCl_840; MgCl_90; Lysozyme_750; Lysozyme_1170; LL37_540; MgCl_300; Lysine_930; Lysine_1260; LL37_1020; CaCl_120; MgCl_420; Lysine_600; CaCl_900; BSA_270; Caffeine_60; BSA_210; CaCl_1260; CaCl_150; Lysozyme_1020; Caffeine_240; Caffeine_1020; CaCl_540; Lysozyme_990; LL37_1350; BSA_330; Caffeine_660; Pep28_540; Pep28_60; Lysozyme_480; Lysozyme_1320; MgCl_870; CaCl_240; Lysozyme_1050; Pep28_390; LL37_480; CaCl_810; Caffeine_1170; MgCl_60; CaCl_90; BSA_30; CaCl_210; BSA_390; Caffeine_690; LL37_780; Caffeine_1140; Lysozyme_120; LL37_60; Lysozyme_90; Lysine_840; Caffeine_90; Lysozyme_960; LL37_30; LL37_390; CaCl_780; Lysine_1230; CaCl_750; BSA_930; BSA_420; BSA_90; CaCl_30; Lysozyme_540; BSA_1350; BSA_1290; Lysine_1080; Caffeine_990; CaCl_60; CaCl_270; Pep28_630; Lysozyme_1200; CaCl_990; Caffeine_570; Lysine_240; BSA_300; Pep28_330; BSA_720; MgCl_1080; BSA_240; Lysine_750; CaCl_930; LL37_900; BSA_450; Lysine_900; Pep28_30; Lysozyme_930; LL37_630; LL37_300; CaCl_1050; Pep28_840; Caffeine_360; LL37_210; Lysine_660; LL37_930; BSA_1080; LL37_180; MgCl_930; CaCl_1290; Caffeine_1200; LL37_690; MgCl_360; LL37_150; Caffeine_330; Lysine_150; LL37_750; Lysozyme_180; Pep28_360; Caffeine_1080; Caffeine_30; MgCl_270; CaCl_390; BSA_1110; CaCl_1200; Caffeine_1320; MgCl_1110; MgCl_570; Lysine_450; Caffeine_1350; BSA_150,colsample_bytree=0.8; learning_rate=0.2; max_depth=3; n_estimators=400; subsample=0.8,1.0,100.0,1.0,100.0
5,PE.QH_Chip3_Chan1,XGBoost,140,Lysozyme_60; Caffeine_1230; Pep28_210; Lysine_930; MgCl_1290; CaCl_840; Lysozyme_720; Lysine_1170; MgCl_90; Lysine_840; Lysine_240; Pep28_540; Caffeine_450; Lysozyme_30; CaCl_120; Lysozyme_1170; Lysine_1260; MgCl_60; BSA_960; Lysozyme_750; Lysozyme_630; Lysine_690; MgCl_390; MgCl_300; CaCl_1320; CaCl_930; Lysozyme_1110; Caffeine_1020; Lysine_1020; LL37_1350; Caffeine_690; LL37_540; CaCl_540; Lysozyme_1320; Lysine_1110; Lysozyme_660; CaCl_780; CaCl_30; CaCl_1260; LL37_30; CaCl_810; Caffeine_1140; CaCl_210; Lysozyme_330; Caffeine_810; Caffeine_60; Lysozyme_480; Caffeine_240; Lysozyme_90; BSA_210; Lysine_870; LL37_60; BSA_420; Caffeine_990; Lysozyme_930; CaCl_750; MgCl_180; MgCl_870; Lysozyme_960; Lysozyme_180; BSA_300; Pep28_360; Pep28_120; Lysozyme_1200; BSA_1230; BSA_30; BSA_330; CaCl_60; LL37_150; Caffeine_660; Caffeine_480; Caffeine_930; MgCl_1050; LL37_1020; Caffeine_720; BSA_1320; LL37_900; LL37_1140; Lysozyme_120; Lysozyme_510; Lysozyme_1080; LL37_180; LL37_1320; Lysozyme_420; Caffeine_1260; Lysine_1080; Caffeine_1170; Lysozyme_840; Lysozyme_240; CaCl_90; BSA_270; MgCl_690; Caffeine_1200; Lysozyme_1020; LL37_780; CaCl_990; Pep28_750; Lysine_1050; Lysine_990; CaCl_1110; CaCl_570; Lysine_750; LL37_240; Lysozyme_690; MgCl_270; Lysozyme_540; LL37_300; LL37_390; BSA_390; CaCl_150; Caffeine_780; MgCl_930; Caffeine_30; Caffeine_270; Lysine_720; CaCl_510; BSA_450; LL37_870; BSA_1020; LL37_990; MgCl_420; Caffeine_570; CaCl_330; Caffeine_900; BSA_1140; Lysozyme_600; Caffeine_1320; Pep28_150; BSA_90; Caffeine_1350; BSA_1350; BSA_930; LL37_660; BSA_1290; CaCl_390; Lysozyme_810; Lysine_900; Lysine_210; LL37_90; Caffeine_1110,colsample_bytree=1.0; learning_rate=0.1; max_depth=3; n_estimators=400; subsample=0.8,1.0,100.0,1.0,100.0
6,PE.QH_Chip3_Chan2,XGBoost,108,Caffeine_210; Caffeine_1230; Lysozyme_60; Lysozyme_660; MgCl_390; CaCl_840; Lysozyme_30; Lysine_930; LL37_660; Lysine_870; Lysine_1260; Lysozyme_1170; LL37_1350; MgCl_90; Lysine_690; Lysozyme_420; Lysozyme_1320; Pep28_480; CaCl_900; CaCl_120; CaCl_60; Lysozyme_1110; Lysozyme_90; Pep28_210; Lysozyme_720; CaCl_1170; Caffeine_1020; CaCl_210; BSA_30; Lysozyme_750; Pep28_810; BSA_150; CaCl_540; Lysozyme_300; CaCl_1260; Lysozyme_480; LL37_540; MgCl_300; BSA_330; CaCl_150; Caffeine_60; LL37_780; CaCl_750; BSA_420; Lysozyme_510; Caffeine_1200; MgCl_870; CaCl_90; BSA_990; Caffeine_690; CaCl_300; Caffeine_990; BSA_270; Lysozyme_960; Lysozyme_1020; LL37_60; BSA_90; CaCl_30; BSA_450; LL37_840; Lysozyme_180; Caffeine_900; Caffeine_510; Lysine_600; Caffeine_1140; LL37_1020; LL37_300; BSA_210; MgCl_210; Caffeine_930; Lysine_990; BSA_1230; Caffeine_570; CaCl_930; Caffeine_660; LL37_480; Lysozyme_120; Lysozyme_1200; Lysozyme_450; BSA_930; BSA_300; Lysine_210; Caffeine_1110; MgCl_1290; CaCl_1080; Caffeine_780; Lysine_1170; Lysine_240; LL37_180; Pep28_30; LL37_630; CaCl_990; Caffeine_390; Lysine_660; BSA_120; Caffeine_420; LL37_150; Lysine_1080; BSA_1140; LL37_1110; LL37_960; LL37_1080; Pep28_300; Lysozyme_930; BSA_1020; BSA_1290; LL37_30; Lysozyme_840,colsample_bytree=0.8; learning_rate=0.1; max_depth=3; n_estimators=400; subsample=0.8,1.0,100.0,1.0,100.0
7,PE.QH_Chip3_Chan3,XGBoost,92,Caffeine_210; MgCl_90; Lysozyme_1110; Lysozyme_60; Caffeine_1230; MgCl_390; CaCl_1320; BSA_960; Caffeine_930; Lysine_690; BSA_30; Lysozyme_750; Lysozyme_1170; BSA_990; Pep28_210; CaCl_120; MgCl_300; CaCl_1260; Lysozyme_30; Lysozyme_660; Lysozyme_720; Lysozyme_450; BSA_210; BSA_270; LL37_1350; Lysine_930; Lysozyme_90; CaCl_840; CaCl_540; Lysine_870; Lysozyme_1320; Lysozyme_1020; BSA_330; Caffeine_1140; CaCl_210; CaCl_60; CaCl_90; Caffeine_660; Caffeine_990; CaCl_900; CaCl_750; Pep28_30; LL37_450; Caffeine_60; CaCl_930; Caffeine_690; LL37_540; Lysozyme_480; BSA_420; MgCl_870; Lysine_1260; CaCl_1230; CaCl_150; Lysozyme_810; Caffeine_330; BSA_1230; BSA_840; Caffeine_450; LL37_1320; Pep28_990; Caffeine_1170; MgCl_1350; Caffeine_1110; LL37_1290; BSA_300; LL37_1020; Caffeine_1200; Lysozyme_960; CaCl_810; LL37_1140; CaCl_300; BSA_390; CaCl_30; Lysine_1170; Lysozyme_240; Lysozyme_1200; LL37_60; BSA_450; Pep28_900; Lysozyme_120; Lysine_600; Pep28_480; Caffeine_1350; Caffeine_810; Lysine_60; BSA_1290; Caffeine_570; Caffeine_180; LL37_180; BSA_1200; Lysine_240; Lysozyme_1080,colsample_bytree=0.8; learning_rate=0.2; max_depth=3; n_estimators=200; subsample=0.8,1.0,100.0,1.0,100.0
8,PE.QH_Chip3_Chan4,XGBoost,120,Lysozyme_1110; Caffeine_210; MgCl_480; Caffeine_1230; LL37_1350; MgCl_390; MgCl_90; Lysine_690; Lysozyme_60; Lysine_1170; Pep28_210; Lysozyme_720; Lysine_930; Lysine_60; Lysine_30; CaCl_840; CaCl_120; CaCl_810; MgCl_300; CaCl_1260; Lysozyme_30; Lysine_1260; Caffeine_420; Lysozyme_750; Lysozyme_1170; LL37_540; Caffeine_1290; LL37_660; Lysozyme_660; Caffeine_900; Caffeine_360; LL37_1320; Caffeine_990; Lysozyme_870; Lysine_870; Pep28_810; Caffeine_720; Caffeine_1140; CaCl_210; CaCl_30; Lysozyme_1020; LL37_150; CaCl_540; MgCl_870; Caffeine_690; BSA_300; Caffeine_1020; LL37_780; BSA_270; BSA_210; Lysozyme_1200; Lysozyme_90; LL37_60; Caffeine_330; Lysozyme_1320; CaCl_150; BSA_30; BSA_960; Caffeine_60; CaCl_1320; Lysozyme_480; BSA_600; CaCl_780; Caffeine_510; Lysine_90; Caffeine_930; Pep28_330; CaCl_390; Lysine_600; CaCl_750; LL37_1080; CaCl_90; Caffeine_660; LL37_840; Lysine_750; CaCl_900; CaCl_930; Lysozyme_990; CaCl_270; Lysozyme_960; Lysine_960; Pep28_1320; BSA_840; Caffeine_1200; BSA_240; CaCl_60; LL37_1110; Lysozyme_120; BSA_990; LL37_180; Pep28_60; Caffeine_1350; BSA_120; BSA_420; Lysine_630; BSA_1230; LL37_300; CaCl_570; LL37_210; LL37_1020; Lysozyme_510; MgCl_360; Caffeine_1320; MgCl_30; BSA_390; LL37_510; Lysozyme_1080; Caffeine_1110; CaCl_990; Lysozyme_240; Caffeine_90; Pep28_180; BSA_90; Caffeine_570; Pep28_300; Lysozyme_840; LL37_900; BSA_180; MgCl_600; MgCl_1140,colsample_bytree=0.8; learning_rate=0.1; max_depth=3; n_estimators=400; subsample=1.0,1.0,100.0,1.0,100.0
9,PE.QH_Chip4_Chan1,XGBoost,147,MgCl_390; Pep28_210; Caffeine_210; Lysine_690; Lysozyme_60; Lysozyme_720; CaCl_120; Caffeine_1230; Lysozyme_30; Lysozyme_1170; Lysine_1260; BSA_930; CaCl_840; MgCl_90; MgCl_300; CaCl_210; Lysozyme_1110; Lysine_960; CaCl_1260; Lysozyme_240; Lysozyme_90; Lysine_750; Lysozyme_660; Lysine_870; Caffeine_1020; LL37_1350; Lysozyme_750; Pep28_120; CaCl_150; Lysozyme_1320; CaCl_900; Caffeine_60; Lysozyme_990; Caffeine_990; CaCl_30; Lysozyme_480; Lysine_930; BSA_210; Caffeine_1200; Pep28_1110; CaCl_540; LL37_60; LL37_1320; Lysozyme_960; CaCl_570; Caffeine_660; BSA_30; CaCl_930; Caffeine_690; MgCl_690; Lysozyme_420; BSA_1230; MgCl_870; Lysozyme_1200; BSA_270; Caffeine_1110; Lysozyme_270; BSA_60; Lysozyme_390; Caffeine_1140; Lysozyme_150; LL37_540; CaCl_60; MgCl_1110; Lysozyme_840; LL37_840; LL37_300; BSA_450; LL37_660; Caffeine_570; CaCl_360; MgCl_570; BSA_480; Lysine_30; Caffeine_1170; Lysozyme_1080; CaCl_990; LL37_180; Lysozyme_630; MgCl_60; Pep28_1350; Caffeine_360; LL37_1020; Lysozyme_1020; Lysozyme_1050; BSA_690; Pep28_480; BSA_300; Lysozyme_900; BSA_780; CaCl_780; LL37_1050; LL37_900; BSA_390; Lysozyme_510; BSA_1290; CaCl_750; Pep28_30; Pep28_1320; Lysozyme_540; Caffeine_930; Lysozyme_180; LL37_30; Lysine_1170; Lysine_420; Lysozyme_810; BSA_1020; Caffeine_780; CaCl_240; Lysine_1080; LL37_270; LL37_960; Lysine_240; BSA_900; Lysozyme_120; CaCl_1080; MgCl_270; Pep28_300; MgCl_420; Pep28_990; CaCl_810; Lysine_660; LL37_510; MgCl_930; CaCl_270; Pep28_750; Lysozyme_330; Lysine_390; BSA_1080; CaCl_1110; Caffeine_720; Pep28_360; Lysine_210; CaCl_90; BSA_420; Caffeine_90; BSA_120; Pep28_510; BSA_1140; MgCl_210; Lysine_570; CaCl_480; Caffeine_510; BSA_1110; Lysozyme_690; Caffeine_1320; MgCl_1140,colsample_bytree=0.8; learning_rate=0.2; max_depth=3; n_estimators=400; subsample=0.8,1.0,100.0,1.0,100.0
10,PE.QH_Chip4_Chan2,XGBoost,116,Caffeine_210; BSA_270; Caffeine_1230; MgCl_300; Lysozyme_60; LL37_1350; Pep28_210; Lysozyme_1170; Lysozyme_30; Lysozyme_660; Lysine_690; Lysine_930; MgCl_390; MgCl_90; Lysozyme_720; Lysine_870; Lysine_1260; Lysozyme_1110; CaCl_840; Lysozyme_750; Caffeine_1050; Caffeine_1020; Lysine_480; BSA_330; BSA_990; CaCl_900; CaCl_780; Lysozyme_480; Lysozyme_1320; CaCl_120; Caffeine_1140; LL37_450; MgCl_870; CaCl_540; Lysozyme_90; CaCl_30; CaCl_390; Lysozyme_180; BSA_30; CaCl_750; CaCl_60; BSA_420; MgCl_690; LL37_540; MgCl_1290; CaCl_1260; CaCl_150; CaCl_210; Caffeine_60; Caffeine_690; Caffeine_930; Lysine_960; BSA_210; Caffeine_1110; LL37_60; Lysozyme_1200; LL37_1200; Lysozyme_1020; BSA_300; MgCl_900; LL37_1320; Caffeine_990; Caffeine_570; BSA_450; CaCl_270; LL37_780; LL37_510; Caffeine_660; Pep28_30; BSA_90; Lysozyme_120; Lysine_1020; LL37_1020; Caffeine_360; CaCl_930; CaCl_720; Lysine_810; BSA_1230; Lysine_30; BSA_1200; BSA_120; Caffeine_1200; Caffeine_90; Lysine_600; BSA_1290; MgCl_750; CaCl_1350; CaCl_90; Caffeine_150; CaCl_990; Caffeine_1320; Lysozyme_630; BSA_570; LL37_1140; Lysine_1050; Caffeine_1350; Pep28_1110; Lysine_240; Lysine_840; CaCl_330; MgCl_270; LL37_900; Caffeine_510; Lysozyme_840; LL37_360; Pep28_300; LL37_300; Lysozyme_450; Lysine_1200; LL37_1080; Caffeine_900; MgCl_990; CaCl_600; Lysine_1080; LL37_930; CaCl_570,colsample_bytree=0.8; learning_rate=0.2; max_depth=7; n_estimators=400; subsample=0.8,1.0,100.0,1.0,100.0
11,PE.QH_Chip4_Chan3,XGBoost,96,CaCl_1320; Lysine_690; Caffeine_210; MgCl_390; Caffeine_1230; Lysozyme_60; CaCl_900; Lysozyme_30; BSA_30; Pep28_210; MgCl_90; Lysine_930; Lysozyme_720; Lysozyme_1170; CaCl_840; Lysine_870; LL37_1320; MgCl_300; Lysozyme_1020; CaCl_120; MgCl_600; Caffeine_1110; Lysozyme_750; CaCl_210; Caffeine_1350; Caffeine_1140; CaCl_540; CaCl_1260; Lysozyme_1320; Lysozyme_960; Lysozyme_660; LL37_1020; Lysine_1260; Lysozyme_480; MgCl_870; CaCl_90; Lysine_210; Lysozyme_90; LL37_540; Caffeine_930; Lysine_720; Lysozyme_300; Caffeine_660; Lysozyme_510; Caffeine_1020; LL37_1350; CaCl_60; LL37_750; MgCl_360; LL37_150; Lysozyme_1110; CaCl_150; BSA_210; Caffeine_990; CaCl_780; BSA_870; BSA_300; Pep28_750; BSA_540; MgCl_1140; BSA_1230; LL37_300; BSA_420; Caffeine_60; Lysozyme_1200; Caffeine_330; Caffeine_750; Lysozyme_120; Caffeine_1200; LL37_60; CaCl_300; CaCl_750; MgCl_780; BSA_1080; Lysine_750; Caffeine_1260; Lysozyme_810; LL37_810; Lysozyme_240; CaCl_990; Caffeine_540; BSA_270; Lysine_1230; LL37_30; Lysozyme_600; Lysozyme_1080; Lysine_660; Caffeine_240; Pep28_360; LL37_1080; CaCl_1110; Pep28_720; Caffeine_1170; Caffeine_120; Caffeine_1080; MgCl_1110,colsample_bytree=0.8; learning_rate=0.2; max_depth=7; n_estimators=400; subsample=0.8,1.0,100.0,1.0,100.0
12,PE.QH_Chip4_Chan4,XGBoost,94,Caffeine_1230; Lysozyme_60; Lysine_690; Pep28_210; Lysine_870; Lysine_30; Lysozyme_1170; MgCl_90; Lysozyme_720; CaCl_1260; MgCl_300; MgCl_390; CaCl_840; Lysozyme_30; Pep28_30; Lysozyme_1110; Caffeine_930; Lysozyme_660; Caffeine_1140; BSA_210; Lysozyme_1260; BSA_30; CaCl_210; CaCl_120; CaCl_900; Pep28_750; Lysine_930; CaCl_90; Lysozyme_750; MgCl_450; Lysozyme_480; BSA_270; Caffeine_1020; LL37_450; Lysozyme_1320; Caffeine_690; LL37_540; Caffeine_1200; CaCl_780; Caffeine_1080; Lysine_750; Lysozyme_1020; BSA_240; Lysozyme_930; Lysine_600; MgCl_690; CaCl_390; CaCl_60; Pep28_1320; Lysozyme_90; Lysine_120; Lysozyme_1200; Caffeine_210; BSA_1020; Caffeine_570; CaCl_540; Caffeine_390; LL37_1290; CaCl_150; CaCl_750; CaCl_30; Caffeine_990; Lysozyme_120; LL37_1320; Lysozyme_960; CaCl_300; Caffeine_660; BSA_1230; BSA_960; Lysine_1260; Lysine_1140; LL37_1350; CaCl_420; LL37_60; BSA_450; Lysozyme_300; CaCl_1230; Lysozyme_240; CaCl_570; LL37_30; MgCl_870; BSA_330; BSA_600; Pep28_1260; MgCl_240; LL37_1080; LL37_840; MgCl_1290; CaCl_990; BSA_120; LL37_1020; Lysozyme_690; Caffeine_1170; LL37_510,colsample_bytree=1.0; learning_rate=0.1; max_depth=5; n_estimators=400; subsample=0.8,1.0,100.0,1.0,100.0
13,PE.QL_Chip1_Chan1,XGBoost,89,Lysine_840; Caffeine_1050; CaCl_900; BSA_630; Caffeine_210; Lysine_690; Pep28_210; Caffeine_1140; Caffeine_1230; Lysozyme_720; Lysozyme_60; LL37_1350; CaCl_840; MgCl_390; Caffeine_480; BSA_270; Lysozyme_750; Lysozyme_30; Lysozyme_1170; BSA_330; CaCl_540; Caffeine_1020; Lysozyme_480; Caffeine_1350; Caffeine_690; Lysozyme_90; Caffeine_60; Lysozyme_660; MgCl_90; Caffeine_1170; CaCl_750; CaCl_210; LL37_1200; LL37_510; CaCl_30; LL37_60; Lysozyme_1020; Lysine_1350; Lysozyme_1200; Lysine_870; BSA_450; CaCl_120; Caffeine_720; Caffeine_570; CaCl_870; CaCl_60; LL37_540; LL37_1020; Caffeine_660; Caffeine_1260; LL37_300; Lysine_450; BSA_210; LL37_840; MgCl_1290; BSA_300; Lysine_900; BSA_960; Lysine_240; MgCl_870; CaCl_270; Lysine_750; BSA_420; CaCl_90; Lysozyme_1260; Caffeine_990; MgCl_420; BSA_990; Lysozyme_300; Caffeine_1320; MgCl_300; Caffeine_1110; Lysozyme_600; Lysozyme_240; BSA_1290; Pep28_150; BSA_390; Lysine_300; CaCl_780; LL37_900; Lysine_1260; LL37_390; Lysozyme_1080; CaCl_930; LL37_150; LL37_30; CaCl_810; LL37_360; CaCl_150,colsample_bytree=1.0; learning_rate=0.2; max_depth=3; n_estimators=200; subsample=1.0,0.8333333333333334,83.33333333333334,0.4545454545454545,45.454545454545446
14,PE.QL_Chip1_Chan2,XGBoost,124,Pep28_210; Caffeine_1230; Lysozyme_60; Caffeine_420; Lysine_690; CaCl_120; LL37_1350; Caffeine_360; Lysozyme_1170; Lysozyme_1110; MgCl_90; Lysozyme_1080; Lysozyme_720; Lysozyme_660; MgCl_390; Lysine_840; Lysozyme_750; CaCl_840; Lysozyme_30; Caffeine_1140; MgCl_300; Caffeine_900; Lysine_240; BSA_480; Lysozyme_1320; MgCl_270; LL37_540; LL37_1200; CaCl_1260; CaCl_30; CaCl_900; LL37_240; Caffeine_690; BSA_960; BSA_30; BSA_1320; Lysozyme_480; CaCl_930; BSA_270; MgCl_420; CaCl_60; LL37_1020; Lysozyme_1020; CaCl_750; Lysine_810; CaCl_210; MgCl_690; LL37_150; Lysine_1020; Pep28_30; Caffeine_330; LL37_30; Pep28_1320; Lysozyme_330; Caffeine_930; Caffeine_1020; LL37_1320; Caffeine_1260; Caffeine_1350; Caffeine_1110; MgCl_870; Caffeine_660; Pep28_480; CaCl_90; Lysozyme_90; Lysine_1260; Caffeine_990; LL37_900; LL37_180; BSA_210; Lysozyme_810; LL37_60; BSA_930; LL37_300; BSA_300; BSA_420; Lysozyme_960; BSA_1230; Lysine_870; Caffeine_1170; Pep28_360; BSA_360; LL37_600; Lysine_1170; BSA_1140; Lysozyme_840; CaCl_1170; BSA_450; Lysozyme_120; LL37_1140; Lysine_480; LL37_630; Lysozyme_1200; CaCl_180; CaCl_990; Caffeine_60; MgCl_1170; Caffeine_90; BSA_90; Lysozyme_930; Lysine_570; LL37_390; MgCl_330; MgCl_450; MgCl_360; MgCl_1200; Lysozyme_180; Lysozyme_240; CaCl_780; CaCl_540; Caffeine_780; Lysozyme_600; Lysine_660; Lysozyme_630; MgCl_1020; MgCl_930; Lysine_750; Lysine_300; Pep28_840; BSA_810; CaCl_150; Lysine_900; BSA_1290; Caffeine_1200,colsample_bytree=0.8; learning_rate=0.2; max_depth=3; n_estimators=400; subsample=0.8,1.0,100.0,1.0,100.0
15,PE.QL_Chip1_Chan3,XGBoost,61,MgCl_600; BSA_90; Caffeine_1230; LL37_930; Lysozyme_60; Pep28_690; Lysine_690; Lysozyme_720; Pep28_1020; CaCl_540; BSA_270; Caffeine_300; Lysine_1260; MgCl_90; Lysozyme_1110; Lysozyme_1170; Lysozyme_750; Caffeine_1140; MgCl_300; CaCl_840; CaCl_210; Lysozyme_1320; Pep28_480; Caffeine_270; CaCl_120; Lysozyme_90; Lysozyme_30; CaCl_1260; LL37_180; LL37_1350; Pep28_510; Lysozyme_480; BSA_960; Lysozyme_330; Lysozyme_240; MgCl_930; Pep28_390; BSA_300; Caffeine_930; BSA_1320; BSA_930; Caffeine_690; CaCl_30; MgCl_270; MgCl_870; Caffeine_660; BSA_210; LL37_540; BSA_690; MgCl_420; MgCl_1140; Caffeine_330; MgCl_630; CaCl_900; Lysine_960; Lysozyme_960; Lysine_870; Lysine_750; Caffeine_990; Lysozyme_120; Caffeine_1110,colsample_bytree=1.0; learning_rate=0.1; max_depth=5; n_estimators=400; subsample=0.8,1.0,100.0,1.0,100.0
16,PE.QL_Chip1_Chan4,XGBoost,138,Caffeine_450; Lysozyme_210; Lysozyme_1110; Lysozyme_60; Caffeine_420; Lysozyme_720; LL37_1350; Lysine_690; Lysozyme_330; Caffeine_1230; BSA_1230; MgCl_90; Lysozyme_750; Pep28_990; Lysozyme_30; Caffeine_900; MgCl_870; Lysozyme_1170; CaCl_30; LL37_1200; Caffeine_60; BSA_270; Lysozyme_660; Lysine_360; CaCl_1260; CaCl_780; MgCl_390; Caffeine_1050; CaCl_210; BSA_900; Lysozyme_90; CaCl_1050; BSA_480; Caffeine_930; Lysozyme_240; CaCl_840; Lysozyme_1320; LL37_540; MgCl_1170; Caffeine_690; CaCl_540; MgCl_930; CaCl_120; MgCl_300; Caffeine_990; LL37_60; LL37_1110; Lysine_870; Caffeine_1140; CaCl_810; Pep28_30; Lysozyme_1050; LL37_630; BSA_300; Lysine_30; Lysine_1350; CaCl_90; BSA_90; CaCl_900; Caffeine_1020; LL37_660; Caffeine_510; Caffeine_1350; Lysozyme_960; Lysozyme_480; CaCl_1170; Caffeine_660; Lysine_750; CaCl_750; CaCl_690; Lysine_1260; CaCl_60; Lysine_1080; Lysine_1140; Caffeine_1170; MgCl_960; Lysozyme_1080; Lysine_120; BSA_210; BSA_690; BSA_30; Pep28_360; LL37_90; LL37_30; Lysine_780; Pep28_420; CaCl_150; BSA_420; LL37_300; BSA_600; Lysine_240; Pep28_60; Caffeine_570; BSA_1020; LL37_180; LL37_900; MgCl_480; LL37_690; LL37_1020; Lysozyme_420; BSA_1290; Caffeine_1200; Caffeine_1110; LL37_150; LL37_360; Lysozyme_1200; Lysine_210; BSA_1140; CaCl_570; LL37_1140; LL37_810; Lysine_810; Lysozyme_930; Lysozyme_810; MgCl_120; MgCl_420; CaCl_990; MgCl_270; BSA_960; Caffeine_960; CaCl_930; LL37_510; BSA_1080; Caffeine_870; MgCl_30; Lysine_660; Lysozyme_120; MgCl_630; Caffeine_330; CaCl_660; Pep28_240; MgCl_1200; CaCl_300; Pep28_480; Caffeine_1080; Pep28_840; Caffeine_120; Caffeine_750,colsample_bytree=0.8; learning_rate=0.2; max_depth=3; n_estimators=400; subsample=0.8,1.0,100.0,1.0,100.0
17,PE.QL_Chip3_Chan1,XGBoost,56,BSA_480; Caffeine_210; Lysine_690; Lysozyme_60; MgCl_390; Caffeine_1230; MgCl_90; Pep28_210; Lysozyme_1170; CaCl_1320; Lysine_930; Lysozyme_30; Lysine_870; Caffeine_930; CaCl_120; Lysozyme_1020; LL37_1200; Lysozyme_750; Lysozyme_1110; CaCl_840; CaCl_900; CaCl_570; LL37_1350; Lysozyme_1320; Pep28_510; CaCl_780; Lysozyme_720; LL37_540; CaCl_30; Lysozyme_1260; MgCl_300; MgCl_870; Lysozyme_990; Lysozyme_240; CaCl_60; MgCl_930; Caffeine_990; BSA_90; Lysozyme_90; Caffeine_750; LL37_30; CaCl_540; BSA_30; Lysozyme_480; CaCl_210; LL37_150; CaCl_150; LL37_1320; Lysine_1020; BSA_210; Caffeine_690; BSA_300; Caffeine_660; BSA_1290; Lysine_960; CaCl_300,colsample_bytree=0.8; learning_rate=0.1; max_depth=3; n_estimators=400; subsample=0.8,1.0,100.0,1.0,100.0
18,PE.QL_Chip3_Chan2,XGBoost,113,MgCl_300; Caffeine_210; Lysozyme_60; Lysozyme_660; Lysine_1260; CaCl_840; Caffeine_1230; Pep28_210; Lysine_690; Lysozyme_30; Lysine_870; Lysine_930; Lysozyme_1020; MgCl_390; Lysozyme_1170; BSA_990; Caffeine_930; MgCl_90; Lysozyme_720; CaCl_120; LL37_1350; Caffeine_1140; Caffeine_1170; Caffeine_1350; LL37_690; MgCl_60; Lysozyme_750; Lysozyme_90; Pep28_750; MgCl_360; CaCl_1260; Caffeine_1200; Lysine_600; Caffeine_60; Lysozyme_960; CaCl_540; BSA_210; CaCl_30; Caffeine_360; CaCl_210; Lysozyme_1320; LL37_60; Caffeine_330; Caffeine_990; Caffeine_240; LL37_150; Lysozyme_480; CaCl_900; Lysine_960; CaCl_150; Caffeine_1020; CaCl_90; LL37_1020; Caffeine_840; Caffeine_660; Lysine_750; LL37_540; BSA_150; Lysozyme_1080; Caffeine_1110; CaCl_60; Lysozyme_630; LL37_450; LL37_840; MgCl_1110; LL37_930; CaCl_270; BSA_270; Caffeine_690; BSA_30; BSA_300; Lysozyme_120; LL37_180; Caffeine_720; Lysine_240; MgCl_870; Lysozyme_1200; LL37_30; Lysozyme_1110; Caffeine_1320; Pep28_1320; Caffeine_600; Lysozyme_810; Lysozyme_300; MgCl_1260; BSA_930; Pep28_1020; Pep28_570; Lysine_30; BSA_330; CaCl_750; LL37_900; BSA_420; Lysozyme_900; BSA_450; BSA_390; CaCl_930; CaCl_990; Lysine_90; LL37_1320; BSA_1230; LL37_870; Lysine_1080; MgCl_270; CaCl_780; MgCl_1140; Lysozyme_450; Caffeine_420; BSA_1020; BSA_690; Pep28_300; LL37_1170; CaCl_1080,colsample_bytree=0.8; learning_rate=0.1; max_depth=3; n_estimators=400; subsample=0.8,1.0,100.0,1.0,100.0
19,PE.QL_Chip3_Chan3,XGBoost,72,CaCl_810; Caffeine_1230; Caffeine_210; Lysozyme_60; Lysozyme_30; Pep28_210; MgCl_390; Lysine_690; MgCl_360; CaCl_840; MgCl_90; Lysine_870; Lysozyme_720; LL37_240; Lysozyme_750; LL37_1350; CaCl_120; Caffeine_420; Lysozyme_1110; Lysine_960; Lysine_1170; Lysozyme_1320; Lysozyme_1170; MgCl_300; Pep28_30; Caffeine_930; BSA_30; LL37_540; Lysozyme_90; Caffeine_1110; CaCl_780; Caffeine_1020; Lysine_930; CaCl_1260; Caffeine_60; Lysozyme_1020; Lysozyme_180; Lysine_1260; Lysozyme_480; Caffeine_1080; CaCl_30; MgCl_690; Caffeine_1140; Lysozyme_1080; MgCl_870; CaCl_900; BSA_300; Caffeine_660; Lysozyme_810; CaCl_210; BSA_960; CaCl_930; LL37_30; BSA_870; Lysine_240; Lysozyme_960; Caffeine_990; Caffeine_690; LL37_1200; CaCl_750; Caffeine_750; BSA_60; CaCl_150; Lysozyme_330; LL37_1020; MgCl_930; LL37_60; BSA_210; CaCl_540; Lysozyme_840; Caffeine_1170; CaCl_90,colsample_bytree=1.0; learning_rate=0.2; max_depth=3; n_estimators=400; subsample=0.8,1.0,100.0,1.0,100.0
20,PE.QL_Chip3_Chan4,XGBoost,134,MgCl_1110; Lysine_870; Pep28_210; Caffeine_210; LL37_900; CaCl_900; Lysozyme_1020; Lysozyme_60; Caffeine_1230; CaCl_840; MgCl_390; Lysine_690; Lysozyme_30; Lysine_960; Lysine_930; LL37_1350; Lysozyme_720; BSA_30; Caffeine_660; Lysozyme_1170; Lysozyme_750; Caffeine_1260; CaCl_1320; Lysozyme_660; CaCl_30; LL37_1320; BSA_990; Lysozyme_1050; Caffeine_420; MgCl_90; BSA_780; Caffeine_1140; Caffeine_930; CaCl_270; CaCl_210; Lysine_750; CaCl_540; MgCl_1350; LL37_540; Caffeine_1080; Caffeine_60; Lysozyme_960; Caffeine_990; Pep28_30; CaCl_150; Lysozyme_90; Lysozyme_1080; CaCl_90; Caffeine_720; Lysine_240; MgCl_210; LL37_780; CaCl_780; LL37_300; CaCl_60; Lysozyme_120; BSA_270; LL37_60; CaCl_450; BSA_210; Lysine_1260; LL37_480; LL37_1140; LL37_1110; MgCl_870; Lysine_60; Lysozyme_1200; LL37_1020; LL37_210; BSA_300; LL37_450; BSA_330; LL37_150; Caffeine_360; CaCl_120; BSA_390; LL37_180; Caffeine_1320; Caffeine_690; CaCl_750; MgCl_30; CaCl_930; Lysozyme_390; Caffeine_570; BSA_1140; Pep28_480; Caffeine_900; Pep28_1320; LL37_930; LL37_1170; Caffeine_1200; Caffeine_450; Pep28_780; Lysozyme_990; Lysozyme_240; Caffeine_1020; Pep28_360; CaCl_390; BSA_1200; LL37_330; Pep28_180; Caffeine_1110; BSA_630; LL37_510; Lysozyme_540; Pep28_300; LL37_960; Caffeine_1350; LL37_870; CaCl_810; LL37_600; BSA_1020; CaCl_1290; Lysine_300; MgCl_330; Caffeine_300; BSA_1290; CaCl_990; BSA_240; Lysozyme_480; Pep28_510; Lysine_480; Lysine_210; Caffeine_330; CaCl_690; Lysine_600; LL37_570; MgCl_300; Lysine_180; BSA_930; Caffeine_150; Lysine_1080; LL37_1200; BSA_1230,colsample_bytree=1.0; learning_rate=0.2; max_depth=3; n_estimators=400; subsample=0.8,0.8333333333333334,83.33333333333334,0.4545454545454545,45.454545454545446
21,PE.QL_Chip4_Chan1,XGBoost,63,Lysine_870; Caffeine_210; LL37_450; MgCl_390; Lysozyme_60; Caffeine_1230; MgCl_90; Pep28_210; CaCl_1260; Lysine_930; BSA_960; BSA_30; Lysozyme_30; Lysozyme_1170; LL37_1350; Lysozyme_750; CaCl_840; CaCl_540; Caffeine_1140; LL37_810; Lysine_1020; Lysine_690; CaCl_210; CaCl_90; BSA_900; Lysozyme_720; MgCl_300; Lysine_270; Caffeine_930; CaCl_120; Pep28_1320; MgCl_1200; Caffeine_240; Lysozyme_1020; Lysine_30; Lysozyme_120; Pep28_30; Caffeine_1020; BSA_210; LL37_900; Lysozyme_1320; Pep28_1290; Caffeine_990; LL37_1020; Lysozyme_960; Lysozyme_1350; CaCl_150; Lysine_750; Caffeine_330; Lysozyme_660; Lysozyme_1200; CaCl_900; LL37_540; BSA_1230; Caffeine_510; Caffeine_660; Lysozyme_480; BSA_930; Caffeine_1200; Lysozyme_630; Pep28_840; BSA_990; Caffeine_1350,colsample_bytree=1.0; learning_rate=0.1; max_depth=5; n_estimators=400; subsample=1.0,1.0,100.0,1.0,100.0
22,PE.QL_Chip4_Chan2,XGBoost,156,Lysine_690; CaCl_120; Lysozyme_30; Lysozyme_60; Lysine_510; Pep28_210; Caffeine_1230; Lysozyme_450; Lysozyme_1170; Caffeine_720; CaCl_900; LL37_810; BSA_600; BSA_270; CaCl_60; Lysozyme_720; Lysine_1260; Lysozyme_90; LL37_450; Caffeine_690; MgCl_360; LL37_1350; CaCl_780; LL37_630; CaCl_840; Lysine_1350; Lysozyme_750; LL37_30; CaCl_540; MgCl_870; Lysozyme_1110; BSA_630; Caffeine_660; Caffeine_1350; CaCl_150; CaCl_1320; CaCl_210; Lysozyme_480; Lysine_1080; Caffeine_990; MgCl_90; Lysine_30; Lysozyme_1080; Caffeine_60; Lysozyme_240; BSA_300; Caffeine_900; BSA_30; LL37_1200; Caffeine_30; Lysozyme_1020; CaCl_30; Lysine_720; Caffeine_1140; Caffeine_570; Lysine_750; LL37_120; BSA_120; Lysozyme_660; LL37_60; MgCl_1290; LL37_1110; BSA_960; CaCl_750; Caffeine_930; Lysine_450; Lysine_600; Lysozyme_1200; BSA_810; LL37_540; BSA_420; Lysine_990; BSA_360; Caffeine_510; MgCl_1110; Caffeine_1110; Lysine_1020; Pep28_480; BSA_990; CaCl_1170; BSA_180; BSA_930; Lysine_1230; LL37_240; Lysozyme_840; CaCl_90; BSA_240; LL37_660; BSA_210; LL37_840; Caffeine_330; Pep28_1320; BSA_330; BSA_510; Lysine_210; Lysozyme_960; LL37_1080; BSA_1140; LL37_1020; Caffeine_1170; Lysozyme_600; Caffeine_1200; BSA_1230; Lysozyme_120; LL37_150; CaCl_810; Lysozyme_420; BSA_90; CaCl_990; BSA_1200; BSA_1290; LL37_900; Pep28_1110; MgCl_390; Lysozyme_390; LL37_300; CaCl_1110; LL37_390; LL37_1050; Lysozyme_810; Caffeine_90; MgCl_30; Lysine_240; Caffeine_1020; MgCl_270; MgCl_210; CaCl_570; Pep28_150; Lysozyme_1320; Pep28_30; CaCl_1200; Lysozyme_330; CaCl_420; Pep28_750; MgCl_990; Pep28_870; Caffeine_630; BSA_450; Caffeine_780; BSA_1080; Lysine_1050; CaCl_1020; LL37_750; Lysozyme_180; Lysozyme_930; Lysine_930; LL37_480; LL37_210; MgCl_750; LL37_960; Lysine_660; MgCl_1140; Lysozyme_1230; LL37_270; Lysine_780; Pep28_1230,colsample_bytree=1.0; learning_rate=0.1; max_depth=3; n_estimators=400; subsample=0.8,0.7777777777777778,77.77777777777779,0.4375,43.75
23,PE.QL_Chip4_Chan3,XGBoost,115,Lysine_870; Caffeine_210; MgCl_390; Caffeine_1230; MgCl_90; Lysine_690; Lysozyme_60; LL37_1350; Lysozyme_30; Pep28_210; Lysine_930; CaCl_120; Lysozyme_1110; LL37_690; Lysozyme_1170; CaCl_840; CaCl_210; Lysine_1260; Lysozyme_750; Caffeine_180; LL37_540; BSA_960; Caffeine_1140; LL37_1320; Lysozyme_720; Lysozyme_1080; MgCl_300; Caffeine_690; Caffeine_570; BSA_1080; MgCl_870; Lysozyme_1020; BSA_30; Lysozyme_1320; MgCl_210; BSA_300; BSA_1230; CaCl_540; CaCl_1230; Caffeine_990; LL37_900; LL37_30; Caffeine_1200; Caffeine_270; CaCl_30; Lysozyme_240; MgCl_690; Lysine_750; MgCl_930; Caffeine_1110; Lysine_900; CaCl_150; Lysozyme_480; CaCl_60; LL37_1050; Caffeine_120; Caffeine_1020; Lysine_960; BSA_1290; Caffeine_330; Caffeine_360; Lysozyme_840; BSA_270; CaCl_810; MgCl_1110; Caffeine_60; Caffeine_660; Lysozyme_1050; CaCl_360; LL37_60; Lysozyme_120; Lysozyme_960; Lysozyme_570; CaCl_1260; CaCl_780; LL37_1080; BSA_210; Pep28_510; CaCl_300; CaCl_930; BSA_1140; BSA_930; LL37_150; CaCl_900; Caffeine_720; MgCl_1290; Lysozyme_1200; Lysine_660; Lysozyme_90; LL37_780; Lysine_90; LL37_180; Caffeine_1320; Caffeine_1350; Lysozyme_810; LL37_600; CaCl_750; LL37_1020; Pep28_30; Lysine_1020; CaCl_90; MgCl_60; Lysine_1080; Pep28_1350; Lysozyme_690; Caffeine_930; Lysine_210; CaCl_1350; Caffeine_1050; BSA_420; Lysozyme_660; CaCl_990; BSA_600; Lysozyme_180; CaCl_1200,colsample_bytree=1.0; learning_rate=0.2; max_depth=3; n_estimators=400; subsample=1.0,0.6111111111111112,61.111111111111114,0.3793103448275862,37.93103448275862
24,PE.QL_Chip4_Chan4,XGBoost,90,Pep28_210; Caffeine_210; CaCl_120; Lysozyme_60; BSA_1320; Caffeine_1230; Lysozyme_30; MgCl_390; Lysine_870; Caffeine_270; Lysine_930; Lysozyme_660; Lysozyme_720; Caffeine_1140; MgCl_90; Caffeine_900; BSA_30; Lysine_690; Lysozyme_1170; CaCl_930; CaCl_210; MgCl_360; Lysozyme_750; CaCl_690; MgCl_30; MgCl_1110; Caffeine_1020; Lysozyme_1110; Lysozyme_1020; Lysozyme_90; LL37_1350; CaCl_60; CaCl_1230; Caffeine_1110; Pep28_30; Lysozyme_1320; MgCl_300; CaCl_840; LL37_270; BSA_1230; CaCl_540; BSA_1200; CaCl_30; LL37_540; CaCl_1260; LL37_60; Lysozyme_480; Caffeine_690; LL37_30; Lysine_750; BSA_300; BSA_840; Caffeine_990; Lysozyme_1200; Lysozyme_960; Lysine_960; MgCl_480; CaCl_150; CaCl_390; Caffeine_660; BSA_180; Lysozyme_840; MgCl_870; BSA_390; LL37_1320; Caffeine_60; Lysine_600; BSA_1290; LL37_150; BSA_1020; CaCl_750; MgCl_1140; Lysozyme_240; BSA_210; Caffeine_360; Lysozyme_330; Caffeine_1200; Caffeine_1080; CaCl_780; Caffeine_720; LL37_630; BSA_1080; Lysine_210; Lysine_1260; BSA_1140; CaCl_990; CaCl_1110; CaCl_180; Lysozyme_1080; BSA_600,colsample_bytree=1.0; learning_rate=0.2; max_depth=3; n_estimators=400; subsample=0.8,1.0,100.0,1.0,100.0
25,PE.QM_Chip1_Chan1,XGBoost,39,Lysine_870; Pep28_210; Caffeine_210; Caffeine_1230; Lysozyme_60; Lysine_690; Lysine_930; Lysozyme_720; BSA_30; MgCl_90; CaCl_540; CaCl_840; MgCl_300; Lysine_1260; Lysozyme_30; Lysozyme_1320; Lysozyme_750; Caffeine_930; Lysozyme_1170; MgCl_390; CaCl_120; BSA_270; LL37_540; Caffeine_900; LL37_30; Caffeine_1170; Pep28_240; LL37_1350; Lysozyme_240; Caffeine_1110; LL37_60; Caffeine_450; CaCl_210; Pep28_420; CaCl_600; MgCl_1170; Pep28_510; BSA_300; BSA_210,colsample_bytree=0.8; learning_rate=0.2; max_depth=5; n_estimators=200; subsample=1.0,1.0,100.0,1.0,100.0
26,PE.QM_Chip1_Chan2,XGBoost,62,Lysine_1260; MgCl_390; Lysine_870; Caffeine_210; Lysozyme_60; Caffeine_1230; Lysozyme_30; Pep28_210; Lysine_690; Lysozyme_720; MgCl_90; MgCl_360; Caffeine_900; Lysozyme_750; Lysozyme_1170; LL37_1320; LL37_1350; Caffeine_1350; Lysozyme_1020; BSA_30; Lysine_930; CaCl_540; LL37_30; CaCl_900; Caffeine_1140; CaCl_210; CaCl_840; CaCl_120; Pep28_30; Caffeine_330; BSA_960; LL37_540; MgCl_300; BSA_120; Lysozyme_1320; CaCl_90; CaCl_150; Lysozyme_90; CaCl_930; Lysozyme_480; LL37_150; LL37_60; Lysozyme_270; CaCl_570; BSA_300; Caffeine_180; BSA_1320; Caffeine_990; Caffeine_60; CaCl_750; LL37_1020; Lysozyme_960; LL37_780; BSA_1110; Lysozyme_240; Lysozyme_660; CaCl_1260; Lysozyme_180; Caffeine_570; BSA_210; LL37_750; Caffeine_660,colsample_bytree=0.8; learning_rate=0.1; max_depth=3; n_estimators=400; subsample=1.0,1.0,100.0,1.0,100.0
27,PE.QM_Chip1_Chan3,XGBoost,91,Lysine_1260; Pep28_210; LL37_1350; Lysozyme_60; Caffeine_1230; Lysozyme_330; Lysine_840; MgCl_90; Lysozyme_720; Lysine_690; Pep28_330; MgCl_300; MgCl_390; CaCl_840; Lysozyme_750; CaCl_270; Caffeine_1050; Caffeine_990; Lysine_240; CaCl_1260; CaCl_120; Caffeine_450; BSA_660; Caffeine_60; Lysozyme_1170; Lysozyme_660; LL37_1020; Lysozyme_1320; Lysozyme_960; CaCl_900; CaCl_540; LL37_1110; Lysozyme_1200; Caffeine_930; Lysozyme_840; Lysozyme_90; BSA_210; LL37_810; CaCl_960; LL37_60; Caffeine_1020; CaCl_210; Caffeine_1140; Caffeine_1110; Lysine_780; CaCl_1320; CaCl_30; Lysine_750; CaCl_750; LL37_540; CaCl_930; BSA_450; Lysozyme_30; MgCl_870; Caffeine_660; BSA_1290; CaCl_150; BSA_30; BSA_420; BSA_330; Lysozyme_1020; BSA_990; Lysine_1170; Pep28_780; LL37_1140; Caffeine_1260; Pep28_1320; LL37_720; LL37_900; Pep28_480; BSA_90; Lysozyme_390; BSA_300; Pep28_360; BSA_1140; Lysozyme_600; Lysozyme_1350; Lysozyme_1110; BSA_180; BSA_390; BSA_960; Caffeine_570; MgCl_180; Lysozyme_1080; MgCl_30; CaCl_570; MgCl_270; Lysine_90; MgCl_750; LL37_180; Lysozyme_480,colsample_bytree=0.8; learning_rate=0.2; max_depth=3; n_estimators=400; subsample=0.8,1.0,100.0,1.0,100.0
28,PE.QM_Chip1_Chan4,XGBoost,47,MgCl_1110; Caffeine_870; Lysozyme_30; Caffeine_1230; MgCl_480; Lysine_870; Caffeine_420; Lysozyme_60; Lysozyme_720; BSA_30; MgCl_390; LL37_900; BSA_330; CaCl_900; Lysozyme_1170; CaCl_840; Lysine_690; Lysozyme_1260; Caffeine_210; Pep28_30; LL37_1320; Lysozyme_750; Lysozyme_660; Lysine_300; Pep28_210; LL37_450; CaCl_210; MgCl_90; CaCl_90; Lysozyme_1020; Caffeine_330; Lysozyme_960; BSA_300; Caffeine_660; BSA_930; CaCl_150; Lysine_930; Lysozyme_180; LL37_540; Caffeine_990; CaCl_1260; Lysine_1260; BSA_1200; BSA_600; LL37_240; CaCl_750; Caffeine_690,colsample_bytree=0.8; learning_rate=0.2; max_depth=3; n_estimators=400; subsample=1.0,0.9444444444444444,94.44444444444444,0.4857142857142857,48.57142857142857
29,PE.QM_Chip3_Chan1,XGBoost,85,MgCl_390; Caffeine_1230; Lysine_840; CaCl_120; CaCl_840; Lysine_690; Lysozyme_60; Caffeine_1260; Caffeine_1140; Lysozyme_30; Lysine_930; Lysozyme_720; Lysozyme_660; Lysozyme_1170; Pep28_210; Caffeine_690; BSA_30; LL37_1350; Pep28_90; CaCl_90; Lysozyme_750; MgCl_690; Lysine_1260; CaCl_210; LL37_1020; LL37_240; Caffeine_990; LL37_540; Caffeine_60; CaCl_540; CaCl_900; CaCl_780; Caffeine_210; Caffeine_420; Caffeine_930; Lysine_870; BSA_210; MgCl_90; Lysozyme_810; CaCl_60; Lysozyme_1020; Lysine_960; Caffeine_720; Lysozyme_1050; Lysozyme_960; Lysozyme_600; CaCl_810; Lysine_60; LL37_870; BSA_300; LL37_780; CaCl_600; Lysozyme_90; BSA_930; MgCl_870; CaCl_420; MgCl_600; MgCl_1110; CaCl_150; Caffeine_1020; BSA_330; Pep28_150; Lysozyme_840; CaCl_1260; Lysozyme_120; BSA_1020; Caffeine_480; Lysine_750; Lysozyme_870; Lysozyme_180; CaCl_990; LL37_300; CaCl_750; Lysozyme_1200; Caffeine_660; Lysozyme_1110; CaCl_30; Caffeine_900; CaCl_300; BSA_1230; BSA_420; LL37_1200; Lysozyme_240; BSA_450; Caffeine_750,colsample_bytree=1.0; learning_rate=0.1; max_depth=3; n_estimators=400; subsample=0.8,1.0,100.0,1.0,100.0
30,PE.QM_Chip3_Chan2,XGBoost,97,Caffeine_210; Caffeine_1230; Lysine_690; Lysozyme_60; MgCl_90; Caffeine_900; Lysozyme_720; CaCl_120; BSA_30; Lysozyme_30; CaCl_1260; CaCl_840; LL37_1320; Lysozyme_1110; Lysozyme_1170; Lysozyme_1320; Lysozyme_330; Lysozyme_750; Caffeine_930; MgCl_390; Lysine_870; LL37_1350; Pep28_210; Caffeine_990; CaCl_210; BSA_960; Lysozyme_90; Lysine_960; MgCl_1170; LL37_540; CaCl_90; CaCl_60; Lysine_600; LL37_60; BSA_300; MgCl_300; CaCl_900; Caffeine_240; Lysozyme_840; Lysozyme_1290; Lysozyme_660; MgCl_690; CaCl_540; Lysine_1260; Caffeine_690; CaCl_750; Caffeine_1140; BSA_930; Lysozyme_1020; Lysozyme_480; Caffeine_1110; CaCl_930; Lysozyme_960; BSA_420; CaCl_30; Caffeine_660; Pep28_30; CaCl_150; BSA_1080; BSA_900; Lysozyme_1200; MgCl_360; BSA_210; Caffeine_1020; Lysine_750; MgCl_930; MgCl_960; Lysine_930; Caffeine_360; Caffeine_1200; Caffeine_270; Caffeine_420; Lysozyme_540; LL37_180; Lysine_240; Caffeine_60; CaCl_990; CaCl_300; LL37_30; Caffeine_330; Lysozyme_240; Lysozyme_510; BSA_1140; Lysine_1350; Lysozyme_690; MgCl_420; MgCl_1140; CaCl_390; Lysozyme_120; BSA_1230; Lysine_210; Pep28_1260; Caffeine_1170; BSA_270; Lysine_780; LL37_750; Caffeine_1320,colsample_bytree=1.0; learning_rate=0.1; max_depth=3; n_estimators=400; subsample=0.8,0.9444444444444444,94.44444444444444,0.4857142857142857,48.57142857142857
31,PE.QM_Chip3_Chan3,XGBoost,72,Lysozyme_60; Caffeine_930; BSA_960; Caffeine_1230; CaCl_840; Pep28_210; Lysine_930; LL37_1350; MgCl_90; Lysine_690; Lysozyme_30; BSA_570; MgCl_300; MgCl_180; Lysozyme_1020; Caffeine_210; Lysozyme_720; LL37_1320; Caffeine_1020; Lysine_1170; MgCl_390; Lysine_870; LL37_450; BSA_30; CaCl_780; CaCl_540; Lysozyme_1170; Lysozyme_750; CaCl_1260; LL37_1020; Lysine_1080; CaCl_90; Pep28_270; Lysozyme_1320; LL37_1110; BSA_1020; LL37_600; BSA_210; Lysozyme_660; CaCl_120; Lysine_300; CaCl_660; Lysozyme_480; Pep28_30; MgCl_870; Caffeine_420; CaCl_30; CaCl_210; Lysozyme_1200; LL37_570; Caffeine_240; BSA_270; Caffeine_990; LL37_60; BSA_420; Lysine_1260; Lysozyme_240; Caffeine_1140; CaCl_900; LL37_30; Lysozyme_90; CaCl_60; Caffeine_1290; CaCl_1080; CaCl_150; Lysozyme_960; LL37_540; Lysozyme_630; Caffeine_660; MgCl_1140; Lysine_600; CaCl_750,colsample_bytree=0.8; learning_rate=0.1; max_depth=3; n_estimators=400; subsample=1.0,1.0,100.0,1.0,100.0
32,PE.QM_Chip3_Chan4,XGBoost,118,CaCl_810; Lysozyme_60; LL37_240; Caffeine_1230; Lysozyme_660; Lysine_690; MgCl_90; BSA_30; CaCl_900; Lysozyme_1110; Lysozyme_30; MgCl_390; MgCl_300; BSA_180; Caffeine_210; CaCl_840; Lysine_870; Lysozyme_1170; Lysozyme_750; CaCl_1320; Lysozyme_720; CaCl_120; CaCl_540; LL37_1200; Lysine_1170; Pep28_1320; CaCl_90; Lysozyme_1320; LL37_540; BSA_210; Lysine_930; CaCl_930; Pep28_210; Lysozyme_90; Lysozyme_480; Lysine_1260; LL37_870; CaCl_750; Caffeine_690; CaCl_60; CaCl_600; CaCl_210; MgCl_690; CaCl_150; MgCl_750; BSA_300; Caffeine_420; Caffeine_1110; BSA_990; CaCl_1260; MgCl_870; Caffeine_1140; Lysozyme_1020; Lysozyme_960; Caffeine_1020; Caffeine_660; Pep28_390; CaCl_360; Lysozyme_1230; Lysine_600; Lysine_1080; BSA_1110; BSA_930; BSA_90; Caffeine_990; Caffeine_240; BSA_450; MgCl_1170; Caffeine_60; CaCl_270; LL37_180; CaCl_30; Lysozyme_840; LL37_60; BSA_1080; Caffeine_1200; Pep28_180; Lysine_750; Lysozyme_450; BSA_420; LL37_1350; Caffeine_570; Lysozyme_120; CaCl_660; Pep28_780; CaCl_570; Lysozyme_930; BSA_390; LL37_270; Lysine_1320; Lysine_150; CaCl_780; MgCl_270; Pep28_630; CaCl_990; Lysozyme_1200; Lysine_240; Lysozyme_420; LL37_300; Lysine_30; Lysozyme_1080; Lysozyme_270; LL37_510; Lysine_210; LL37_150; Pep28_360; Caffeine_510; Lysozyme_510; Lysine_1230; CaCl_300; Caffeine_330; Pep28_480; LL37_120; Lysozyme_1050; Caffeine_630; Caffeine_360; LL37_900; Caffeine_1320,colsample_bytree=1.0; learning_rate=0.1; max_depth=3; n_estimators=400; subsample=0.8,1.0,100.0,1.0,100.0
33,PE.QM_Chip4_Chan1,XGBoost,51,MgCl_390; Caffeine_1050; Caffeine_1230; Lysine_690; Lysozyme_60; MgCl_90; Lysine_930; Lysine_840; Lysozyme_1020; CaCl_120; CaCl_1320; Pep28_210; Lysozyme_30; Lysozyme_720; Lysozyme_1110; CaCl_900; Lysozyme_1170; Lysine_1260; CaCl_210; LL37_780; BSA_1320; MgCl_300; Lysozyme_750; Caffeine_900; MgCl_360; CaCl_1260; Caffeine_930; LL37_540; LL37_150; Lysozyme_1320; CaCl_840; BSA_30; BSA_870; Caffeine_60; Caffeine_210; LL37_450; BSA_90; CaCl_540; BSA_1230; Lysine_750; Caffeine_1170; Lysozyme_480; CaCl_1350; Lysozyme_90; MgCl_690; Caffeine_1140; BSA_210; Lysozyme_1200; Lysozyme_840; Caffeine_660; Caffeine_1350,colsample_bytree=0.8; learning_rate=0.1; max_depth=7; n_estimators=400; subsample=1.0,1.0,100.0,1.0,100.0
34,PE.QM_Chip4_Chan2,XGBoost,94,MgCl_90; Lysine_690; BSA_270; Caffeine_1230; Lysozyme_1230; Lysozyme_60; CaCl_900; Lysine_870; Pep28_210; Lysozyme_30; Lysine_600; Lysozyme_660; Lysozyme_720; CaCl_120; Lysozyme_1170; MgCl_300; Caffeine_1050; CaCl_210; MgCl_390; CaCl_1260; LL37_1350; Caffeine_1320; Lysine_1260; LL37_1200; Lysozyme_360; Caffeine_210; Lysozyme_750; Lysine_930; BSA_30; Lysozyme_1020; Lysozyme_1320; CaCl_840; CaCl_540; Lysozyme_90; CaCl_30; CaCl_750; BSA_330; CaCl_60; LL37_840; BSA_1230; BSA_90; LL37_210; Caffeine_690; BSA_1110; CaCl_150; Caffeine_570; Lysozyme_480; MgCl_690; LL37_60; LL37_1230; LL37_540; LL37_150; Caffeine_1110; Lysine_1080; Pep28_150; CaCl_180; Pep28_30; LL37_1320; Lysozyme_420; Caffeine_990; BSA_420; MgCl_870; Caffeine_60; CaCl_930; BSA_210; Lysozyme_1080; Lysozyme_1110; Lysozyme_120; CaCl_1200; Lysine_1290; Lysozyme_1200; Lysozyme_240; Lysine_960; Caffeine_660; Caffeine_150; CaCl_990; Caffeine_360; BSA_1080; Lysine_30; BSA_600; CaCl_90; LL37_300; LL37_450; CaCl_570; BSA_300; Lysozyme_900; Caffeine_1350; BSA_1290; Lysine_1350; CaCl_390; MgCl_1290; Caffeine_930; Caffeine_510; Lysine_240,colsample_bytree=0.8; learning_rate=0.2; max_depth=3; n_estimators=400; subsample=0.8,1.0,100.0,1.0,100.0
35,PE.QM_Chip4_Chan3,XGBoost,97,Lysine_870; Caffeine_210; MgCl_300; BSA_270; Pep28_210; Caffeine_1230; Lysozyme_60; Lysozyme_660; LL37_1350; CaCl_120; Lysine_690; MgCl_90; Lysozyme_1110; LL37_780; Lysozyme_720; MgCl_390; Lysozyme_30; CaCl_840; BSA_210; Lysozyme_1170; LL37_840; BSA_180; Lysozyme_1320; Lysozyme_750; CaCl_900; Caffeine_360; BSA_990; LL37_1200; Caffeine_1020; LL37_1320; Lysozyme_90; Lysozyme_1020; CaCl_1260; Lysine_960; Caffeine_1140; Lysozyme_300; Lysine_930; Pep28_330; BSA_960; BSA_30; CaCl_30; BSA_330; Caffeine_1050; Lysozyme_480; MgCl_870; LL37_540; CaCl_60; Caffeine_690; CaCl_90; Pep28_660; Lysine_840; CaCl_210; Lysozyme_1200; CaCl_150; Caffeine_510; Caffeine_660; Caffeine_60; Caffeine_990; Lysozyme_450; CaCl_540; Lysine_1230; LL37_60; CaCl_570; MgCl_30; LL37_1020; BSA_450; CaCl_990; BSA_1140; LL37_30; LL37_480; Caffeine_930; CaCl_930; Caffeine_570; Lysozyme_840; MgCl_1170; CaCl_780; CaCl_750; BSA_1230; BSA_810; CaCl_810; LL37_270; Caffeine_1110; Lysozyme_120; Lysozyme_960; Caffeine_1260; Lysine_660; Lysozyme_240; BSA_1080; Lysine_600; MgCl_1290; Lysine_780; Lysozyme_600; Caffeine_720; BSA_300; LL37_510; Lysine_1080; Pep28_840,colsample_bytree=0.8; learning_rate=0.2; max_depth=3; n_estimators=400; subsample=0.8,1.0,100.0,1.0,100.0
36,PE.QM_Chip4_Chan4,XGBoost,169,Pep28_210; Lysine_840; MgCl_390; Caffeine_210; CaCl_120; Lysine_690; Caffeine_1230; Lysozyme_60; Caffeine_480; Lysozyme_30; Lysozyme_750; Caffeine_1140; Lysine_870; Lysozyme_1170; BSA_270; CaCl_840; Caffeine_690; MgCl_90; LL37_540; Lysozyme_720; Lysine_960; Lysine_930; Pep28_300; CaCl_540; Pep28_90; CaCl_30; Caffeine_900; BSA_600; Lysine_750; Lysozyme_660; Pep28_30; Lysozyme_1020; Caffeine_660; Lysozyme_960; Caffeine_990; CaCl_810; LL37_1350; CaCl_750; Lysozyme_240; CaCl_900; BSA_1230; Caffeine_1170; Caffeine_60; Lysine_1050; MgCl_930; CaCl_390; BSA_30; Lysine_60; Lysine_1260; LL37_690; CaCl_930; BSA_150; Lysine_1170; LL37_60; LL37_870; Lysozyme_90; CaCl_210; CaCl_1290; Pep28_1080; Caffeine_330; LL37_780; Lysine_900; BSA_300; Lysine_270; Caffeine_570; Lysine_480; Caffeine_1200; CaCl_420; LL37_180; BSA_780; Caffeine_930; BSA_1020; Caffeine_810; CaCl_150; BSA_990; BSA_210; Lysozyme_1200; MgCl_1140; Caffeine_960; Lysine_360; BSA_240; Lysozyme_480; Lysozyme_120; Lysine_1080; MgCl_330; Lysozyme_840; LL37_240; CaCl_90; LL37_360; Pep28_750; LL37_930; Lysine_210; Caffeine_360; Caffeine_1350; Caffeine_630; LL37_30; BSA_810; Lysine_1020; Lysozyme_360; Pep28_1110; Pep28_630; BSA_90; LL37_300; LL37_1020; BSA_570; BSA_1140; BSA_420; MgCl_420; Caffeine_1320; Lysine_1110; CaCl_60; CaCl_1050; Caffeine_270; MgCl_270; Lysozyme_1320; Caffeine_1020; BSA_690; LL37_960; MgCl_300; Lysine_30; MgCl_1260; CaCl_270; Pep28_1260; Lysozyme_150; Lysine_240; MgCl_870; CaCl_1260; CaCl_990; Lysozyme_390; CaCl_570; CaCl_450; BSA_930; MgCl_30; Pep28_1320; LL37_150; LL37_900; Lysozyme_930; LL37_1140; Lysozyme_1110; Caffeine_1290; BSA_1290; MgCl_600; Lysine_1350; BSA_1200; LL37_390; Pep28_180; LL37_660; Lysine_1200; Lysine_420; BSA_1320; Lysozyme_690; MgCl_60; Lysine_630; Pep28_810; BSA_390; Lysozyme_270; LL37_840; BSA_60; Lysine_450; LL37_270; CaCl_1110; Lysine_780; Caffeine_1080; LL37_630; Lysozyme_1230; MgCl_720; LL37_90; BSA_1080; Caffeine_90,colsample_bytree=1.0; learning_rate=0.2; max_depth=3; n_estimators=400; subsample=1.0,1.0,100.0,1.0,100.0
37,PF.QH_Chip1_Chan1,XGBoost,147,Pep28_210; Lysine_840; Caffeine_480; BSA_630; Caffeine_1230; Lysozyme_720; Lysozyme_60; Pep28_330; Lysine_870; Lysine_1260; Lysine_690; MgCl_390; CaCl_1320; Lysozyme_30; CaCl_840; Caffeine_930; Lysozyme_1200; Caffeine_210; Lysine_1020; BSA_1110; Lysozyme_1020; Lysozyme_750; CaCl_90; Lysozyme_1170; Caffeine_1140; Caffeine_690; CaCl_780; LL37_840; Caffeine_60; LL37_1350; MgCl_90; BSA_30; LL37_780; Lysozyme_90; CaCl_120; CaCl_900; BSA_300; Lysozyme_330; CaCl_150; CaCl_210; CaCl_1200; Lysine_1080; LL37_690; Lysozyme_480; Lysozyme_1260; CaCl_930; Pep28_1020; LL37_540; BSA_210; Caffeine_660; BSA_330; LL37_150; CaCl_540; LL37_810; MgCl_1230; Lysozyme_1080; Lysine_780; LL37_450; CaCl_60; Lysine_150; Caffeine_990; Caffeine_570; MgCl_930; Lysine_750; BSA_1200; Lysozyme_180; Lysozyme_960; Lysozyme_1110; LL37_210; MgCl_1140; LL37_630; CaCl_1260; LL37_60; BSA_960; Pep28_1320; BSA_90; Lysine_1170; LL37_930; LL37_30; Caffeine_1320; CaCl_990; Lysine_600; Lysozyme_1320; CaCl_300; Lysozyme_600; LL37_180; Caffeine_1200; Lysozyme_780; Caffeine_1170; CaCl_750; CaCl_810; Caffeine_510; MgCl_870; Lysine_1320; Lysine_210; Caffeine_900; Lysine_540; BSA_1290; MgCl_270; CaCl_1140; Caffeine_1020; LL37_300; Caffeine_1290; Lysozyme_150; BSA_930; BSA_390; Caffeine_1350; CaCl_30; Lysine_930; Lysozyme_840; Lysine_1350; MgCl_420; LL37_900; Lysine_720; Pep28_30; Caffeine_270; BSA_1140; Pep28_480; LL37_870; Pep28_360; BSA_420; Pep28_1080; Lysine_240; Pep28_1350; LL37_1020; BSA_990; Caffeine_780; LL37_750; BSA_120; Lysine_1140; Lysozyme_120; CaCl_1290; Caffeine_1110; MgCl_300; LL37_1140; BSA_1020; Lysozyme_210; Lysozyme_420; CaCl_270; BSA_240; BSA_1050; Pep28_990; Pep28_1290; MgCl_900; CaCl_1110; Pep28_390; BSA_1170,colsample_bytree=0.8; learning_rate=0.1; max_depth=3; n_estimators=400; subsample=0.8,1.0,100.0,1.0,100.0
38,PF.QH_Chip1_Chan2,XGBoost,119,Lysine_840; Caffeine_480; MgCl_1110; Caffeine_210; Caffeine_1140; Caffeine_1230; Lysine_690; Lysozyme_30; Lysozyme_720; Pep28_330; Caffeine_870; Lysozyme_60; Pep28_30; LL37_30; LL37_840; Lysozyme_1170; BSA_30; CaCl_900; Caffeine_930; Caffeine_900; MgCl_390; LL37_1350; Lysine_870; Lysine_1170; Caffeine_570; CaCl_1320; BSA_1230; CaCl_60; MgCl_90; CaCl_840; Caffeine_690; BSA_1080; BSA_1110; Lysine_780; Lysozyme_750; BSA_180; Caffeine_990; CaCl_30; BSA_450; Caffeine_720; LL37_540; CaCl_780; Lysozyme_240; LL37_1050; Caffeine_780; Lysozyme_1200; CaCl_210; CaCl_150; LL37_900; BSA_600; Lysozyme_90; Caffeine_330; Lysozyme_1080; Lysozyme_1020; Lysozyme_480; LL37_150; Lysozyme_960; Caffeine_660; BSA_210; Caffeine_1200; Lysozyme_690; Pep28_480; BSA_120; Caffeine_1290; CaCl_90; LL37_780; CaCl_750; CaCl_540; Lysine_240; Pep28_360; Lysozyme_660; LL37_60; Caffeine_60; LL37_300; LL37_390; CaCl_930; Lysine_360; CaCl_270; LL37_630; MgCl_30; Lysine_1350; LL37_480; CaCl_990; Lysozyme_270; BSA_1290; Caffeine_1350; LL37_1320; BSA_420; LL37_180; BSA_390; MgCl_300; BSA_300; LL37_1020; Lysine_930; LL37_270; Pep28_930; BSA_270; CaCl_660; Caffeine_1020; CaCl_1260; MgCl_480; Lysine_30; CaCl_120; BSA_1140; BSA_90; MgCl_870; BSA_990; Lysozyme_390; Lysine_210; Caffeine_420; Caffeine_750; Lysine_1050; Caffeine_1110; Lysine_660; BSA_60; MgCl_270; Lysozyme_1320; Lysine_750; MgCl_330,colsample_bytree=0.8; learning_rate=0.2; max_depth=3; n_estimators=400; subsample=0.8,1.0,100.0,1.0,100.0
39,PF.QH_Chip1_Chan3,XGBoost,78,MgCl_390; Caffeine_210; Lysine_690; Caffeine_900; Caffeine_1230; Pep28_210; Caffeine_1050; BSA_1320; Lysozyme_60; Lysine_930; CaCl_120; LL37_1350; MgCl_90; BSA_720; Lysine_1260; Lysozyme_720; Caffeine_930; BSA_270; Lysozyme_1170; Lysozyme_660; Lysozyme_750; CaCl_1260; Lysozyme_30; CaCl_840; MgCl_360; CaCl_930; CaCl_210; LL37_540; Lysozyme_1320; LL37_150; Caffeine_1140; CaCl_540; Caffeine_240; BSA_30; CaCl_30; Lysozyme_1020; Caffeine_1350; CaCl_150; MgCl_870; Lysozyme_480; Lysine_1020; Lysozyme_90; BSA_420; CaCl_60; CaCl_780; LL37_1020; Caffeine_420; Caffeine_990; Caffeine_1170; Caffeine_1110; MgCl_300; Lysozyme_1110; MgCl_1200; Caffeine_1020; CaCl_750; Lysozyme_1350; CaCl_390; LL37_1110; Pep28_330; BSA_210; BSA_1140; Caffeine_660; Lysozyme_960; BSA_300; LL37_60; BSA_1290; MgCl_1290; Caffeine_60; BSA_90; Lysozyme_120; Lysine_750; Lysine_240; Lysine_1080; Lysine_870; CaCl_90; MgCl_30; BSA_930; CaCl_300,colsample_bytree=0.8; learning_rate=0.1; max_depth=3; n_estimators=400; subsample=0.8,1.0,100.0,1.0,100.0
40,PF.QH_Chip1_Chan4,XGBoost,83,Caffeine_1230; CaCl_780; LL37_1350; Lysozyme_60; Lysozyme_720; Lysine_690; Lysine_870; MgCl_390; Lysozyme_30; MgCl_90; Lysine_930; Pep28_210; LL37_870; Caffeine_300; Pep28_390; CaCl_120; LL37_30; Caffeine_930; Lysozyme_1170; Lysozyme_750; CaCl_840; LL37_270; BSA_30; Caffeine_420; Caffeine_1020; LL37_540; Lysozyme_1020; Caffeine_900; MgCl_300; CaCl_90; Lysozyme_330; Lysozyme_1320; CaCl_1260; Lysozyme_660; Caffeine_210; Caffeine_1170; Lysine_1260; Lysozyme_90; MgCl_1170; CaCl_750; Caffeine_1110; Lysine_60; Caffeine_240; LL37_210; BSA_210; CaCl_210; LL37_780; Lysozyme_480; Caffeine_60; CaCl_900; Lysine_600; CaCl_150; Caffeine_690; Caffeine_1140; CaCl_60; CaCl_570; Pep28_540; Caffeine_1200; LL37_60; Pep28_1020; Caffeine_1260; BSA_300; Caffeine_660; LL37_450; Caffeine_570; CaCl_540; CaCl_390; MgCl_870; Lysozyme_120; Caffeine_360; Caffeine_720; BSA_990; Caffeine_1350; CaCl_930; Caffeine_990; Lysozyme_180; MgCl_1290; Lysozyme_1200; LL37_1320; CaCl_30; BSA_1140; LL37_150; Caffeine_390,colsample_bytree=1.0; learning_rate=0.2; max_depth=3; n_estimators=400; subsample=0.8,1.0,100.0,1.0,100.0
41,PF.QH_Chip3_Chan1,XGBoost,92,Lysine_870; MgCl_390; Lysine_690; Caffeine_210; Lysozyme_60; MgCl_300; Lysozyme_1170; Caffeine_1230; Lysozyme_30; Lysine_930; CaCl_840; Lysine_1260; CaCl_120; MgCl_90; Lysozyme_720; LL37_1350; CaCl_1260; Pep28_210; Lysine_960; Lysozyme_750; Lysine_1170; CaCl_210; CaCl_30; CaCl_180; Caffeine_990; CaCl_780; Lysozyme_1320; Lysozyme_120; Lysozyme_1020; Lysozyme_480; LL37_180; Caffeine_660; LL37_540; BSA_210; BSA_30; Lysine_1230; Lysine_120; CaCl_540; CaCl_150; Lysozyme_1110; Pep28_330; LL37_510; BSA_930; Caffeine_690; Lysozyme_660; MgCl_870; BSA_90; Caffeine_1020; BSA_360; Lysozyme_960; LL37_480; Lysine_750; CaCl_810; Lysine_1080; Caffeine_1140; Pep28_990; CaCl_60; Pep28_750; BSA_1320; CaCl_1290; CaCl_930; Caffeine_330; Pep28_30; Lysine_240; CaCl_990; MgCl_1320; Caffeine_60; BSA_1140; Lysine_600; Lysine_1020; BSA_270; Lysozyme_1200; BSA_300; Lysozyme_330; LL37_1020; Caffeine_570; LL37_1320; Caffeine_270; BSA_1290; MgCl_1140; LL37_150; CaCl_90; Lysozyme_90; Lysozyme_900; BSA_1110; Caffeine_360; Lysozyme_1050; Lysozyme_840; CaCl_900; MgCl_1080; BSA_1080; Pep28_360,colsample_bytree=0.8; learning_rate=0.2; max_depth=3; n_estimators=400; subsample=0.8,1.0,100.0,1.0,100.0
42,PF.QH_Chip3_Chan2,XGBoost,105,Caffeine_210; Caffeine_1230; Caffeine_450; Lysozyme_60; Lysine_870; MgCl_90; Pep28_210; Lysine_930; Lysozyme_720; Lysine_690; MgCl_390; Lysozyme_30; CaCl_120; BSA_30; Caffeine_1020; MgCl_930; Lysozyme_1110; Lysozyme_1170; CaCl_180; CaCl_840; CaCl_150; Lysozyme_750; MgCl_360; LL37_1350; LL37_540; CaCl_210; CaCl_1260; Caffeine_120; Lysozyme_240; CaCl_900; MgCl_300; Lysozyme_1020; Lysine_30; Caffeine_570; Caffeine_1140; CaCl_540; Caffeine_690; Lysozyme_1320; Pep28_510; Caffeine_990; Caffeine_1110; Lysozyme_90; BSA_960; Caffeine_660; MgCl_690; CaCl_60; Lysozyme_1080; Caffeine_60; CaCl_420; Lysozyme_960; CaCl_90; BSA_210; CaCl_450; CaCl_930; BSA_300; Caffeine_720; Pep28_30; Lysozyme_330; CaCl_810; LL37_60; MgCl_870; Caffeine_1200; Lysozyme_1290; Lysozyme_480; Lysine_750; Caffeine_150; Lysine_1260; LL37_900; LL37_960; LL37_1020; CaCl_30; LL37_1320; Lysozyme_600; Lysozyme_1200; BSA_930; Lysozyme_120; Pep28_1350; CaCl_300; Caffeine_270; Caffeine_1170; LL37_180; Pep28_330; BSA_510; BSA_60; BSA_1290; BSA_1140; LL37_780; BSA_600; CaCl_570; Caffeine_900; Lysozyme_300; Pep28_750; BSA_240; LL37_660; Lysine_780; LL37_150; MgCl_1140; Lysine_1080; MgCl_1110; CaCl_660; Lysozyme_660; CaCl_360; CaCl_990; Lysine_240; Caffeine_780,colsample_bytree=1.0; learning_rate=0.2; max_depth=3; n_estimators=400; subsample=1.0,1.0,100.0,1.0,100.0
43,PF.QH_Chip3_Chan3,XGBoost,96,MgCl_390; Lysine_870; Caffeine_420; Lysozyme_60; Lysine_1170; Lysine_690; Caffeine_1230; BSA_960; Lysozyme_720; MgCl_90; CaCl_840; Lysine_930; Pep28_210; LL37_30; Lysozyme_30; Lysozyme_1170; LL37_480; Lysine_1260; Caffeine_210; CaCl_150; LL37_1320; LL37_1350; Lysozyme_660; MgCl_300; Lysozyme_750; Caffeine_1140; LL37_270; LL37_540; BSA_1350; BSA_30; LL37_900; Lysozyme_1320; Caffeine_750; CaCl_1260; CaCl_90; Lysozyme_1200; CaCl_780; CaCl_750; LL37_1020; CaCl_900; CaCl_540; CaCl_120; Caffeine_1350; CaCl_210; BSA_330; LL37_60; Caffeine_1170; BSA_210; LL37_690; CaCl_810; MgCl_360; Caffeine_1020; Caffeine_990; MgCl_420; CaCl_690; Lysozyme_630; Caffeine_930; Lysozyme_90; BSA_270; Caffeine_660; CaCl_930; CaCl_30; CaCl_60; Lysine_270; Lysine_1080; Lysine_240; Lysozyme_960; Pep28_30; Lysine_750; Lysozyme_240; Lysozyme_120; LL37_1170; Lysozyme_480; MgCl_870; Lysine_840; MgCl_1140; MgCl_1290; BSA_420; Pep28_1260; Pep28_660; Lysozyme_1020; CaCl_240; BSA_1230; BSA_300; CaCl_990; Caffeine_690; Caffeine_60; BSA_1140; MgCl_510; MgCl_270; LL37_1140; LL37_1080; LL37_870; BSA_390; LL37_180; CaCl_570,colsample_bytree=0.8; learning_rate=0.2; max_depth=3; n_estimators=400; subsample=0.8,1.0,100.0,1.0,100.0
44,PF.QH_Chip3_Chan4,XGBoost,96,MgCl_390; Caffeine_1230; Lysine_690; Lysine_870; MgCl_90; Lysozyme_60; CaCl_120; Lysozyme_990; Lysozyme_1170; Lysine_930; Caffeine_930; Lysine_60; LL37_840; CaCl_840; Pep28_120; Lysozyme_660; CaCl_540; Lysozyme_30; Lysozyme_750; Lysozyme_720; CaCl_210; Lysozyme_90; Caffeine_990; CaCl_900; Lysozyme_1110; BSA_30; CaCl_60; LL37_1020; Lysozyme_480; CaCl_1200; BSA_1110; Lysozyme_900; Caffeine_210; Caffeine_1140; Lysine_1230; CaCl_150; LL37_1320; CaCl_90; CaCl_300; MgCl_930; Pep28_210; Lysozyme_1320; BSA_1230; Lysozyme_1350; LL37_630; MgCl_870; CaCl_810; Lysozyme_1020; Lysine_600; Caffeine_330; Caffeine_660; Caffeine_690; Caffeine_900; Lysine_1110; Lysine_1170; CaCl_780; Caffeine_1020; Lysozyme_960; LL37_540; CaCl_420; Lysozyme_120; LL37_870; Lysine_90; CaCl_750; MgCl_300; MgCl_360; BSA_600; BSA_1140; Lysozyme_1200; Caffeine_1110; Lysozyme_840; MgCl_30; Pep28_330; CaCl_30; MgCl_420; LL37_1350; MgCl_60; BSA_450; BSA_270; Lysine_720; LL37_300; LL37_180; LL37_360; BSA_1290; Lysine_240; CaCl_990; BSA_420; BSA_300; LL37_450; Caffeine_1200; Caffeine_1320; Lysine_1050; BSA_210; Lysine_750; BSA_1260; MgCl_1290,colsample_bytree=1.0; learning_rate=0.2; max_depth=3; n_estimators=200; subsample=1.0,1.0,100.0,1.0,100.0
45,PF.QH_Chip4_Chan1,XGBoost,81,Caffeine_1230; Caffeine_210; Lysozyme_660; Lysozyme_1110; CaCl_120; Lysozyme_60; Caffeine_390; Lysine_870; Pep28_210; BSA_30; LL37_1350; Lysozyme_720; MgCl_390; Lysozyme_30; MgCl_90; Lysine_930; MgCl_300; Lysine_690; Caffeine_420; Caffeine_1020; CaCl_1080; Lysozyme_1170; Lysine_1260; CaCl_780; Lysozyme_750; Lysozyme_1020; Caffeine_1140; LL37_540; CaCl_1260; BSA_960; Lysozyme_90; LL37_60; Lysine_1170; LL37_1320; CaCl_1320; Lysozyme_1320; Lysozyme_960; CaCl_840; Lysine_60; CaCl_150; CaCl_540; Lysozyme_480; BSA_420; CaCl_930; Caffeine_1110; Caffeine_930; CaCl_210; MgCl_690; Pep28_540; CaCl_90; Lysozyme_1080; CaCl_750; Caffeine_690; Caffeine_60; Caffeine_720; LL37_180; BSA_210; Caffeine_990; Lysozyme_300; Caffeine_90; BSA_300; BSA_1350; MgCl_870; Caffeine_360; LL37_300; Caffeine_240; Lysozyme_180; Lysine_750; Caffeine_330; LL37_780; CaCl_990; Caffeine_660; BSA_990; Lysozyme_120; CaCl_900; CaCl_60; Pep28_1170; Caffeine_1200; CaCl_300; Caffeine_900; CaCl_570,colsample_bytree=0.8; learning_rate=0.1; max_depth=3; n_estimators=400; subsample=0.8,1.0,100.0,1.0,100.0
46,PF.QH_Chip4_Chan2,XGBoost,37,Lysine_870; Caffeine_1230; MgCl_1260; MgCl_1110; Lysine_690; Lysozyme_60; MgCl_90; CaCl_1320; Lysozyme_30; Pep28_210; Lysozyme_1170; BSA_30; CaCl_900; Lysozyme_720; Lysozyme_660; CaCl_120; LL37_1320; CaCl_840; CaCl_210; MgCl_390; CaCl_540; Pep28_30; Lysozyme_750; BSA_990; Lysozyme_1230; Lysozyme_540; Caffeine_660; Lysine_600; CaCl_150; Caffeine_690; Lysozyme_810; Lysine_720; CaCl_750; CaCl_780; Caffeine_510; BSA_270; LL37_900,colsample_bytree=1.0; learning_rate=0.1; max_depth=7; n_estimators=200; subsample=1.0,0.9444444444444444,94.44444444444444,0.4857142857142857,48.57142857142857
47,PF.QH_Chip4_Chan3,XGBoost,112,Caffeine_1050; Caffeine_210; Lysozyme_60; LL37_1350; CaCl_120; Lysine_690; Pep28_210; Caffeine_1230; MgCl_390; Lysozyme_1080; CaCl_840; BSA_180; Caffeine_930; Lysozyme_30; CaCl_810; Lysozyme_1170; Lysozyme_720; Lysine_1260; Caffeine_1170; Lysine_870; Caffeine_810; LL37_600; Caffeine_1140; Lysozyme_750; Lysozyme_450; CaCl_210; Caffeine_360; Caffeine_690; Lysine_30; LL37_1020; CaCl_540; CaCl_930; Caffeine_1350; BSA_30; Lysozyme_660; MgCl_90; CaCl_150; BSA_960; Caffeine_510; BSA_600; LL37_450; LL37_1200; LL37_150; BSA_1350; LL37_30; LL37_900; Caffeine_660; Pep28_540; Caffeine_420; Lysozyme_1200; Pep28_810; Lysozyme_480; CaCl_300; CaCl_30; LL37_1110; LL37_60; BSA_300; Caffeine_1020; LL37_1050; BSA_810; BSA_1290; Caffeine_1260; CaCl_60; Lysine_750; Lysozyme_330; Lysine_720; Lysine_600; LL37_810; LL37_540; CaCl_780; LL37_930; Lysozyme_840; Lysozyme_120; MgCl_210; Lysozyme_90; Caffeine_1110; LL37_120; CaCl_750; LL37_180; Pep28_30; LL37_300; Lysine_420; BSA_210; BSA_1320; Lysozyme_960; MgCl_360; BSA_390; CaCl_90; Pep28_1320; MgCl_270; Caffeine_990; BSA_660; Pep28_360; Lysozyme_600; BSA_990; CaCl_1230; Lysine_1080; MgCl_1170; MgCl_1140; MgCl_960; CaCl_1260; MgCl_300; MgCl_420; Caffeine_1200; BSA_1140; BSA_420; LL37_1140; Pep28_90; MgCl_690; LL37_390; CaCl_1050; CaCl_990,colsample_bytree=0.8; learning_rate=0.2; max_depth=3; n_estimators=400; subsample=0.8,0.9444444444444444,94.44444444444444,0.4857142857142857,48.57142857142857
48,PF.QH_Chip4_Chan4,XGBoost,88,Lysine_840; Caffeine_210; MgCl_90; Lysozyme_60; Caffeine_1230; MgCl_390; Lysine_1350; Caffeine_900; Caffeine_420; Lysine_870; Lysozyme_720; Lysine_690; Lysozyme_30; MgCl_300; Lysozyme_330; CaCl_780; Pep28_210; Caffeine_300; LL37_1350; CaCl_840; Lysozyme_1170; Lysozyme_750; Lysozyme_660; CaCl_210; BSA_30; LL37_30; Caffeine_1140; MgCl_1170; CaCl_1260; Lysine_600; Lysozyme_1320; CaCl_1200; CaCl_750; CaCl_120; CaCl_30; LL37_1020; LL37_1320; Caffeine_990; LL37_540; CaCl_60; Lysine_1260; Caffeine_930; Caffeine_1020; Lysozyme_480; Pep28_30; Lysozyme_1020; BSA_210; Caffeine_660; Lysozyme_1110; CaCl_540; BSA_390; CaCl_150; LL37_60; Caffeine_1110; Lysozyme_630; Lysozyme_510; MgCl_480; LL37_900; BSA_420; Pep28_360; CaCl_930; Caffeine_1350; MgCl_870; CaCl_810; Caffeine_720; BSA_1020; Lysozyme_90; Lysine_240; Lysozyme_960; CaCl_900; Caffeine_690; BSA_330; Caffeine_1260; Caffeine_1200; LL37_90; BSA_930; CaCl_90; BSA_240; MgCl_510; Lysozyme_1200; MgCl_420; BSA_300; MgCl_210; Pep28_660; Pep28_1320; LL37_510; Lysozyme_120; LL37_150,colsample_bytree=1.0; learning_rate=0.2; max_depth=5; n_estimators=400; subsample=0.8,0.7222222222222222,72.22222222222221,0.4193548387096774,41.93548387096774
49,PF.QL_Chip1_Chan1,XGBoost,51,Lysine_840; Pep28_210; Caffeine_480; Caffeine_210; Lysine_930; Pep28_330; Caffeine_1050; Caffeine_1230; CaCl_840; Lysozyme_60; Caffeine_1140; Lysine_690; Lysozyme_720; Lysozyme_30; LL37_1350; Caffeine_690; CaCl_1320; Lysozyme_1170; CaCl_900; Caffeine_900; MgCl_390; Caffeine_1200; LL37_30; Lysozyme_750; MgCl_90; Lysozyme_660; CaCl_120; BSA_30; Pep28_30; Lysozyme_1200; Lysozyme_480; Caffeine_660; BSA_960; CaCl_540; CaCl_210; CaCl_360; Caffeine_1350; Lysine_600; BSA_600; CaCl_30; Lysozyme_1110; LL37_540; Lysine_900; Lysozyme_960; Caffeine_570; Caffeine_1170; BSA_210; BSA_990; LL37_1020; Lysozyme_90; MgCl_300,colsample_bytree=1.0; learning_rate=0.2; max_depth=5; n_estimators=200; subsample=0.8,1.0,100.0,1.0,100.0
50,PF.QL_Chip1_Chan2,XGBoost,90,Lysine_1260; Pep28_210; Caffeine_210; LL37_1350; Lysozyme_60; Caffeine_1230; Lysine_870; BSA_960; MgCl_90; MgCl_390; BSA_30; Lysozyme_720; Lysine_690; Lysozyme_30; CaCl_900; Pep28_540; Lysozyme_750; CaCl_210; Lysozyme_1170; CaCl_540; CaCl_840; Caffeine_750; CaCl_780; CaCl_750; Caffeine_1020; CaCl_90; CaCl_120; Lysozyme_1020; Lysozyme_180; MgCl_300; Lysine_930; BSA_300; Lysozyme_1320; Caffeine_1350; Caffeine_300; CaCl_30; CaCl_390; MgCl_870; Lysozyme_1110; CaCl_60; Lysine_150; Lysozyme_90; Lysozyme_480; CaCl_1260; Caffeine_690; Caffeine_660; LL37_1320; LL37_540; Lysozyme_660; Lysozyme_510; CaCl_930; Lysozyme_330; Lysine_600; CaCl_1200; CaCl_150; CaCl_1080; CaCl_810; Lysozyme_960; Caffeine_990; CaCl_990; LL37_300; LL37_30; Caffeine_1200; LL37_150; Caffeine_60; Caffeine_930; Pep28_120; Caffeine_240; Lysozyme_120; BSA_210; Caffeine_1140; MgCl_120; Lysozyme_240; BSA_1080; BSA_420; LL37_690; Lysine_1080; Lysozyme_1200; LL37_210; Caffeine_270; CaCl_660; Lysine_240; Lysine_210; LL37_900; MgCl_1140; CaCl_570; MgCl_510; LL37_360; Caffeine_1110; LL37_1020,colsample_bytree=1.0; learning_rate=0.2; max_depth=3; n_estimators=400; subsample=1.0,1.0,100.0,1.0,100.0
51,PF.QL_Chip1_Chan3,XGBoost,84,Pep28_210; CaCl_900; Lysozyme_60; Lysine_1260; Caffeine_1230; Lysozyme_660; MgCl_90; Lysozyme_30; Lysozyme_1020; CaCl_1320; Lysine_690; CaCl_840; Lysozyme_720; Lysozyme_1170; LL37_1350; BSA_30; MgCl_300; BSA_270; MgCl_420; CaCl_1260; Lysozyme_750; LL37_1020; Lysozyme_1320; Pep28_60; BSA_150; BSA_930; Caffeine_480; MgCl_60; Lysozyme_480; BSA_990; CaCl_120; Caffeine_60; CaCl_750; Caffeine_1350; CaCl_930; Caffeine_990; Caffeine_930; LL37_540; Caffeine_660; MgCl_870; Lysozyme_90; Lysozyme_330; LL37_60; Pep28_1260; Lysine_900; CaCl_30; BSA_210; Lysine_600; Caffeine_720; MgCl_30; Caffeine_570; Lysozyme_960; CaCl_540; CaCl_210; LL37_30; Lysine_240; Caffeine_1140; BSA_300; Lysozyme_450; LL37_1320; CaCl_60; BSA_1230; Pep28_540; LL37_240; LL37_1110; BSA_180; BSA_450; Pep28_480; Caffeine_1020; Lysine_870; LL37_450; Caffeine_1170; CaCl_1110; Lysozyme_810; Caffeine_630; LL37_960; BSA_810; LL37_180; MgCl_180; LL37_930; CaCl_990; Caffeine_120; Caffeine_690; Caffeine_330,colsample_bytree=1.0; learning_rate=0.2; max_depth=3; n_estimators=400; subsample=1.0,1.0,100.0,1.0,100.0
52,PF.QL_Chip1_Chan4,XGBoost,57,Caffeine_450; Lysine_1260; Caffeine_720; Pep28_210; Lysine_360; Caffeine_1230; Caffeine_930; Lysozyme_60; CaCl_810; CaCl_1260; Lysozyme_720; Lysine_60; MgCl_90; Lysozyme_30; Lysine_120; CaCl_120; Lysozyme_1170; Lysine_690; Lysozyme_660; LL37_1350; BSA_210; Pep28_990; Caffeine_1140; Caffeine_60; CaCl_150; Caffeine_900; BSA_960; MgCl_300; CaCl_780; CaCl_540; CaCl_210; MgCl_360; CaCl_840; Lysozyme_1320; Lysozyme_750; LL37_480; CaCl_390; BSA_150; LL37_540; BSA_270; Caffeine_420; Lysozyme_1200; Lysine_30; Lysozyme_960; CaCl_30; Lysozyme_1110; Caffeine_1020; CaCl_900; Lysozyme_90; Lysine_600; Lysozyme_540; Lysozyme_480; Lysozyme_120; Caffeine_690; BSA_1230; Lysine_90; Caffeine_660,colsample_bytree=0.8; learning_rate=0.1; max_depth=3; n_estimators=400; subsample=0.8,0.8888888888888888,88.88888888888889,0.4705882352941176,47.05882352941176
53,PF.QL_Chip3_Chan1,XGBoost,63,Pep28_540; Pep28_210; Caffeine_1230; Lysozyme_660; MgCl_390; Lysozyme_60; Lysine_870; CaCl_1260; MgCl_300; Lysozyme_30; Lysine_690; CaCl_780; LL37_30; Lysozyme_750; Lysozyme_330; Lysozyme_720; Caffeine_210; CaCl_540; MgCl_90; Caffeine_930; Lysozyme_1170; CaCl_840; LL37_1350; BSA_30; Lysozyme_240; BSA_180; MgCl_1200; Lysozyme_90; LL37_1260; CaCl_90; MgCl_930; Pep28_510; Caffeine_1140; CaCl_210; Lysozyme_1320; Lysozyme_480; Lysine_1260; Caffeine_1020; LL37_150; BSA_210; CaCl_660; Pep28_60; CaCl_120; Caffeine_990; CaCl_570; BSA_600; CaCl_810; BSA_1230; LL37_270; BSA_960; Lysozyme_960; LL37_540; Lysine_780; Caffeine_690; CaCl_150; LL37_510; LL37_1020; BSA_300; MgCl_360; Caffeine_660; Lysozyme_180; Caffeine_570; Caffeine_240,colsample_bytree=1.0; learning_rate=0.2; max_depth=3; n_estimators=400; subsample=0.8,1.0,100.0,1.0,100.0
54,PF.QL_Chip3_Chan2,XGBoost,93,MgCl_390; Caffeine_210; Caffeine_1230; Caffeine_420; Lysozyme_60; LL37_1350; Caffeine_900; CaCl_780; Lysine_690; CaCl_840; Lysozyme_660; MgCl_90; Pep28_210; MgCl_300; Lysozyme_1200; Lysozyme_720; BSA_330; Lysine_870; Lysozyme_750; Lysozyme_1170; Lysozyme_30; BSA_30; CaCl_1260; CaCl_90; BSA_1020; Lysozyme_300; CaCl_390; Lysine_1260; Lysozyme_90; CaCl_540; LL37_1320; Lysozyme_1320; Lysozyme_1020; CaCl_750; LL37_1020; CaCl_150; Lysine_1080; Pep28_330; CaCl_660; CaCl_210; Caffeine_240; Lysozyme_1080; Caffeine_1020; Caffeine_1350; Lysozyme_960; CaCl_930; MgCl_870; MgCl_1140; Caffeine_660; LL37_540; Caffeine_60; BSA_210; Caffeine_720; CaCl_60; Caffeine_690; Lysozyme_240; Lysine_930; CaCl_120; Caffeine_600; Pep28_600; Lysozyme_630; CaCl_30; BSA_390; Caffeine_1140; Lysozyme_480; LL37_300; Caffeine_990; BSA_960; BSA_420; Pep28_30; Pep28_1320; Pep28_660; Caffeine_270; CaCl_990; BSA_1230; CaCl_570; LL37_60; Lysine_210; Caffeine_330; BSA_300; CaCl_900; Caffeine_1200; Lysozyme_120; Caffeine_1320; LL37_450; MgCl_120; LL37_840; LL37_360; Lysine_1290; Caffeine_360; LL37_480; CaCl_630; BSA_900,colsample_bytree=0.8; learning_rate=0.2; max_depth=5; n_estimators=400; subsample=0.8,1.0,100.0,1.0,100.0
55,PF.QL_Chip3_Chan3,XGBoost,119,Lysine_870; Caffeine_210; Lysozyme_60; Caffeine_1230; BSA_960; Pep28_210; Lysozyme_30; BSA_1110; MgCl_390; Lysine_930; MgCl_90; CaCl_840; MgCl_300; LL37_1350; CaCl_1260; BSA_600; Caffeine_930; Lysozyme_1320; Lysozyme_720; LL37_540; BSA_1020; BSA_330; Lysine_690; Lysozyme_1170; LL37_60; CaCl_30; LL37_1320; LL37_450; Caffeine_1140; CaCl_870; Lysozyme_240; Lysozyme_750; LL37_30; Lysozyme_660; Caffeine_420; CaCl_540; LL37_1020; CaCl_150; MgCl_870; Pep28_330; Lysine_600; CaCl_120; CaCl_90; CaCl_780; Lysine_60; Caffeine_240; BSA_210; Lysozyme_1020; BSA_30; LL37_780; Caffeine_1080; Caffeine_660; Caffeine_1020; Lysozyme_90; Caffeine_1350; Caffeine_690; Lysozyme_480; Lysozyme_1200; Lysozyme_1080; Caffeine_360; CaCl_60; Caffeine_990; Lysozyme_960; BSA_630; Lysine_1260; BSA_1230; BSA_1290; Lysozyme_300; Lysozyme_450; CaCl_360; Caffeine_1110; Caffeine_60; CaCl_210; Lysozyme_810; CaCl_750; Caffeine_720; LL37_900; Pep28_1320; Caffeine_1170; Lysine_1350; Lysine_240; Lysine_750; MgCl_960; BSA_300; Lysine_1080; LL37_840; CaCl_930; Lysine_960; Caffeine_1200; CaCl_1200; Caffeine_510; Lysozyme_330; CaCl_990; MgCl_990; BSA_1140; LL37_1200; BSA_420; Pep28_30; CaCl_1320; Caffeine_90; MgCl_270; LL37_1140; CaCl_1050; Lysozyme_630; Caffeine_1320; Pep28_300; CaCl_1290; Pep28_690; CaCl_510; LL37_390; Pep28_750; LL37_300; BSA_1260; Caffeine_480; LL37_1110; CaCl_570; BSA_930; LL37_1050; BSA_390,colsample_bytree=0.8; learning_rate=0.2; max_depth=3; n_estimators=400; subsample=1.0,1.0,100.0,1.0,100.0
56,PF.QL_Chip3_Chan4,XGBoost,114,LL37_1350; Pep28_210; Caffeine_420; Lysozyme_60; MgCl_390; Caffeine_1230; Lysine_870; Lysine_690; MgCl_90; Lysozyme_660; Lysine_900; Caffeine_210; Lysine_1260; CaCl_780; CaCl_90; Lysozyme_1170; Caffeine_1140; Lysozyme_720; Lysozyme_30; CaCl_840; BSA_30; Lysozyme_750; Lysozyme_1110; LL37_540; Caffeine_750; CaCl_210; Lysine_600; Caffeine_690; LL37_780; Lysozyme_1320; CaCl_750; MgCl_300; Lysozyme_1200; Lysozyme_90; Lysozyme_1020; LL37_60; Lysozyme_480; Lysine_1350; Caffeine_1200; CaCl_120; BSA_1230; CaCl_150; Lysozyme_420; Lysine_930; BSA_210; Caffeine_1020; Lysine_1170; CaCl_1260; Caffeine_1350; LL37_1320; BSA_960; Pep28_30; CaCl_30; CaCl_930; CaCl_540; BSA_330; Lysine_840; Lysine_750; Lysozyme_960; Caffeine_990; MgCl_870; LL37_660; LL37_810; CaCl_1320; BSA_180; CaCl_1080; LL37_180; Caffeine_60; Caffeine_720; Lysine_240; LL37_1020; CaCl_900; Caffeine_660; Lysine_1290; Lysozyme_180; CaCl_60; CaCl_660; Lysine_1080; LL37_900; Pep28_1320; LL37_600; Caffeine_630; Lysine_1050; BSA_780; MgCl_420; MgCl_1140; BSA_300; Lysozyme_120; Lysozyme_240; MgCl_630; MgCl_510; Lysine_210; BSA_240; Lysozyme_630; LL37_150; Caffeine_120; Caffeine_1320; LL37_270; Lysine_1140; Caffeine_330; Lysine_120; BSA_420; CaCl_360; Caffeine_1080; BSA_1290; CaCl_300; Caffeine_480; CaCl_990; MgCl_270; Caffeine_510; BSA_390; CaCl_810; MgCl_120; LL37_300,colsample_bytree=0.8; learning_rate=0.2; max_depth=7; n_estimators=400; subsample=0.8,1.0,100.0,1.0,100.0
57,PF.QL_Chip4_Chan1,XGBoost,106,Caffeine_900; LL37_1350; Lysozyme_60; Lysine_690; Lysine_1260; Lysine_870; Pep28_210; MgCl_90; Caffeine_1230; Lysozyme_720; Lysozyme_1170; MgCl_390; BSA_1320; Lysine_930; Lysozyme_30; Caffeine_210; CaCl_120; Lysozyme_750; CaCl_210; CaCl_840; MgCl_360; CaCl_150; Lysozyme_330; CaCl_690; Lysozyme_1320; CaCl_780; Lysine_60; Caffeine_1140; LL37_1020; CaCl_30; LL37_150; BSA_60; Caffeine_270; Lysozyme_660; Lysozyme_1020; Caffeine_720; Caffeine_1350; LL37_540; Lysozyme_90; CaCl_540; LL37_1320; Lysine_1050; MgCl_300; BSA_300; BSA_30; Caffeine_1110; Caffeine_1020; Caffeine_1080; Lysozyme_480; CaCl_900; Caffeine_420; CaCl_1080; CaCl_1260; Lysozyme_600; Caffeine_330; LL37_510; BSA_600; BSA_390; Caffeine_660; CaCl_60; CaCl_570; Lysozyme_960; Caffeine_1200; LL37_60; Lysine_840; CaCl_750; BSA_1200; Caffeine_990; Caffeine_570; LL37_1170; Caffeine_360; Lysine_960; BSA_210; BSA_1140; Lysozyme_1200; LL37_180; LL37_480; CaCl_1290; LL37_780; LL37_930; MgCl_870; Lysozyme_870; BSA_1230; BSA_930; Caffeine_690; CaCl_810; Lysine_1170; BSA_1290; Caffeine_60; CaCl_390; Lysine_240; BSA_420; CaCl_360; Lysozyme_120; Pep28_360; Lysozyme_420; LL37_570; Lysozyme_630; BSA_990; Lysine_210; Lysozyme_900; Lysine_750; CaCl_990; Lysozyme_510; MgCl_270; CaCl_90,colsample_bytree=0.8; learning_rate=0.2; max_depth=3; n_estimators=400; subsample=1.0,1.0,100.0,1.0,100.0
58,PF.QL_Chip4_Chan2,XGBoost,64,Caffeine_210; Lysozyme_60; Lysine_870; Lysozyme_30; Caffeine_1230; Caffeine_420; Lysine_690; MgCl_390; Lysine_930; CaCl_840; Lysozyme_600; Lysozyme_720; LL37_1350; Lysine_1260; MgCl_90; Pep28_210; Lysozyme_1170; CaCl_1260; Lysozyme_660; MgCl_300; Caffeine_1140; LL37_1020; BSA_210; Lysozyme_750; Caffeine_1020; Lysozyme_1320; CaCl_900; CaCl_780; BSA_960; Lysozyme_1020; LL37_540; Caffeine_930; Pep28_330; CaCl_540; CaCl_30; BSA_930; CaCl_570; CaCl_210; Lysine_60; BSA_330; CaCl_120; Lysozyme_90; Caffeine_990; BSA_270; CaCl_930; Caffeine_60; MgCl_870; LL37_780; Lysozyme_300; CaCl_750; Lysine_840; LL37_450; Lysozyme_480; LL37_300; LL37_1110; CaCl_150; Lysozyme_960; Caffeine_720; BSA_300; MgCl_1110; Pep28_150; Lysine_600; Caffeine_660; CaCl_90,colsample_bytree=1.0; learning_rate=0.1; max_depth=5; n_estimators=200; subsample=0.8,1.0,100.0,1.0,100.0
59,PF.QL_Chip4_Chan3,XGBoost,61,Lysine_870; Caffeine_210; Lysozyme_60; BSA_1320; Caffeine_1230; Pep28_210; Lysine_690; CaCl_780; Lysozyme_30; MgCl_390; MgCl_360; Lysozyme_720; Lysine_930; Caffeine_720; MgCl_90; LL37_1350; CaCl_840; Lysozyme_750; Lysozyme_1170; BSA_30; Lysozyme_1320; LL37_1020; MgCl_300; Caffeine_330; MgCl_870; CaCl_150; CaCl_120; Lysine_1260; CaCl_210; CaCl_540; LL37_1320; Caffeine_1020; Caffeine_1350; CaCl_90; Lysozyme_660; LL37_150; Lysozyme_1350; CaCl_240; Caffeine_900; Caffeine_1140; Lysozyme_480; Pep28_330; Lysozyme_90; CaCl_750; LL37_540; Lysozyme_1020; Caffeine_1110; CaCl_1260; Caffeine_420; Lysozyme_810; Caffeine_660; Lysozyme_1080; CaCl_30; Lysine_720; Caffeine_930; LL37_180; BSA_210; Lysozyme_960; BSA_300; BSA_240; BSA_930,colsample_bytree=0.8; learning_rate=0.1; max_depth=3; n_estimators=400; subsample=0.8,1.0,100.0,1.0,100.0
60,PF.QL_Chip4_Chan4,XGBoost,65,Pep28_210; Caffeine_1140; Caffeine_1230; BSA_270; Lysozyme_60; MgCl_90; Lysine_690; LL37_660; BSA_30; MgCl_300; CaCl_1260; Lysine_930; Lysozyme_1170; CaCl_900; CaCl_840; Caffeine_210; Lysine_870; Lysozyme_1020; CaCl_120; Lysozyme_30; Lysozyme_1110; Lysozyme_720; Lysozyme_750; CaCl_1320; CaCl_150; BSA_990; MgCl_390; Caffeine_450; Lysozyme_660; Lysozyme_1320; LL37_1350; LL37_1320; Caffeine_990; CaCl_1290; CaCl_90; CaCl_210; LL37_540; BSA_210; Caffeine_660; Caffeine_690; CaCl_540; CaCl_60; Lysine_750; Lysozyme_450; Lysozyme_90; Caffeine_330; Lysozyme_480; Lysozyme_420; Caffeine_930; BSA_90; BSA_330; Lysozyme_960; LL37_1260; Caffeine_60; LL37_600; CaCl_930; Lysozyme_810; Caffeine_1110; Caffeine_570; Lysozyme_1200; CaCl_1020; MgCl_870; Caffeine_900; BSA_300; CaCl_750,colsample_bytree=0.8; learning_rate=0.2; max_depth=5; n_estimators=400; subsample=0.8,1.0,100.0,1.0,100.0
61,PF.QM_Chip1_Chan1,XGBoost,44,MgCl_390; BSA_270; Caffeine_210; Lysozyme_1110; Caffeine_1230; Lysozyme_60; Lysine_1260; Lysine_690; Pep28_210; LL37_870; LL37_1350; MgCl_90; Lysine_930; Lysozyme_30; Lysozyme_720; Pep28_30; Lysine_870; Lysine_270; CaCl_120; Lysozyme_1170; Lysozyme_990; Lysozyme_480; Lysozyme_660; CaCl_780; Lysozyme_750; CaCl_750; Lysozyme_1320; CaCl_210; CaCl_90; Caffeine_1020; BSA_30; MgCl_300; BSA_90; LL37_660; CaCl_540; CaCl_840; Caffeine_1140; LL37_540; BSA_1110; Caffeine_990; Caffeine_690; Lysine_210; Lysozyme_930; BSA_300,colsample_bytree=1.0; learning_rate=0.1; max_depth=7; n_estimators=400; subsample=0.8,1.0,100.0,1.0,100.0
62,PF.QM_Chip1_Chan2,XGBoost,61,CaCl_780; MgCl_390; Lysine_690; Caffeine_210; Lysozyme_60; Caffeine_900; Caffeine_1230; BSA_1320; Pep28_210; MgCl_90; Lysozyme_720; LL37_450; BSA_30; Caffeine_420; Lysine_1260; Lysine_870; CaCl_840; CaCl_120; Lysozyme_330; LL37_240; Lysozyme_750; Lysozyme_30; BSA_960; CaCl_210; Pep28_480; MgCl_300; LL37_1320; Lysozyme_1170; CaCl_150; Caffeine_1140; Caffeine_180; Lysozyme_660; CaCl_930; Lysozyme_1320; CaCl_90; Caffeine_1350; BSA_600; MgCl_360; Caffeine_1020; Lysine_930; CaCl_900; LL37_1020; Caffeine_330; LL37_1350; Lysine_750; CaCl_540; Pep28_330; Lysozyme_960; CaCl_750; Caffeine_720; Lysozyme_480; Caffeine_570; Lysozyme_1020; Lysozyme_1110; Caffeine_660; Lysozyme_120; LL37_150; CaCl_1170; Lysozyme_90; CaCl_1260; BSA_210,colsample_bytree=0.8; learning_rate=0.1; max_depth=5; n_estimators=400; subsample=1.0,1.0,100.0,1.0,100.0
63,PF.QM_Chip1_Chan3,XGBoost,59,Pep28_210; Caffeine_210; BSA_1320; Caffeine_1230; MgCl_300; Lysine_870; Lysozyme_60; MgCl_210; Caffeine_900; Lysozyme_30; MgCl_90; Lysine_690; Lysozyme_720; LL37_1350; MgCl_480; Lysozyme_750; MgCl_390; CaCl_210; CaCl_780; CaCl_120; BSA_30; Lysozyme_1170; LL37_540; BSA_270; Caffeine_1140; Lysine_60; Lysozyme_1020; CaCl_60; CaCl_1260; Lysozyme_420; CaCl_90; Lysozyme_1320; CaCl_540; Lysozyme_90; Lysine_930; MgCl_870; Lysine_270; BSA_210; Caffeine_990; Lysine_240; CaCl_390; Lysozyme_960; Lysozyme_390; CaCl_1290; Lysine_780; Lysine_750; CaCl_840; LL37_60; Lysozyme_330; Caffeine_720; Caffeine_930; BSA_960; Caffeine_1350; CaCl_150; MgCl_360; Lysine_90; Caffeine_660; Caffeine_1020; LL37_1020,colsample_bytree=1.0; learning_rate=0.2; max_depth=3; n_estimators=400; subsample=0.8,0.9444444444444444,94.44444444444444,0.4857142857142857,48.57142857142857
64,PF.QM_Chip1_Chan4,XGBoost,80,Pep28_210; BSA_630; Caffeine_1230; Lysozyme_60; Lysine_690; MgCl_90; Lysine_870; CaCl_780; MgCl_1290; Lysozyme_720; Lysozyme_1170; MgCl_390; Lysozyme_1110; LL37_1350; MgCl_300; Lysozyme_750; LL37_1200; Lysozyme_30; CaCl_1260; Lysine_1170; LL37_450; CaCl_900; BSA_600; CaCl_750; CaCl_120; Lysine_600; CaCl_150; Caffeine_240; CaCl_840; Lysozyme_1200; BSA_210; Lysozyme_990; MgCl_510; Lysine_60; Lysozyme_510; LL37_540; Lysozyme_960; Lysozyme_1320; MgCl_1110; Caffeine_60; Caffeine_1140; Lysine_1200; Caffeine_870; Lysine_750; Caffeine_1020; Caffeine_1350; LL37_480; Pep28_30; Lysozyme_90; Caffeine_990; LL37_1260; CaCl_540; Caffeine_1110; CaCl_60; Lysozyme_480; Caffeine_660; LL37_60; Caffeine_690; CaCl_30; Lysine_900; BSA_30; CaCl_210; BSA_420; CaCl_930; Caffeine_810; CaCl_810; Lysine_720; Lysine_90; BSA_450; Caffeine_330; Pep28_1320; BSA_330; MgCl_420; BSA_300; MgCl_360; LL37_900; Lysine_1260; CaCl_990; BSA_930; Lysine_1230,colsample_bytree=0.8; learning_rate=0.2; max_depth=3; n_estimators=400; subsample=0.8,0.9444444444444444,94.44444444444444,0.4857142857142857,48.57142857142857
65,PF.QM_Chip3_Chan1,XGBoost,72,Caffeine_210; Lysine_870; Caffeine_900; BSA_1320; Lysozyme_60; CaCl_840; MgCl_90; Lysine_690; Lysine_1260; Caffeine_1230; CaCl_1320; CaCl_900; Lysine_930; MgCl_390; CaCl_120; LL37_1350; BSA_270; Lysozyme_1170; Lysozyme_750; Lysozyme_30; CaCl_660; Lysozyme_90; Lysozyme_720; Lysozyme_1320; MgCl_360; LL37_1320; Caffeine_1140; Lysozyme_330; Pep28_210; CaCl_540; Pep28_750; BSA_960; CaCl_30; BSA_30; Caffeine_1350; LL37_1020; LL37_240; LL37_1200; BSA_1020; BSA_210; Lysine_30; CaCl_150; CaCl_210; Lysozyme_1110; Caffeine_270; CaCl_930; BSA_180; MgCl_300; Lysozyme_840; Lysozyme_960; Lysozyme_1020; Lysozyme_660; Lysozyme_480; MgCl_60; Caffeine_330; Caffeine_1110; MgCl_870; BSA_300; Caffeine_990; LL37_150; Lysine_750; LL37_660; BSA_150; Caffeine_660; Lysozyme_120; LL37_540; Lysine_1170; BSA_1230; Pep28_1350; LL37_180; CaCl_1260; MgCl_1110,colsample_bytree=1.0; learning_rate=0.2; max_depth=3; n_estimators=200; subsample=1.0,1.0,100.0,1.0,100.0
66,PF.QM_Chip3_Chan2,XGBoost,111,Pep28_210; LL37_1350; Caffeine_210; Caffeine_1230; Lysozyme_60; Lysine_1260; MgCl_300; Lysine_930; CaCl_900; Lysine_690; MgCl_90; CaCl_1260; MgCl_390; Lysozyme_30; CaCl_840; Lysozyme_1170; Lysozyme_1110; CaCl_540; CaCl_60; Pep28_60; LL37_540; Lysozyme_750; Lysozyme_720; Lysine_870; CaCl_120; Lysozyme_600; Lysozyme_660; Caffeine_570; CaCl_30; LL37_1110; BSA_30; LL37_450; Caffeine_60; Caffeine_690; Lysine_960; LL37_120; CaCl_210; LL37_660; CaCl_150; Lysozyme_1320; Lysozyme_480; Caffeine_240; BSA_990; BSA_210; Lysozyme_960; Pep28_390; Caffeine_660; Caffeine_90; Caffeine_720; Caffeine_990; CaCl_810; Lysozyme_240; CaCl_750; BSA_1320; Lysine_1080; BSA_270; Caffeine_360; BSA_450; MgCl_870; Lysozyme_90; BSA_600; LL37_1320; Lysozyme_120; Lysozyme_450; Pep28_780; LL37_210; Pep28_990; BSA_150; MgCl_930; Caffeine_1080; Caffeine_1140; Caffeine_1020; Lysozyme_1020; BSA_300; BSA_420; Lysine_750; BSA_1230; Caffeine_930; BSA_120; LL37_840; Lysine_600; BSA_1080; Caffeine_1320; BSA_1290; LL37_270; Lysine_660; MgCl_1170; Pep28_1320; Pep28_480; BSA_780; Caffeine_1350; Caffeine_1110; Lysozyme_1200; LL37_60; Caffeine_1200; BSA_1020; CaCl_1290; Lysine_240; CaCl_270; Caffeine_1260; BSA_240; LL37_1020; CaCl_990; LL37_870; LL37_900; LL37_150; BSA_480; BSA_570; Pep28_750; Pep28_360; LL37_300,colsample_bytree=0.8; learning_rate=0.2; max_depth=3; n_estimators=400; subsample=0.8,1.0,100.0,1.0,100.0
67,PF.QM_Chip3_Chan3,XGBoost,63,Pep28_210; Lysine_1260; Lysozyme_60; CaCl_1260; BSA_330; Caffeine_1230; Lysine_690; Lysine_870; MgCl_390; Lysine_930; Lysozyme_660; CaCl_840; MgCl_90; MgCl_300; Lysozyme_30; Caffeine_210; Lysozyme_1170; Lysozyme_720; Lysozyme_750; Caffeine_1140; Lysozyme_450; LL37_1350; Lysozyme_90; MgCl_1110; MgCl_870; Lysozyme_1320; CaCl_120; Caffeine_1350; Lysozyme_1020; Caffeine_990; BSA_990; CaCl_750; CaCl_900; Lysine_600; CaCl_540; MgCl_60; CaCl_30; CaCl_210; Lysozyme_960; BSA_210; CaCl_150; Lysine_720; BSA_390; LL37_1020; Caffeine_60; LL37_540; CaCl_810; Caffeine_1020; BSA_600; LL37_630; Caffeine_1200; Caffeine_660; Lysozyme_480; Lysozyme_1230; BSA_150; LL37_150; Lysozyme_630; Caffeine_420; BSA_450; LL37_60; Caffeine_570; BSA_30; BSA_300,colsample_bytree=0.8; learning_rate=0.2; max_depth=3; n_estimators=400; subsample=1.0,1.0,100.0,1.0,100.0
68,PF.QM_Chip3_Chan4,XGBoost,100,Pep28_210; BSA_990; Caffeine_210; Lysozyme_60; Lysine_870; Caffeine_1230; CaCl_900; MgCl_90; Lysine_690; Lysozyme_660; Lysine_930; Lysozyme_1170; CaCl_840; BSA_30; Lysozyme_30; MgCl_390; CaCl_240; Caffeine_930; Lysozyme_750; CaCl_540; Lysozyme_1320; BSA_90; Lysozyme_720; Lysine_1260; MgCl_300; Lysozyme_1020; CaCl_120; Pep28_660; LL37_1020; Lysozyme_870; LL37_630; Lysine_150; MgCl_870; CaCl_60; CaCl_150; LL37_540; Caffeine_690; CaCl_780; Lysozyme_90; CaCl_1260; Caffeine_990; Caffeine_60; Caffeine_1200; CaCl_30; LL37_1320; Lysozyme_180; Lysozyme_480; BSA_390; LL37_1350; Lysozyme_630; CaCl_90; CaCl_210; BSA_210; CaCl_750; CaCl_810; Caffeine_1050; Caffeine_1020; MgCl_360; BSA_300; BSA_1140; Lysozyme_120; Lysine_720; BSA_420; LL37_60; Lysine_750; BSA_450; Lysozyme_960; BSA_720; Caffeine_270; Caffeine_900; LL37_360; Caffeine_660; Caffeine_1350; CaCl_660; Lysine_1080; Lysozyme_450; BSA_480; Lysine_210; LL37_900; BSA_930; LL37_450; Lysozyme_810; LL37_300; Lysozyme_1200; BSA_1290; Lysine_600; Caffeine_570; Lysozyme_840; CaCl_930; CaCl_270; CaCl_1320; LL37_1170; BSA_660; LL37_1080; LL37_390; Lysine_240; Lysozyme_690; MgCl_270; CaCl_990; MgCl_660,colsample_bytree=1.0; learning_rate=0.2; max_depth=5; n_estimators=400; subsample=0.8,0.8333333333333334,83.33333333333334,0.4545454545454545,45.454545454545446
69,PF.QM_Chip4_Chan1,XGBoost,51,Lysine_870; Pep28_210; MgCl_390; Lysine_1260; LL37_1350; Lysine_690; MgCl_90; Lysozyme_720; Caffeine_1230; Lysozyme_60; Lysine_930; Lysozyme_660; CaCl_840; Lysozyme_750; MgCl_300; BSA_150; BSA_330; Caffeine_420; LL37_1320; Lysozyme_30; Lysine_960; CaCl_600; Lysozyme_1020; Lysozyme_1170; Lysozyme_1200; CaCl_210; CaCl_30; Lysozyme_510; Lysozyme_810; BSA_210; CaCl_150; Lysozyme_1320; CaCl_780; CaCl_540; CaCl_1200; LL37_1020; Lysozyme_90; LL37_540; CaCl_270; CaCl_1260; CaCl_120; Caffeine_510; LL37_1290; Caffeine_660; CaCl_90; Pep28_1350; MgCl_1140; LL37_630; Lysozyme_480; CaCl_750; LL37_150,colsample_bytree=0.8; learning_rate=0.1; max_depth=3; n_estimators=400; subsample=0.8,1.0,100.0,1.0,100.0
70,PF.QM_Chip4_Chan2,XGBoost,47,Caffeine_210; Caffeine_1230; Lysozyme_60; MgCl_390; Lysine_690; CaCl_1320; Pep28_210; Lysozyme_30; Lysozyme_1170; MgCl_300; Lysine_930; Lysine_870; MgCl_90; Lysozyme_750; Lysozyme_720; CaCl_240; Lysozyme_660; CaCl_900; CaCl_840; Caffeine_1020; Caffeine_990; MgCl_870; BSA_90; Lysozyme_1020; LL37_1350; Lysine_30; CaCl_30; Lysozyme_1320; BSA_330; CaCl_210; Lysine_960; Lysozyme_90; BSA_210; CaCl_150; Caffeine_660; Caffeine_840; BSA_990; LL37_540; LL37_1020; CaCl_1260; CaCl_1080; MgCl_600; BSA_30; Lysozyme_480; BSA_270; Lysine_1170; LL37_900,colsample_bytree=1.0; learning_rate=0.1; max_depth=5; n_estimators=400; subsample=1.0,1.0,100.0,1.0,100.0
71,PF.QM_Chip4_Chan3,XGBoost,111,Lysozyme_660; Caffeine_210; Caffeine_1230; Lysozyme_60; MgCl_1110; Lysine_870; Pep28_210; Caffeine_420; Lysozyme_720; MgCl_390; Lysine_690; Lysine_1260; LL37_1350; Lysine_930; CaCl_1260; MgCl_90; Lysozyme_30; CaCl_120; LL37_540; CaCl_780; CaCl_840; CaCl_30; Pep28_540; MgCl_870; Lysozyme_750; Lysozyme_1170; Lysozyme_90; CaCl_750; CaCl_150; CaCl_210; Caffeine_1020; Lysozyme_1020; Caffeine_240; Caffeine_720; Lysine_240; Lysozyme_1320; Caffeine_60; BSA_1230; Lysozyme_1110; LL37_480; Lysine_60; Lysine_600; Lysozyme_960; MgCl_300; Lysozyme_480; MgCl_600; LL37_60; Caffeine_690; Caffeine_930; Caffeine_660; Lysozyme_330; BSA_30; Lysozyme_180; CaCl_60; MgCl_1020; Caffeine_120; Pep28_600; BSA_960; BSA_210; Lysine_1080; Caffeine_330; Caffeine_990; LL37_150; BSA_420; Caffeine_1140; Lysozyme_810; BSA_300; Caffeine_1170; CaCl_540; CaCl_570; Lysine_1170; Caffeine_270; Lysine_960; LL37_1320; CaCl_90; Caffeine_360; Lysozyme_840; Caffeine_900; Lysozyme_1200; Caffeine_570; Lysine_210; MgCl_30; Lysozyme_420; Lysozyme_120; CaCl_390; Lysine_90; CaCl_900; Caffeine_1320; LL37_450; LL37_180; BSA_1140; BSA_240; MgCl_1230; CaCl_990; CaCl_360; Caffeine_1200; Caffeine_1110; LL37_1020; Pep28_1320; Caffeine_1350; BSA_1080; CaCl_810; BSA_900; Pep28_300; MgCl_210; CaCl_1140; MgCl_780; Lysine_750; BSA_330; Pep28_150; Pep28_330,colsample_bytree=0.8; learning_rate=0.1; max_depth=5; n_estimators=400; subsample=0.8,1.0,100.0,1.0,100.0
72,PF.QM_Chip4_Chan4,XGBoost,125,Pep28_210; MgCl_390; Caffeine_210; Caffeine_930; BSA_90; Lysozyme_30; BSA_330; Caffeine_1230; Lysozyme_60; MgCl_90; Lysine_690; Lysozyme_1170; MgCl_300; Lysozyme_750; CaCl_1260; BSA_870; Lysozyme_600; MgCl_870; Lysozyme_720; LL37_1350; CaCl_840; CaCl_120; Pep28_1110; Caffeine_990; Caffeine_1050; LL37_1200; BSA_420; CaCl_900; Lysozyme_1110; Lysine_930; BSA_270; Caffeine_1020; CaCl_60; Lysine_750; Lysozyme_1320; LL37_540; BSA_30; Lysine_870; LL37_450; CaCl_810; Lysozyme_660; CaCl_30; CaCl_150; BSA_990; MgCl_60; Lysozyme_90; Caffeine_510; CaCl_1320; MgCl_690; Lysozyme_480; Lysine_30; BSA_210; LL37_60; Lysozyme_1020; Lysozyme_960; Lysine_630; Caffeine_690; CaCl_540; CaCl_210; CaCl_750; Pep28_960; Caffeine_60; LL37_1320; Lysine_240; BSA_840; LL37_600; Caffeine_570; Caffeine_1200; Caffeine_660; LL37_510; BSA_1230; Lysine_150; Caffeine_240; LL37_900; CaCl_990; BSA_450; Lysozyme_510; Lysozyme_240; Lysozyme_1200; Lysine_960; CaCl_90; BSA_300; MgCl_1290; CaCl_300; Lysozyme_120; Pep28_1320; Lysine_600; MgCl_270; LL37_930; LL37_1020; MgCl_1230; Lysozyme_840; LL37_300; Caffeine_1170; CaCl_570; BSA_570; Caffeine_360; BSA_480; BSA_120; BSA_900; LL37_180; BSA_1140; BSA_240; BSA_930; LL37_1080; Lysine_60; MgCl_1020; Lysine_210; BSA_180; LL37_480; MgCl_210; LL37_840; Caffeine_1140; MgCl_1140; Lysine_1110; Lysine_660; MgCl_630; CaCl_270; Caffeine_1350; Caffeine_780; Lysine_1260; Pep28_90; BSA_1200; Caffeine_1320; BSA_1080,colsample_bytree=1.0; learning_rate=0.2; max_depth=3; n_estimators=400; subsample=0.8,1.0,100.0,1.0,100.0
73,PK.QH_Chip1_Chan1,XGBoost,138,MgCl_390; Pep28_210; MgCl_1110; Caffeine_1230; Lysozyme_1050; CaCl_120; LL37_960; Lysozyme_60; Lysozyme_720; BSA_960; Lysozyme_1260; CaCl_210; LL37_1290; Lysine_690; Lysozyme_660; Lysozyme_1170; Lysozyme_30; Lysozyme_90; LL37_1350; CaCl_780; Caffeine_690; Lysozyme_750; Lysozyme_300; CaCl_810; Lysine_870; Pep28_540; MgCl_90; BSA_1230; LL37_690; Caffeine_780; LL37_780; CaCl_840; CaCl_390; Caffeine_660; Caffeine_60; Lysozyme_420; LL37_900; CaCl_90; Lysine_1260; Lysine_750; Lysozyme_990; CaCl_540; LL37_210; BSA_30; BSA_240; Pep28_30; Lysozyme_1110; MgCl_870; Caffeine_1140; LL37_60; BSA_600; Lysine_240; Caffeine_510; Lysozyme_960; Lysozyme_180; Lysozyme_480; Lysine_30; Lysine_210; Lysozyme_1200; Caffeine_990; Lysozyme_240; CaCl_30; BSA_300; LL37_300; Lysine_1080; Caffeine_1020; MgCl_1350; LL37_540; CaCl_60; Caffeine_1110; Caffeine_630; Pep28_330; Caffeine_330; MgCl_1260; LL37_930; Lysozyme_120; LL37_390; Lysozyme_330; Lysine_1170; Lysine_450; Pep28_360; BSA_90; BSA_450; Caffeine_750; Lysozyme_510; MgCl_570; Lysozyme_840; BSA_420; LL37_150; Caffeine_570; CaCl_750; Lysozyme_1020; CaCl_900; BSA_930; Caffeine_1350; BSA_210; Lysine_1020; Lysozyme_630; LL37_1200; BSA_1110; LL37_30; Lysozyme_540; Caffeine_270; Caffeine_720; CaCl_480; LL37_1140; CaCl_1230; Caffeine_810; Lysozyme_870; CaCl_990; CaCl_1140; MgCl_240; Pep28_1080; CaCl_300; LL37_180; LL37_1020; BSA_150; MgCl_330; Lysozyme_1320; BSA_1140; Caffeine_1200; Lysine_300; Lysine_1230; MgCl_300; Lysozyme_600; Lysine_930; Pep28_180; Lysine_1110; MgCl_270; CaCl_570; LL37_270; CaCl_150; Caffeine_1170; BSA_1290; MgCl_420; Caffeine_1050; CaCl_600; Lysozyme_930,colsample_bytree=1.0; learning_rate=0.1; max_depth=3; n_estimators=400; subsample=0.8,0.9444444444444444,94.44444444444444,0.4857142857142857,48.57142857142857
74,PK.QH_Chip1_Chan2,XGBoost,57,Pep28_210; Caffeine_1230; MgCl_90; LL37_1350; Lysozyme_60; CaCl_120; Lysozyme_720; Caffeine_60; Lysine_690; Caffeine_1080; Caffeine_1140; Caffeine_450; Lysozyme_750; BSA_1320; Pep28_30; BSA_210; Lysozyme_1320; CaCl_930; Lysozyme_30; CaCl_540; Lysozyme_1110; BSA_780; Caffeine_720; BSA_90; CaCl_840; Lysozyme_90; Lysozyme_480; CaCl_1260; Lysozyme_1170; Caffeine_1110; BSA_960; Lysine_60; MgCl_300; BSA_30; LL37_540; CaCl_210; Caffeine_930; CaCl_1290; MgCl_870; LL37_930; Pep28_1020; MgCl_1230; Lysine_1260; Lysozyme_1080; LL37_90; BSA_300; Caffeine_990; Lysozyme_120; Lysine_750; MgCl_1170; CaCl_900; Lysozyme_1020; Lysozyme_960; LL37_30; Caffeine_690; Caffeine_660; Lysine_480,colsample_bytree=1.0; learning_rate=0.2; max_depth=3; n_estimators=400; subsample=0.8,0.8888888888888888,88.88888888888889,0.4705882352941176,47.05882352941176
75,PK.QH_Chip1_Chan3,XGBoost,66,Pep28_210; Caffeine_450; Lysine_360; Lysozyme_60; Caffeine_930; CaCl_120; Caffeine_1230; Lysine_690; CaCl_1320; Lysozyme_1170; Lysozyme_720; MgCl_90; Lysozyme_750; Caffeine_1140; CaCl_900; Pep28_1170; CaCl_840; Caffeine_60; LL37_240; Caffeine_1110; MgCl_300; Lysozyme_30; Lysozyme_90; Caffeine_690; CaCl_150; Caffeine_990; Lysozyme_1110; BSA_210; LL37_90; LL37_510; CaCl_1260; Lysozyme_480; CaCl_810; Lysozyme_1320; CaCl_210; MgCl_360; LL37_1350; Lysozyme_1080; MgCl_870; LL37_150; LL37_870; CaCl_30; Caffeine_1260; LL37_60; Lysine_600; CaCl_540; BSA_30; Caffeine_660; Lysine_930; BSA_90; Lysine_750; LL37_30; Pep28_900; Lysine_240; Lysozyme_960; BSA_300; BSA_240; Lysine_1170; CaCl_750; MgCl_1260; Caffeine_330; Caffeine_1350; LL37_300; CaCl_990; Lysine_60; Lysozyme_240,colsample_bytree=1.0; learning_rate=0.1; max_depth=7; n_estimators=400; subsample=1.0,0.2222222222222222,22.22222222222222,0.1818181818181818,18.18181818181818
76,PK.QH_Chip1_Chan4,XGBoost,52,Lysozyme_1050; Caffeine_1230; Lysozyme_600; Lysozyme_60; Caffeine_1050; MgCl_300; Lysine_1260; Lysine_690; CaCl_900; Lysozyme_30; Lysozyme_1170; Lysozyme_720; Lysozyme_660; CaCl_120; MgCl_90; BSA_30; CaCl_840; CaCl_1020; Caffeine_870; CaCl_600; BSA_270; LL37_540; Lysozyme_750; Lysozyme_1320; Lysine_30; Lysozyme_1020; Caffeine_930; Caffeine_990; Lysozyme_150; LL37_1020; Pep28_150; MgCl_360; Lysine_1170; Caffeine_1200; Pep28_330; Lysine_480; MgCl_870; Caffeine_660; CaCl_540; BSA_990; Lysine_1020; Lysozyme_90; MgCl_420; Caffeine_1140; BSA_1230; LL37_60; CaCl_750; CaCl_210; BSA_210; BSA_420; BSA_600; CaCl_30,colsample_bytree=0.8; learning_rate=0.2; max_depth=3; n_estimators=400; subsample=1.0,0.5,50.0,0.3333333333333333,33.33333333333333
77,PK.QH_Chip3_Chan1,XGBoost,63,Caffeine_210; Lysozyme_660; Lysine_930; Lysine_690; CaCl_630; Lysozyme_60; CaCl_840; Lysine_870; Caffeine_1230; Lysozyme_990; MgCl_90; CaCl_540; LL37_1350; Lysozyme_1170; Lysozyme_30; MgCl_390; MgCl_300; Lysine_90; CaCl_1260; Caffeine_1050; Pep28_210; BSA_630; BSA_90; Lysozyme_750; Lysozyme_720; Lysozyme_1110; Lysozyme_1320; Caffeine_1260; Caffeine_1140; CaCl_900; MgCl_870; BSA_210; LL37_1080; Lysine_750; CaCl_780; BSA_600; CaCl_30; Lysine_1230; Pep28_30; Caffeine_1170; Caffeine_60; Lysozyme_480; Lysozyme_90; Pep28_240; Caffeine_660; CaCl_930; CaCl_150; CaCl_210; CaCl_120; Lysine_150; Caffeine_990; LL37_60; BSA_930; Caffeine_1200; LL37_1020; CaCl_90; BSA_420; Lysozyme_120; Lysine_1020; LL37_540; Lysozyme_420; BSA_300; Pep28_150,colsample_bytree=1.0; learning_rate=0.2; max_depth=5; n_estimators=100; subsample=1.0,0.1666666666666666,16.66666666666666,0.1428571428571428,14.28571428571428
78,PK.QH_Chip3_Chan2,XGBoost,95,Lysine_840; Caffeine_480; Caffeine_1230; Caffeine_210; Lysine_690; Pep28_210; Lysozyme_30; Lysozyme_60; Lysozyme_1170; MgCl_390; Pep28_60; Lysozyme_660; Lysozyme_720; Lysine_930; LL37_840; MgCl_90; Pep28_330; CaCl_900; LL37_1350; BSA_30; Lysine_870; CaCl_840; Lysozyme_750; Caffeine_720; Caffeine_690; CaCl_210; CaCl_1320; CaCl_120; Lysine_1050; LL37_60; Lysozyme_420; LL37_540; MgCl_990; Lysozyme_480; CaCl_780; CaCl_30; Caffeine_660; Lysozyme_1020; CaCl_60; CaCl_150; CaCl_930; Lysine_960; Caffeine_360; Caffeine_570; Lysozyme_1200; CaCl_540; LL37_1020; LL37_1320; LL37_450; Lysine_750; MgCl_630; Lysozyme_330; BSA_600; LL37_930; MgCl_300; CaCl_90; LL37_510; BSA_1140; BSA_930; MgCl_870; Caffeine_900; BSA_450; Caffeine_1110; Caffeine_930; Lysozyme_960; MgCl_420; CaCl_420; BSA_210; Lysozyme_510; Lysine_600; BSA_1080; Caffeine_1020; Caffeine_60; Caffeine_1350; LL37_30; Lysozyme_1080; LL37_1170; BSA_1290; Caffeine_780; CaCl_1260; BSA_1200; Lysozyme_90; LL37_360; Lysine_630; CaCl_270; Lysozyme_120; CaCl_570; LL37_300; Lysine_1260; Caffeine_1200; Lysozyme_150; Lysine_660; CaCl_990; MgCl_270; Caffeine_1050,colsample_bytree=1.0; learning_rate=0.2; max_depth=3; n_estimators=200; subsample=0.8,0.2222222222222222,22.22222222222222,0.1818181818181818,18.18181818181818
79,PK.QH_Chip3_Chan3,XGBoost,83,CaCl_1320; Caffeine_210; Lysozyme_720; MgCl_1110; Lysine_690; Lysozyme_60; Caffeine_1320; Lysozyme_660; Lysozyme_1170; MgCl_90; Caffeine_660; CaCl_540; Caffeine_1140; Caffeine_1230; Pep28_210; CaCl_1050; BSA_30; Lysozyme_750; CaCl_90; Lysozyme_480; Lysozyme_1110; Lysozyme_810; BSA_270; Caffeine_900; Pep28_30; Lysine_870; MgCl_390; BSA_990; Lysozyme_30; Lysozyme_1200; Caffeine_570; LL37_450; CaCl_150; CaCl_840; CaCl_900; Lysine_1260; MgCl_870; Lysozyme_960; Lysine_930; BSA_1230; Lysozyme_120; CaCl_1260; Lysozyme_90; LL37_540; CaCl_600; Caffeine_360; Lysozyme_1020; CaCl_750; Caffeine_60; BSA_420; BSA_360; CaCl_870; CaCl_690; Caffeine_990; BSA_90; LL37_1320; Lysine_1020; CaCl_210; LL37_60; Lysozyme_1320; BSA_1020; BSA_1140; BSA_210; Pep28_630; LL37_1020; BSA_450; Lysine_240; Lysozyme_390; MgCl_300; Pep28_510; Caffeine_930; Caffeine_1020; CaCl_60; BSA_930; Caffeine_540; Lysine_990; CaCl_30; Lysozyme_450; Lysine_1350; Caffeine_1110; BSA_1110; CaCl_1290; CaCl_990,colsample_bytree=0.8; learning_rate=0.1; max_depth=5; n_estimators=400; subsample=0.8,0.3333333333333333,33.33333333333333,0.25,25.0
80,PK.QH_Chip3_Chan4,XGBoost,108,Lysine_870; Lysine_690; Caffeine_210; Lysozyme_60; Caffeine_1230; Pep28_210; Lysozyme_720; Lysine_600; Lysozyme_990; MgCl_90; CaCl_1320; Lysine_930; Lysozyme_30; Lysine_360; Lysozyme_1170; MgCl_300; MgCl_450; Caffeine_1140; Lysozyme_1320; MgCl_390; Caffeine_930; Lysozyme_750; CaCl_150; BSA_30; CaCl_90; CaCl_540; CaCl_840; Lysozyme_960; CaCl_1260; LL37_150; Caffeine_990; Lysozyme_1020; LL37_1020; LL37_360; LL37_540; CaCl_120; LL37_1320; Lysozyme_120; MgCl_510; CaCl_1290; Lysine_1260; Lysozyme_480; Lysozyme_1080; MgCl_1110; LL37_480; CaCl_30; CaCl_210; Lysozyme_420; Caffeine_1110; Caffeine_660; MgCl_30; BSA_210; LL37_120; Caffeine_450; Lysine_240; Caffeine_1020; CaCl_60; BSA_630; Lysozyme_90; Caffeine_570; Caffeine_690; CaCl_750; Lysozyme_660; Pep28_840; Pep28_1320; Caffeine_60; BSA_1080; Caffeine_750; Lysine_720; Lysozyme_330; BSA_930; LL37_390; BSA_330; Caffeine_330; Caffeine_1200; Lysozyme_1110; MgCl_750; MgCl_870; Lysine_1200; Lysine_750; Lysozyme_300; Lysine_840; MgCl_180; Lysozyme_780; Lysine_1080; Lysozyme_510; BSA_420; CaCl_930; Lysozyme_630; CaCl_1110; Lysozyme_1200; Caffeine_510; MgCl_930; Caffeine_360; LL37_180; Lysozyme_930; BSA_1230; BSA_300; CaCl_360; CaCl_990; CaCl_570; CaCl_450; LL37_750; Caffeine_1320; LL37_1260; CaCl_240; LL37_960; Lysozyme_360,colsample_bytree=0.8; learning_rate=0.2; max_depth=3; n_estimators=400; subsample=0.8,0.2777777777777778,27.77777777777778,0.217391304347826,21.7391304347826
81,PK.QH_Chip4_Chan1,XGBoost,104,Lysine_1260; Lysine_870; Pep28_210; Caffeine_1230; Lysozyme_60; MgCl_390; LL37_1110; LL37_1350; CaCl_840; BSA_330; Lysine_930; Caffeine_210; Lysine_60; Pep28_60; MgCl_300; MgCl_90; CaCl_1260; Lysine_690; Lysozyme_1110; CaCl_120; BSA_990; CaCl_900; MgCl_60; Lysozyme_750; MgCl_330; Lysine_750; Caffeine_1140; Lysozyme_720; Caffeine_720; LL37_120; Lysozyme_1320; Lysozyme_1020; Lysozyme_1170; Caffeine_330; Caffeine_1200; CaCl_690; Lysozyme_960; CaCl_30; Caffeine_420; MgCl_840; LL37_570; BSA_210; BSA_30; Pep28_360; Caffeine_690; LL37_540; Lysozyme_30; CaCl_930; BSA_1320; Caffeine_660; BSA_90; Lysine_30; BSA_300; Lysozyme_660; Lysozyme_90; CaCl_90; BSA_360; Caffeine_990; CaCl_150; Caffeine_1020; CaCl_60; MgCl_30; CaCl_270; BSA_1110; Caffeine_60; Lysine_1050; Lysine_990; LL37_30; Lysine_600; LL37_1320; MgCl_690; CaCl_540; BSA_1290; LL37_900; BSA_1140; MgCl_1320; LL37_60; Lysozyme_840; Lysine_1290; MgCl_510; MgCl_870; Lysozyme_480; BSA_930; Lysozyme_510; LL37_1290; LL37_180; LL37_1020; LL37_930; BSA_450; Lysine_1080; Caffeine_1260; CaCl_210; MgCl_480; Lysozyme_150; CaCl_180; CaCl_1230; Caffeine_1350; Caffeine_1170; LL37_600; Caffeine_1110; Caffeine_360; Lysozyme_300; LL37_270; LL37_1080,colsample_bytree=1.0; learning_rate=0.2; max_depth=3; n_estimators=400; subsample=0.8,0.0,0.0,0.0,0.0
82,PK.QH_Chip4_Chan2,XGBoost,105,Caffeine_1230; Pep28_90; Lysine_1260; Lysozyme_60; CaCl_1260; BSA_960; Lysozyme_30; BSA_930; Pep28_210; CaCl_120; MgCl_90; LL37_750; Lysine_690; Pep28_330; Lysozyme_720; CaCl_540; Lysozyme_1170; Lysozyme_660; Lysozyme_330; Lysozyme_750; Caffeine_930; MgCl_300; MgCl_360; BSA_1320; Lysozyme_480; LL37_540; BSA_360; BSA_30; Caffeine_240; Lysozyme_1320; CaCl_840; CaCl_60; LL37_1350; CaCl_780; CaCl_30; BSA_210; CaCl_1290; Caffeine_1140; Caffeine_990; Caffeine_30; Caffeine_660; CaCl_210; BSA_1230; Pep28_30; LL37_1020; CaCl_930; Lysozyme_240; Caffeine_420; BSA_420; Caffeine_1170; Lysozyme_960; Caffeine_1350; LL37_60; Caffeine_330; Lysozyme_1080; Caffeine_1110; Lysozyme_1200; Caffeine_1200; Lysozyme_630; Lysozyme_300; Lysozyme_120; LL37_150; Caffeine_690; BSA_300; BSA_1020; LL37_300; CaCl_570; Lysine_750; BSA_390; Lysozyme_90; MgCl_600; CaCl_750; Lysine_780; MgCl_1170; Lysozyme_180; MgCl_420; BSA_1080; Caffeine_1050; Lysine_240; Lysine_450; Lysine_870; LL37_690; Caffeine_60; CaCl_990; Pep28_480; BSA_1290; LL37_870; BSA_450; MgCl_870; Lysine_1080; Lysozyme_1020; LL37_930; MgCl_1320; CaCl_270; MgCl_270; CaCl_480; Lysine_1170; Lysozyme_810; Caffeine_540; Caffeine_720; LL37_270; Lysine_1140; CaCl_90; CaCl_300; BSA_1170,colsample_bytree=0.8; learning_rate=0.2; max_depth=3; n_estimators=400; subsample=0.8,0.7222222222222222,72.22222222222221,0.4193548387096774,41.93548387096774
83,PK.QH_Chip4_Chan3,XGBoost,111,Pep28_210; Lysine_1260; LL37_720; Lysozyme_1020; Caffeine_1230; Lysozyme_60; LL37_870; Lysozyme_660; Lysozyme_750; Lysozyme_1170; Pep28_540; CaCl_840; Lysine_690; Lysozyme_1320; Lysozyme_30; Lysozyme_720; Caffeine_1020; Caffeine_1140; BSA_1320; Caffeine_270; Lysozyme_450; Lysine_930; LL37_900; Caffeine_60; Pep28_390; Lysine_60; MgCl_420; CaCl_120; Caffeine_720; CaCl_780; CaCl_540; Lysine_720; Lysozyme_240; MgCl_1110; CaCl_30; Pep28_30; BSA_210; Lysozyme_960; MgCl_90; Lysine_750; LL37_480; Pep28_150; CaCl_240; LL37_780; Pep28_1320; Caffeine_1350; CaCl_90; Pep28_1020; Lysozyme_180; Lysine_600; CaCl_210; CaCl_810; LL37_30; Pep28_660; Caffeine_660; BSA_300; CaCl_1260; Caffeine_990; Lysozyme_480; LL37_570; LL37_1080; LL37_540; CaCl_1290; CaCl_900; Lysozyme_690; CaCl_60; BSA_930; Caffeine_630; MgCl_270; CaCl_180; CaCl_390; BSA_270; CaCl_990; BSA_90; MgCl_480; LL37_60; LL37_690; BSA_1080; LL37_180; Caffeine_570; CaCl_570; MgCl_1290; BSA_900; LL37_300; Lysine_1080; MgCl_870; Caffeine_360; CaCl_150; Lysozyme_90; MgCl_1140; Pep28_480; Lysozyme_600; Pep28_180; CaCl_930; Caffeine_690; BSA_1290; LL37_1020; Lysine_240; Lysozyme_1200; Lysozyme_810; Caffeine_750; MgCl_300; Lysozyme_120; LL37_1320; Lysozyme_1110; CaCl_1320; BSA_1230; Lysine_480; MgCl_360; Caffeine_510; Lysine_1020,colsample_bytree=0.8; learning_rate=0.2; max_depth=3; n_estimators=400; subsample=0.8,1.0,100.0,1.0,100.0
84,PK.QH_Chip4_Chan4,XGBoost,156,Lysine_840; Lysine_870; Caffeine_480; Pep28_210; LL37_870; Caffeine_210; Caffeine_1230; Lysozyme_60; CaCl_900; MgCl_1110; Lysozyme_330; LL37_1350; Lysine_690; Lysine_930; Lysozyme_30; BSA_960; BSA_270; CaCl_60; MgCl_1170; Lysozyme_720; MgCl_390; Lysozyme_1170; Lysine_750; Lysozyme_750; MgCl_930; LL37_840; LL37_1320; Lysozyme_1020; LL37_540; CaCl_840; Caffeine_690; MgCl_90; LL37_900; CaCl_810; MgCl_300; Caffeine_1140; BSA_1320; Lysine_1020; Lysozyme_90; CaCl_210; Lysozyme_660; Caffeine_720; Caffeine_930; LL37_780; Caffeine_990; Pep28_1020; Caffeine_570; BSA_30; CaCl_750; CaCl_540; CaCl_30; Lysine_720; Pep28_90; LL37_1110; Lysine_510; LL37_60; LL37_150; LL37_960; Caffeine_1020; Pep28_360; CaCl_1140; Lysozyme_1080; MgCl_570; CaCl_150; LL37_30; CaCl_120; Caffeine_660; Caffeine_1260; Lysozyme_930; Lysozyme_960; Caffeine_900; Lysine_1260; Pep28_330; Caffeine_60; MgCl_210; BSA_300; Lysine_1320; CaCl_270; BSA_330; Lysozyme_1260; BSA_210; BSA_450; CaCl_930; Caffeine_1050; Caffeine_1200; CaCl_1020; Caffeine_780; LL37_1080; CaCl_90; Lysozyme_840; BSA_930; Pep28_1320; LL37_180; LL37_630; LL37_810; MgCl_240; Lysine_600; Lysozyme_510; BSA_990; Lysozyme_1230; CaCl_570; Pep28_30; MgCl_330; MgCl_870; Caffeine_810; Lysozyme_1110; Pep28_630; LL37_600; Lysozyme_480; CaCl_330; LL37_1020; BSA_420; LL37_300; LL37_720; Lysine_210; Caffeine_1320; BSA_1140; CaCl_990; Caffeine_840; LL37_330; Lysine_540; Lysozyme_120; LL37_480; Lysozyme_150; Lysine_960; Caffeine_360; Pep28_480; Lysine_240; MgCl_150; BSA_1290; MgCl_270; LL37_990; MgCl_420; MgCl_30; Lysozyme_240; MgCl_60; Pep28_180; Lysine_1080; Lysozyme_870; MgCl_360; MgCl_180; Pep28_270; Caffeine_1350; Lysozyme_690; LL37_360; BSA_60; CaCl_180; BSA_1230; Pep28_300; BSA_120; Lysozyme_1320; LL37_1260; Caffeine_1110; CaCl_1080; Lysozyme_780; BSA_390,colsample_bytree=0.8; learning_rate=0.2; max_depth=3; n_estimators=400; subsample=1.0,0.2222222222222222,22.22222222222222,0.1818181818181818,18.18181818181818
85,PK.QL_Chip1_Chan1,XGBoost,95,MgCl_210; Lysine_90; Caffeine_870; Caffeine_1230; Lysine_870; Lysozyme_1110; Lysozyme_60; CaCl_540; Lysozyme_1170; LL37_1350; Lysine_930; MgCl_390; Caffeine_210; Lysozyme_1020; Caffeine_1140; Lysozyme_720; Lysozyme_660; LL37_1320; Lysine_690; Lysozyme_750; BSA_600; Caffeine_1260; Lysozyme_30; Lysozyme_1200; BSA_30; Pep28_210; LL37_120; CaCl_1320; Pep28_30; LL37_540; Caffeine_990; MgCl_90; CaCl_900; CaCl_840; CaCl_210; Caffeine_570; CaCl_450; Lysozyme_90; Lysine_600; CaCl_60; CaCl_660; LL37_60; CaCl_150; Lysine_30; Caffeine_720; Lysozyme_900; Lysozyme_960; Pep28_180; Caffeine_660; Lysine_270; BSA_1230; CaCl_90; MgCl_1170; CaCl_750; MgCl_300; BSA_420; LL37_360; Lysine_1080; CaCl_780; Lysine_750; Lysozyme_120; LL37_180; CaCl_30; Pep28_360; Lysozyme_240; Lysine_1020; Caffeine_60; Caffeine_270; Pep28_540; MgCl_1350; Caffeine_1020; MgCl_1140; MgCl_270; Lysine_1110; Lysine_1350; Caffeine_330; Pep28_1110; MgCl_1110; LL37_480; LL37_240; BSA_1290; MgCl_870; CaCl_570; Caffeine_1350; LL37_600; LL37_900; CaCl_240; LL37_1020; Pep28_810; BSA_1260; BSA_1140; Pep28_750; BSA_300; Pep28_330; Caffeine_810,colsample_bytree=0.8; learning_rate=0.2; max_depth=7; n_estimators=400; subsample=0.8,0.3333333333333333,33.33333333333333,0.25,25.0
86,PK.QL_Chip1_Chan2,XGBoost,120,MgCl_390; CaCl_900; Caffeine_210; Lysozyme_660; LL37_1350; Caffeine_1140; Lysozyme_60; Pep28_30; Caffeine_1050; Caffeine_1230; Lysine_690; Lysozyme_720; Pep28_210; CaCl_540; CaCl_780; Caffeine_300; Lysozyme_1170; Caffeine_1170; MgCl_90; Caffeine_720; BSA_630; CaCl_210; CaCl_840; Lysozyme_30; Lysozyme_240; Caffeine_510; Lysozyme_300; Caffeine_660; Lysozyme_750; CaCl_60; MgCl_870; BSA_330; Caffeine_900; Lysine_120; CaCl_750; CaCl_90; Caffeine_930; Caffeine_1200; BSA_420; CaCl_120; Lysozyme_90; CaCl_30; LL37_30; Caffeine_60; CaCl_390; CaCl_1200; Lysine_180; Lysozyme_1200; LL37_420; LL37_60; BSA_1140; Caffeine_240; Lysozyme_960; MgCl_510; LL37_300; BSA_210; MgCl_330; Caffeine_990; BSA_30; CaCl_300; CaCl_1320; Caffeine_570; CaCl_930; Caffeine_690; Lysozyme_120; Pep28_120; Lysine_750; BSA_1020; LL37_690; Lysine_1260; BSA_810; CaCl_660; Pep28_1290; LL37_1020; BSA_300; BSA_1230; Lysozyme_450; LL37_540; MgCl_720; Pep28_360; LL37_510; Lysine_330; Lysine_1200; CaCl_150; Lysozyme_480; Lysine_1350; MgCl_540; Lysine_780; Lysozyme_1020; CaCl_570; Caffeine_330; LL37_390; MgCl_1140; Lysozyme_1260; LL37_720; CaCl_1170; MgCl_360; CaCl_990; Lysine_240; LL37_1110; LL37_180; Lysozyme_1110; Pep28_240; Caffeine_1350; Caffeine_1110; Pep28_150; BSA_270; LL37_150; Pep28_1110; Lysine_30; CaCl_810; BSA_1290; Lysozyme_1320; BSA_720; Lysozyme_420; MgCl_270; Lysine_1050; Caffeine_1020; LL37_360; CaCl_1050,colsample_bytree=1.0; learning_rate=0.2; max_depth=3; n_estimators=400; subsample=0.8,1.0,100.0,1.0,100.0
87,PK.QL_Chip1_Chan3,XGBoost,75,Caffeine_1230; MgCl_390; Caffeine_210; CaCl_900; Lysine_840; Lysine_690; BSA_270; Lysozyme_60; MgCl_90; BSA_960; CaCl_840; Lysozyme_30; Lysozyme_750; CaCl_120; Lysozyme_1170; LL37_1350; CaCl_1260; Caffeine_690; Lysozyme_720; Lysozyme_1320; CaCl_540; MgCl_870; BSA_90; MgCl_300; BSA_1320; Caffeine_720; Caffeine_450; Lysozyme_1110; Caffeine_1140; Lysozyme_240; LL37_540; Lysozyme_810; Caffeine_60; Pep28_510; Lysozyme_480; Lysozyme_90; CaCl_30; CaCl_660; CaCl_1230; Caffeine_930; Caffeine_240; Lysine_1080; CaCl_210; LL37_450; BSA_1230; Caffeine_1170; BSA_120; Lysine_1260; Lysozyme_180; CaCl_150; Lysozyme_1200; Pep28_360; BSA_690; BSA_420; CaCl_60; Pep28_1020; BSA_210; BSA_600; Lysozyme_450; CaCl_690; BSA_300; Caffeine_1020; MgCl_930; Lysozyme_330; Caffeine_660; LL37_1230; CaCl_390; Lysozyme_1080; BSA_630; Lysozyme_660; Caffeine_570; CaCl_300; Caffeine_1200; Lysozyme_960; Pep28_1320,colsample_bytree=0.8; learning_rate=0.2; max_depth=5; n_estimators=400; subsample=0.8,0.0,0.0,0.0,0.0
88,PK.QL_Chip1_Chan4,XGBoost,124,Lysine_960; MgCl_390; Lysozyme_60; Caffeine_1230; CaCl_840; CaCl_120; Lysine_870; LL37_30; Lysine_1320; CaCl_900; Lysozyme_720; Lysine_690; Lysine_720; Caffeine_210; LL37_1350; Caffeine_300; Lysozyme_30; Pep28_210; BSA_960; Lysozyme_1170; Caffeine_1140; Lysine_1170; Caffeine_1020; CaCl_300; Lysozyme_660; LL37_270; Lysine_30; Lysozyme_750; Caffeine_1260; Pep28_330; BSA_930; CaCl_780; CaCl_540; CaCl_60; LL37_870; Caffeine_690; Lysozyme_330; CaCl_210; MgCl_1110; Caffeine_750; MgCl_60; LL37_1320; MgCl_630; MgCl_90; BSA_330; Lysozyme_1080; BSA_600; Lysozyme_450; LL37_1080; LL37_1020; CaCl_750; BSA_480; LL37_60; BSA_30; BSA_90; Caffeine_1350; Lysozyme_90; Caffeine_390; Lysine_1200; LL37_540; Lysozyme_480; Pep28_30; Caffeine_660; MgCl_180; MgCl_750; CaCl_810; Caffeine_60; CaCl_270; CaCl_30; MgCl_870; Caffeine_930; LL37_300; BSA_210; Lysine_780; MgCl_510; BSA_420; CaCl_570; LL37_930; Lysine_750; LL37_900; LL37_180; Lysine_240; Lysozyme_960; BSA_300; Lysozyme_120; CaCl_1260; Lysine_1080; LL37_390; Lysozyme_1020; CaCl_90; BSA_1020; Lysozyme_840; Caffeine_1200; MgCl_810; MgCl_270; Caffeine_720; CaCl_150; Lysozyme_180; CaCl_1080; Pep28_360; Lysine_990; Lysozyme_1200; MgCl_300; Caffeine_1110; CaCl_420; Caffeine_360; BSA_450; MgCl_450; Caffeine_1320; MgCl_930; BSA_1140; BSA_900; LL37_990; Lysozyme_1050; Lysozyme_510; Lysine_540; Pep28_1260; Lysozyme_930; Pep28_750; CaCl_990; LL37_660; Lysine_390; LL37_1170; Caffeine_90,colsample_bytree=0.8; learning_rate=0.2; max_depth=3; n_estimators=400; subsample=1.0,0.3333333333333333,33.33333333333333,0.25,25.0
89,PK.QL_Chip3_Chan1,XGBoost,112,Pep28_210; Caffeine_1230; Lysozyme_60; MgCl_390; Lysozyme_1110; BSA_270; CaCl_1260; MgCl_300; Lysozyme_90; CaCl_120; LL37_660; Lysozyme_600; CaCl_840; LL37_1350; Caffeine_1050; CaCl_210; Lysozyme_30; Caffeine_1140; Lysine_690; BSA_1320; LL37_540; MgCl_90; Lysozyme_750; Lysozyme_1170; CaCl_150; BSA_300; CaCl_1320; LL37_240; Caffeine_330; MgCl_870; Lysozyme_720; Lysozyme_1320; CaCl_60; CaCl_540; LL37_180; Lysine_1260; Caffeine_690; BSA_330; BSA_210; BSA_30; Lysozyme_120; CaCl_750; MgCl_1290; MgCl_1110; Caffeine_240; Lysozyme_420; Lysine_750; Caffeine_660; Lysozyme_480; Lysozyme_330; Caffeine_1200; Caffeine_1110; Caffeine_60; BSA_960; Lysine_450; CaCl_1230; CaCl_660; CaCl_900; Lysozyme_960; Caffeine_960; Caffeine_990; CaCl_360; CaCl_390; Lysozyme_450; Caffeine_270; Lysozyme_1020; LL37_60; Lysozyme_840; MgCl_930; CaCl_30; CaCl_90; Caffeine_930; BSA_600; Caffeine_570; CaCl_780; Caffeine_1350; Lysine_30; LL37_300; CaCl_810; BSA_1140; Lysine_1320; CaCl_570; CaCl_1110; Caffeine_630; Lysine_240; LL37_1020; Caffeine_1020; Pep28_1320; LL37_420; CaCl_690; Lysine_210; BSA_1290; MgCl_1170; Lysozyme_1200; CaCl_270; LL37_150; Lysozyme_810; BSA_1230; CaCl_990; Lysine_1350; LL37_1110; MgCl_420; BSA_420; CaCl_930; BSA_120; LL37_630; Lysine_600; Lysozyme_930; MgCl_750; MgCl_720; Pep28_990; BSA_930,colsample_bytree=0.8; learning_rate=0.1; max_depth=3; n_estimators=400; subsample=0.8,0.9444444444444444,94.44444444444444,0.4857142857142857,48.57142857142857
90,PK.QL_Chip3_Chan2,XGBoost,50,Lysine_840; Caffeine_1230; CaCl_630; Caffeine_900; Lysine_1260; Lysozyme_60; Lysine_690; Lysozyme_750; LL37_1320; MgCl_90; Pep28_210; Lysozyme_1170; Lysozyme_30; MgCl_300; Lysozyme_720; Lysozyme_90; CaCl_540; CaCl_900; Lysozyme_210; CaCl_120; BSA_1230; Caffeine_1140; CaCl_1320; BSA_30; Lysozyme_660; CaCl_840; BSA_270; BSA_990; CaCl_150; LL37_240; Lysozyme_240; Caffeine_990; Lysozyme_1020; BSA_150; CaCl_30; LL37_1350; LL37_1020; LL37_660; Lysozyme_1320; LL37_810; Lysine_870; Caffeine_930; Caffeine_720; CaCl_930; Lysozyme_480; Caffeine_660; BSA_210; Caffeine_1350; LL37_60; LL37_540,colsample_bytree=0.8; learning_rate=0.1; max_depth=3; n_estimators=400; subsample=0.8,0.0,0.0,0.0,0.0
91,PK.QL_Chip3_Chan3,XGBoost,78,CaCl_1320; Pep28_210; Pep28_330; Lysozyme_60; LL37_1350; Lysine_690; MgCl_90; Caffeine_1230; CaCl_840; Lysozyme_30; Lysozyme_720; Lysozyme_1170; LL37_1080; CaCl_120; Lysozyme_330; CaCl_210; Caffeine_930; BSA_30; Lysozyme_750; BSA_1230; LL37_540; CaCl_900; Caffeine_750; CaCl_750; Caffeine_1140; Pep28_30; MgCl_300; Lysozyme_180; Lysozyme_1320; Lysozyme_960; MgCl_420; Caffeine_990; MgCl_270; CaCl_540; Caffeine_690; Caffeine_330; Lysozyme_120; Lysozyme_1020; BSA_1320; LL37_1110; Caffeine_60; CaCl_930; Lysozyme_1110; Caffeine_660; Caffeine_1080; Lysozyme_480; BSA_960; Lysozyme_90; Caffeine_570; CaCl_1260; Lysozyme_840; BSA_420; CaCl_150; Lysine_210; Lysine_750; CaCl_30; Caffeine_270; Lysine_600; Lysozyme_660; BSA_210; Lysine_240; CaCl_180; BSA_270; LL37_300; CaCl_780; MgCl_360; CaCl_60; LL37_1020; BSA_1080; MgCl_870; BSA_300; LL37_600; Lysine_420; Caffeine_30; Lysine_1350; CaCl_90; Caffeine_1110; LL37_240,colsample_bytree=0.8; learning_rate=0.2; max_depth=3; n_estimators=400; subsample=0.8,0.7222222222222222,72.22222222222221,0.4193548387096774,41.93548387096774
92,PK.QL_Chip3_Chan4,XGBoost,54,Pep28_210; MgCl_390; Caffeine_1230; LL37_1350; CaCl_840; Lysine_930; Lysozyme_60; Lysozyme_30; Lysozyme_330; Lysine_690; Lysozyme_1170; Lysine_1260; BSA_1110; Lysozyme_1320; Caffeine_210; Lysozyme_750; Caffeine_420; MgCl_90; Lysine_870; CaCl_1260; Lysozyme_720; CaCl_540; LL37_810; LL37_1110; Caffeine_270; CaCl_210; Caffeine_1140; Lysozyme_660; BSA_960; Caffeine_570; LL37_450; LL37_1020; MgCl_300; Lysozyme_450; BSA_300; CaCl_930; CaCl_30; BSA_990; CaCl_900; Pep28_1320; Lysozyme_90; BSA_570; LL37_840; BSA_330; Lysine_1020; LL37_1170; CaCl_150; Caffeine_660; Caffeine_240; LL37_540; Lysine_1080; BSA_270; Lysozyme_480; Lysozyme_930,colsample_bytree=0.8; learning_rate=0.1; max_depth=3; n_estimators=400; subsample=0.8,0.3333333333333333,33.33333333333333,0.25,25.0
93,PK.QL_Chip4_Chan1,XGBoost,102,Lysine_840; Caffeine_1050; Caffeine_480; Lysine_690; Pep28_210; Lysozyme_60; Caffeine_1230; Caffeine_1140; MgCl_390; Lysozyme_30; Lysozyme_1170; CaCl_1320; CaCl_900; CaCl_840; MgCl_1170; Caffeine_210; BSA_630; MgCl_90; Lysozyme_720; LL37_780; Lysozyme_750; LL37_1350; Lysozyme_660; Caffeine_690; LL37_840; LL37_1020; LL37_30; CaCl_420; Caffeine_1020; MgCl_1050; CaCl_810; CaCl_30; CaCl_540; Caffeine_60; BSA_270; MgCl_300; Lysine_150; Pep28_1020; BSA_450; LL37_360; Caffeine_930; Lysozyme_480; CaCl_120; Pep28_30; CaCl_60; LL37_300; Pep28_90; CaCl_750; BSA_30; Caffeine_360; Caffeine_1170; Lysozyme_600; Lysozyme_90; CaCl_330; LL37_540; Lysozyme_810; MgCl_870; Lysine_600; BSA_330; CaCl_90; BSA_300; Lysine_90; Lysine_960; Lysine_1020; CaCl_210; Caffeine_660; Lysozyme_960; LL37_900; LL37_930; Pep28_750; Lysozyme_270; CaCl_930; BSA_1230; Caffeine_570; MgCl_480; LL37_390; Lysine_1080; Lysozyme_1200; LL37_1260; Lysozyme_1020; BSA_420; CaCl_270; BSA_1110; Lysine_720; Lysine_780; BSA_210; LL37_1110; Lysozyme_240; Lysozyme_510; LL37_60; CaCl_1050; Caffeine_990; Lysine_240; Lysozyme_930; MgCl_270; Caffeine_1200; BSA_1290; CaCl_780; CaCl_1170; BSA_390; CaCl_990; Caffeine_390,colsample_bytree=0.8; learning_rate=0.2; max_depth=3; n_estimators=400; subsample=0.8,1.0,100.0,1.0,100.0
94,PK.QL_Chip4_Chan2,XGBoost,72,LL37_30; Pep28_210; LL37_1350; Caffeine_1230; Lysozyme_60; CaCl_930; BSA_1320; Lysozyme_750; MgCl_300; Lysozyme_660; CaCl_60; Lysozyme_1320; Lysine_690; Lysozyme_30; Lysozyme_1170; MgCl_90; Pep28_60; BSA_990; LL37_270; Caffeine_1050; CaCl_210; Lysozyme_720; CaCl_1320; Caffeine_990; CaCl_840; Lysozyme_240; Lysine_960; MgCl_60; LL37_60; BSA_30; CaCl_540; Caffeine_1140; LL37_1170; BSA_930; Pep28_480; BSA_210; BSA_270; CaCl_1260; BSA_60; Caffeine_570; Lysozyme_90; Lysozyme_420; Lysine_1260; BSA_90; BSA_1080; BSA_300; LL37_540; LL37_420; CaCl_120; Caffeine_240; MgCl_930; Caffeine_660; Lysozyme_480; Lysozyme_960; LL37_450; BSA_900; Caffeine_690; LL37_1320; BSA_150; CaCl_570; Lysozyme_450; BSA_960; Caffeine_1110; Lysine_480; CaCl_1290; LL37_690; CaCl_900; CaCl_750; BSA_1230; Caffeine_60; MgCl_390; LL37_900,colsample_bytree=1.0; learning_rate=0.2; max_depth=5; n_estimators=200; subsample=0.8,0.0555555555555555,5.55555555555555,0.0526315789473684,5.26315789473684
95,PK.QL_Chip4_Chan3,XGBoost,104,Pep28_210; Caffeine_210; Caffeine_1230; Lysine_690; MgCl_390; Lysozyme_60; Lysine_870; Lysozyme_30; MgCl_90; Lysozyme_720; BSA_30; CaCl_1320; CaCl_1260; Lysozyme_1170; CaCl_900; CaCl_60; LL37_1350; LL37_30; CaCl_840; Caffeine_1170; Lysozyme_1020; Lysozyme_1320; Lysozyme_750; Caffeine_990; LL37_900; Caffeine_330; Lysozyme_1110; Lysozyme_990; Lysozyme_660; MgCl_300; Caffeine_1140; Caffeine_300; LL37_60; MgCl_1110; MgCl_870; CaCl_210; Caffeine_1110; BSA_90; CaCl_120; Lysozyme_480; BSA_150; Caffeine_660; CaCl_30; MgCl_450; LL37_540; Lysozyme_960; Lysine_780; Lysozyme_90; CaCl_360; Lysozyme_690; MgCl_1290; CaCl_540; Pep28_360; BSA_1140; Lysozyme_240; BSA_210; LL37_240; Lysozyme_420; BSA_1020; CaCl_240; LL37_150; Lysine_390; BSA_1290; Lysozyme_120; BSA_930; BSA_390; Caffeine_60; Lysozyme_1260; LL37_930; LL37_750; Lysozyme_150; BSA_1080; Lysine_210; BSA_420; BSA_300; LL37_180; LL37_630; Lysine_240; MgCl_1140; Caffeine_1350; LL37_510; BSA_120; Lysine_1260; LL37_1200; Pep28_750; CaCl_150; Lysine_750; CaCl_990; CaCl_750; Lysine_180; CaCl_930; Caffeine_690; LL37_360; Pep28_30; LL37_1020; Caffeine_1200; Caffeine_570; Lysine_600; BSA_1110; Caffeine_120; Lysine_1230; CaCl_780; BSA_660; Pep28_150,colsample_bytree=1.0; learning_rate=0.2; max_depth=3; n_estimators=400; subsample=0.8,0.3333333333333333,33.33333333333333,0.25,25.0
96,PK.QL_Chip4_Chan4,XGBoost,116,CaCl_660; Caffeine_1230; BSA_630; Pep28_210; LL37_1350; Lysozyme_60; Caffeine_1050; MgCl_300; Lysine_930; Lysine_1260; Lysozyme_720; MgCl_390; MgCl_90; Lysozyme_750; Pep28_30; Lysozyme_300; CaCl_120; Lysozyme_30; Lysozyme_1170; Caffeine_1170; Caffeine_1020; Lysine_690; CaCl_30; CaCl_900; Lysine_750; CaCl_840; LL37_1320; MgCl_870; Lysozyme_1320; LL37_600; LL37_1260; Caffeine_60; CaCl_930; LL37_540; CaCl_1260; LL37_60; Caffeine_690; Caffeine_900; Caffeine_480; CaCl_210; LL37_660; LL37_1110; Lysozyme_1110; Lysozyme_960; Caffeine_960; CaCl_750; Caffeine_330; Caffeine_990; CaCl_540; Lysozyme_90; CaCl_1200; Lysozyme_1050; CaCl_60; BSA_450; BSA_30; Lysozyme_660; Caffeine_660; BSA_270; BSA_210; LL37_780; LL37_900; BSA_930; Lysine_240; CaCl_990; CaCl_810; LL37_1020; BSA_420; CaCl_420; Caffeine_570; BSA_1290; Lysine_720; Pep28_360; Lysozyme_510; Lysozyme_1080; Caffeine_1140; CaCl_90; Caffeine_930; MgCl_150; LL37_870; Caffeine_120; LL37_180; BSA_390; Lysine_600; LL37_150; BSA_1020; Caffeine_1320; BSA_300; Lysozyme_480; BSA_570; Lysozyme_840; BSA_90; Caffeine_360; Lysine_1290; MgCl_420; Lysozyme_930; LL37_30; BSA_960; CaCl_570; MgCl_990; CaCl_450; BSA_330; LL37_270; Lysine_150; Pep28_1290; CaCl_390; Lysine_780; CaCl_780; MgCl_270; Lysine_210; Lysozyme_810; Lysozyme_120; BSA_1140; MgCl_1320; CaCl_150; CaCl_1140; MgCl_1170,colsample_bytree=0.8; learning_rate=0.2; max_depth=3; n_estimators=400; subsample=0.8,0.8333333333333334,83.33333333333334,0.4545454545454545,45.454545454545446
97,PK.QM_Chip1_Chan1,XGBoost,81,Caffeine_210; Lysozyme_60; MgCl_390; Caffeine_1260; Lysine_690; Lysozyme_30; BSA_30; Lysozyme_1170; MgCl_90; Pep28_210; Lysozyme_660; Caffeine_990; Lysine_870; Caffeine_660; Lysozyme_720; CaCl_540; BSA_330; CaCl_900; LL37_1320; Caffeine_1320; Caffeine_1230; CaCl_90; CaCl_120; Caffeine_690; Caffeine_930; Lysozyme_750; LL37_1350; Pep28_30; BSA_960; Lysine_600; BSA_990; Lysozyme_90; CaCl_750; BSA_120; Lysozyme_960; Caffeine_1200; LL37_540; Caffeine_420; LL37_1260; Caffeine_1140; CaCl_210; Lysozyme_120; BSA_420; CaCl_60; Lysozyme_480; Lysozyme_1020; Caffeine_1020; Lysozyme_270; CaCl_1200; CaCl_840; LL37_240; Pep28_60; Lysozyme_240; MgCl_870; LL37_1020; Caffeine_60; CaCl_150; CaCl_930; Lysine_840; Lysine_270; BSA_210; BSA_1230; Lysozyme_1320; Lysozyme_570; LL37_300; Lysozyme_1200; Lysozyme_810; Caffeine_1350; Lysine_240; Caffeine_810; MgCl_750; Caffeine_1110; BSA_390; BSA_300; Lysozyme_1350; CaCl_990; LL37_480; Pep28_750; CaCl_180; BSA_450; Pep28_450,colsample_bytree=1.0; learning_rate=0.2; max_depth=3; n_estimators=400; subsample=0.8,0.5555555555555556,55.55555555555556,0.3571428571428571,35.71428571428571
98,PK.QM_Chip1_Chan2,XGBoost,114,Caffeine_1050; Lysine_840; Lysine_1260; Caffeine_1230; Caffeine_900; Lysozyme_60; Lysine_690; MgCl_90; CaCl_930; Lysozyme_1350; LL37_1350; Lysozyme_720; MgCl_360; MgCl_390; Lysozyme_750; Lysozyme_300; CaCl_210; BSA_990; Lysozyme_1170; CaCl_30; BSA_930; CaCl_120; Lysine_870; Lysozyme_30; Lysine_750; Lysozyme_1020; Lysozyme_240; CaCl_540; CaCl_1260; Lysozyme_180; LL37_60; MgCl_300; LL37_1020; Lysozyme_1320; BSA_30; Caffeine_990; Lysozyme_480; Lysozyme_960; MgCl_1110; BSA_300; Caffeine_60; Pep28_210; BSA_210; BSA_90; Caffeine_660; Lysozyme_90; CaCl_300; CaCl_1350; LL37_540; Caffeine_1020; LL37_300; Lysozyme_660; LL37_150; Pep28_360; BSA_1170; LL37_900; Lysine_210; Pep28_330; Lysozyme_1080; BSA_1290; Lysine_1170; Lysine_780; CaCl_840; Lysine_900; Caffeine_1140; Caffeine_1200; LL37_1290; MgCl_270; BSA_1080; Caffeine_240; Caffeine_690; Lysine_1080; Caffeine_1170; BSA_420; Pep28_1020; Lysozyme_1200; MgCl_30; CaCl_150; CaCl_750; MgCl_420; LL37_120; Lysine_1020; Lysozyme_630; Lysine_120; Pep28_30; Lysozyme_420; Lysine_30; LL37_180; Caffeine_1110; BSA_1140; LL37_30; Caffeine_330; Lysine_240; Lysozyme_120; Caffeine_930; LL37_1140; BSA_1200; Caffeine_1260; CaCl_90; LL37_270; Caffeine_360; Pep28_180; Lysine_270; Caffeine_570; LL37_840; BSA_570; BSA_1020; MgCl_870; Lysozyme_270; CaCl_990; Caffeine_510; LL37_390; LL37_930; LL37_720,colsample_bytree=1.0; learning_rate=0.2; max_depth=3; n_estimators=400; subsample=1.0,0.8888888888888888,88.88888888888889,0.4705882352941176,47.05882352941176
99,PK.QM_Chip1_Chan3,XGBoost,109,Lysine_870; BSA_480; Lysine_690; Lysine_930; MgCl_390; Caffeine_1230; Pep28_210; MgCl_300; Lysozyme_60; Caffeine_480; Lysozyme_990; CaCl_1320; BSA_270; MgCl_90; CaCl_120; Lysozyme_1170; Lysozyme_30; Caffeine_210; CaCl_1260; CaCl_900; Lysozyme_1320; Lysozyme_1110; Caffeine_60; CaCl_30; Pep28_30; BSA_930; Lysozyme_750; Pep28_990; Lysozyme_720; LL37_540; Lysine_1260; Lysozyme_90; BSA_90; Caffeine_1140; Lysozyme_480; LL37_1350; CaCl_630; CaCl_210; Lysine_1230; Caffeine_690; MgCl_870; CaCl_780; Lysine_240; LL37_1200; LL37_930; CaCl_840; CaCl_750; BSA_210; Caffeine_990; Lysozyme_660; Pep28_330; CaCl_540; CaCl_60; BSA_30; MgCl_210; BSA_450; MgCl_1260; Caffeine_570; Caffeine_660; LL37_720; Lysozyme_1200; Caffeine_240; Lysozyme_330; LL37_660; Lysozyme_240; Lysozyme_960; Lysozyme_120; CaCl_330; Caffeine_1170; Caffeine_1260; MgCl_450; Caffeine_930; Caffeine_1350; Caffeine_1200; BSA_300; Pep28_360; LL37_900; Pep28_1320; LL37_60; Lysine_750; LL37_210; BSA_1200; CaCl_90; LL37_1020; CaCl_570; CaCl_450; CaCl_810; CaCl_150; BSA_1020; Lysine_660; Caffeine_150; MgCl_1080; LL37_1050; CaCl_990; LL37_1170; BSA_420; LL37_300; LL37_1140; BSA_960; LL37_180; CaCl_1140; LL37_150; LL37_1080; MgCl_270; Lysozyme_600; Caffeine_1110; MgCl_150; Lysine_1110; BSA_1140,colsample_bytree=0.8; learning_rate=0.2; max_depth=3; n_estimators=400; subsample=1.0,0.8333333333333334,83.33333333333334,0.4545454545454545,45.454545454545446
100,PK.QM_Chip1_Chan4,XGBoost,103,Lysine_840; Lysine_900; BSA_1170; Lysine_690; Caffeine_1230; Lysozyme_60; CaCl_120; MgCl_90; Pep28_1020; Pep28_420; LL37_1350; CaCl_780; Pep28_480; LL37_450; Lysozyme_720; CaCl_30; CaCl_840; Pep28_210; Lysozyme_1170; Caffeine_690; Lysozyme_30; LL37_540; Lysozyme_90; Lysozyme_750; CaCl_540; LL37_240; Lysozyme_960; Lysozyme_1200; CaCl_690; Lysozyme_180; MgCl_300; Caffeine_1170; Caffeine_330; CaCl_210; LL37_30; Caffeine_1110; CaCl_750; Lysozyme_1320; BSA_300; Lysozyme_1110; Lysozyme_480; BSA_1080; Lysine_870; Lysine_240; Pep28_360; Caffeine_450; BSA_960; MgCl_870; Caffeine_60; Lysine_960; LL37_510; Lysine_600; Caffeine_990; CaCl_300; Caffeine_420; CaCl_60; LL37_60; Lysine_750; Caffeine_1140; Caffeine_1020; Caffeine_1200; Lysozyme_1080; MgCl_30; BSA_330; CaCl_930; Caffeine_270; CaCl_990; LL37_300; Caffeine_660; Caffeine_630; CaCl_420; LL37_900; MgCl_1290; BSA_210; LL37_1140; Caffeine_930; Lysine_1170; BSA_930; BSA_30; LL37_1020; Lysine_300; MgCl_1140; Lysine_1080; CaCl_570; Caffeine_1050; BSA_1020; Lysozyme_1020; MgCl_420; BSA_1110; CaCl_150; Lysine_1350; LL37_1170; LL37_120; MgCl_270; Lysozyme_120; Lysine_1140; MgCl_660; BSA_1140; CaCl_90; CaCl_900; Lysine_1020; Lysine_1110; Pep28_240,colsample_bytree=0.8; learning_rate=0.2; max_depth=3; n_estimators=400; subsample=0.8,0.8333333333333334,83.33333333333334,0.4545454545454545,45.454545454545446
101,PK.QM_Chip3_Chan1,XGBoost,144,Lysine_840; Lysine_690; Caffeine_480; CaCl_1320; Caffeine_1230; Caffeine_210; Lysozyme_60; Lysine_870; BSA_30; LL37_1350; Lysine_930; Lysozyme_720; Lysozyme_30; Pep28_210; Lysine_1170; Lysozyme_1170; MgCl_390; CaCl_840; LL37_1320; Caffeine_1140; MgCl_90; Caffeine_360; Lysozyme_750; Caffeine_690; Caffeine_930; CaCl_900; CaCl_780; LL37_30; CaCl_240; MgCl_630; Lysine_1260; Caffeine_1350; Lysozyme_90; Caffeine_900; Lysozyme_480; Caffeine_1020; CaCl_120; CaCl_540; CaCl_90; Lysozyme_1200; CaCl_60; BSA_480; BSA_450; LL37_960; Caffeine_990; CaCl_1170; Caffeine_1200; CaCl_150; Lysozyme_180; MgCl_870; Lysine_600; CaCl_930; LL37_1020; Lysine_240; Caffeine_1110; CaCl_750; LL37_840; LL37_330; Lysozyme_660; Caffeine_570; CaCl_1290; Caffeine_60; Caffeine_660; LL37_450; LL37_60; MgCl_360; MgCl_300; LL37_540; LL37_1200; Lysine_150; Lysozyme_960; BSA_990; CaCl_270; CaCl_210; BSA_930; CaCl_30; Lysine_720; BSA_360; Lysozyme_1020; Pep28_540; Caffeine_1320; Lysozyme_330; Lysozyme_240; BSA_90; BSA_300; CaCl_300; LL37_390; BSA_210; LL37_660; Lysine_750; Lysozyme_840; Lysine_780; Lysozyme_270; LL37_300; Pep28_180; BSA_120; CaCl_1260; Lysozyme_870; MgCl_330; LL37_1230; BSA_960; CaCl_1230; Lysozyme_930; Caffeine_1260; BSA_1290; BSA_810; CaCl_360; LL37_150; LL37_510; Lysine_1140; Pep28_1320; Caffeine_540; Caffeine_90; MgCl_1140; Lysozyme_210; CaCl_990; LL37_120; CaCl_570; Lysozyme_1080; MgCl_270; BSA_1230; Lysozyme_420; Lysine_1080; Lysozyme_1110; MgCl_420; BSA_870; LL37_1290; Lysozyme_1320; Pep28_510; LL37_1140; MgCl_690; Pep28_30; Caffeine_300; MgCl_1020; Lysine_210; LL37_180; Caffeine_510; Lysozyme_120; CaCl_810; Pep28_360; CaCl_720; Lysozyme_600; CaCl_1110; CaCl_1140,colsample_bytree=1.0; learning_rate=0.2; max_depth=3; n_estimators=400; subsample=0.8,0.1111111111111111,11.11111111111111,0.1,10.0
102,PK.QM_Chip3_Chan2,XGBoost,79,Pep28_210; Caffeine_1260; Lysine_690; MgCl_1110; Lysozyme_720; Caffeine_450; Lysozyme_60; LL37_1350; Caffeine_660; Caffeine_990; Lysozyme_1170; Lysozyme_30; Pep28_30; CaCl_1320; BSA_960; Pep28_330; CaCl_840; MgCl_870; LL37_120; Lysozyme_240; CaCl_540; BSA_30; Lysozyme_750; LL37_1080; CaCl_210; MgCl_420; Pep28_420; MgCl_90; Caffeine_570; Lysozyme_330; Caffeine_1230; Lysine_1020; Lysine_1080; Pep28_510; LL37_540; MgCl_270; Caffeine_390; Lysine_150; Lysozyme_660; CaCl_750; Lysozyme_90; CaCl_150; Caffeine_1110; LL37_60; CaCl_270; CaCl_30; LL37_1320; LL37_30; Lysine_1350; Lysine_210; CaCl_180; Lysozyme_960; Lysozyme_1320; LL37_150; BSA_210; Lysozyme_120; Lysine_660; Pep28_1110; Lysozyme_180; BSA_300; CaCl_60; CaCl_120; BSA_1080; Caffeine_330; BSA_1110; CaCl_780; CaCl_570; LL37_1020; Caffeine_60; MgCl_360; Caffeine_270; Pep28_360; MgCl_930; BSA_390; Caffeine_1200; Lysine_240; BSA_90; Caffeine_1140; CaCl_1260,colsample_bytree=1.0; learning_rate=0.2; max_depth=5; n_estimators=400; subsample=0.8,0.8333333333333334,83.33333333333334,0.4545454545454545,45.454545454545446
103,PK.QM_Chip3_Chan3,XGBoost,67,Caffeine_870; Lysozyme_660; Lysine_960; Pep28_30; Lysine_690; Lysozyme_60; LL37_1350; Lysine_870; Lysozyme_720; Caffeine_990; Lysine_750; Lysine_840; MgCl_390; BSA_330; Caffeine_660; Lysozyme_1170; Lysine_1170; Lysozyme_30; Lysozyme_750; Pep28_210; MgCl_90; LL37_780; LL37_540; CaCl_840; Caffeine_930; CaCl_690; Caffeine_60; Caffeine_1050; Lysozyme_960; Caffeine_210; Lysozyme_1020; CaCl_120; Caffeine_1230; Pep28_1020; CaCl_810; Caffeine_570; CaCl_30; CaCl_900; BSA_480; CaCl_60; LL37_30; Lysozyme_90; CaCl_540; BSA_900; Caffeine_900; Lysozyme_1110; BSA_450; Caffeine_1170; CaCl_1290; Lysozyme_120; CaCl_210; BSA_210; CaCl_150; LL37_900; Lysozyme_240; CaCl_1260; CaCl_660; MgCl_870; Caffeine_1320; Caffeine_690; Caffeine_1140; CaCl_1020; LL37_300; Lysozyme_1320; BSA_1200; BSA_1290; Pep28_330,colsample_bytree=0.8; learning_rate=0.1; max_depth=3; n_estimators=400; subsample=0.8,0.9444444444444444,94.44444444444444,0.4857142857142857,48.57142857142857
104,PK.QM_Chip3_Chan4,XGBoost,50,LL37_1350; Pep28_1020; BSA_330; Lysine_690; Pep28_210; Lysozyme_60; Lysine_870; Lysozyme_720; Caffeine_1170; MgCl_390; CaCl_900; Caffeine_1260; Lysozyme_1170; Pep28_240; Caffeine_210; Lysozyme_750; Lysozyme_30; LL37_780; MgCl_90; CaCl_210; CaCl_750; Caffeine_660; BSA_750; Caffeine_690; Caffeine_1320; Caffeine_1230; Lysine_600; MgCl_870; Lysozyme_960; Caffeine_990; Lysozyme_1020; CaCl_780; Caffeine_60; CaCl_390; CaCl_120; CaCl_840; Caffeine_1050; BSA_1230; CaCl_150; Lysine_750; CaCl_300; Caffeine_1140; LL37_1320; Lysine_1020; LL37_1020; Lysozyme_240; Lysozyme_1110; CaCl_30; Caffeine_570; BSA_1140,colsample_bytree=1.0; learning_rate=0.2; max_depth=3; n_estimators=200; subsample=0.8,0.0555555555555555,5.55555555555555,0.0526315789473684,5.26315789473684
105,PK.QM_Chip4_Chan1,XGBoost,114,Lysine_690; Pep28_210; Caffeine_1230; MgCl_90; CaCl_900; Lysozyme_60; Lysine_1260; Lysozyme_660; Lysozyme_720; Pep28_630; LL37_30; BSA_990; CaCl_720; Pep28_30; Lysine_780; BSA_270; CaCl_840; Pep28_60; Lysozyme_1320; LL37_750; Lysozyme_1170; Caffeine_1050; BSA_1230; BSA_330; Lysozyme_450; Lysozyme_750; CaCl_60; Pep28_330; Lysine_480; MgCl_300; BSA_90; Lysozyme_90; Lysozyme_30; Caffeine_240; CaCl_540; MgCl_840; LL37_870; LL37_1020; BSA_210; Caffeine_1020; MgCl_1290; CaCl_150; Caffeine_930; BSA_930; LL37_540; CaCl_120; Caffeine_1140; BSA_960; Caffeine_690; Lysozyme_960; Pep28_810; Lysozyme_240; Caffeine_1350; Lysozyme_480; CaCl_780; CaCl_810; CaCl_210; Lysine_840; MgCl_750; Lysozyme_420; Lysine_1170; CaCl_1320; BSA_630; BSA_120; CaCl_750; Caffeine_60; CaCl_1260; LL37_570; Caffeine_660; Pep28_360; Caffeine_990; CaCl_570; LL37_1200; LL37_900; Lysozyme_540; Lysine_600; BSA_1290; CaCl_90; Lysine_750; BSA_300; Caffeine_1170; Lysozyme_300; Lysozyme_120; BSA_450; Caffeine_30; BSA_420; Caffeine_570; Caffeine_1320; Lysine_660; LL37_60; Lysozyme_1200; LL37_1260; MgCl_210; Caffeine_480; Lysozyme_330; LL37_390; Caffeine_840; LL37_300; MgCl_150; CaCl_1200; CaCl_990; LL37_1320; MgCl_870; Lysine_240; Lysine_1350; LL37_510; Caffeine_1110; LL37_180; Caffeine_330; BSA_1140; Lysozyme_1110; Lysine_570; Lysine_1140; Lysine_30,colsample_bytree=0.8; learning_rate=0.2; max_depth=3; n_estimators=400; subsample=0.8,0.1111111111111111,11.11111111111111,0.1,10.0
106,PK.QM_Chip4_Chan2,XGBoost,121,Pep28_210; Caffeine_210; Caffeine_1230; BSA_270; CaCl_900; Caffeine_1050; Lysozyme_60; LL37_1350; Lysine_930; CaCl_840; Lysozyme_30; MgCl_360; CaCl_1320; Caffeine_1140; MgCl_90; Lysozyme_1170; Lysozyme_750; Lysine_870; Lysine_690; Lysozyme_1020; MgCl_870; CaCl_120; Lysozyme_720; CaCl_210; MgCl_390; Caffeine_930; LL37_1320; LL37_1200; CaCl_1260; Caffeine_1110; Caffeine_1350; CaCl_30; Caffeine_240; LL37_540; CaCl_750; Lysozyme_300; Lysozyme_1320; CaCl_150; Pep28_150; Caffeine_360; Pep28_330; MgCl_300; MgCl_1290; LL37_1020; BSA_30; Lysozyme_90; CaCl_60; MgCl_630; Caffeine_990; LL37_60; CaCl_540; CaCl_360; Caffeine_660; Lysozyme_510; Caffeine_60; Lysine_600; BSA_420; BSA_210; Lysine_240; Lysozyme_660; LL37_210; Caffeine_1170; LL37_630; MgCl_120; MgCl_60; BSA_1200; BSA_600; LL37_840; Caffeine_90; Lysozyme_120; BSA_1080; BSA_1140; Lysine_360; BSA_960; Pep28_360; LL37_780; BSA_1290; Caffeine_570; Lysozyme_1200; Lysine_210; Lysine_720; LL37_150; LL37_120; LL37_450; Lysozyme_1350; Lysozyme_1050; CaCl_810; BSA_120; Lysine_1260; CaCl_1050; Caffeine_780; LL37_300; CaCl_270; CaCl_930; LL37_390; Lysozyme_630; Lysozyme_1080; Lysine_1170; LL37_240; Caffeine_150; Caffeine_510; Caffeine_690; Caffeine_1320; CaCl_90; Lysozyme_870; Caffeine_1200; CaCl_990; Lysozyme_960; Lysine_1140; Lysine_750; BSA_90; CaCl_480; Lysine_1080; BSA_930; LL37_180; LL37_510; Lysozyme_480; CaCl_570; MgCl_420; Pep28_420; Caffeine_1020,colsample_bytree=1.0; learning_rate=0.1; max_depth=3; n_estimators=400; subsample=0.8,0.4444444444444444,44.44444444444444,0.3076923076923077,30.76923076923077
107,PK.QM_Chip4_Chan3,XGBoost,144,Lysine_840; Caffeine_480; Caffeine_1230; BSA_270; Lysine_1020; Lysine_690; Caffeine_1140; Lysozyme_60; CaCl_1320; Pep28_210; Lysozyme_30; BSA_30; Lysine_930; LL37_1350; LL37_840; BSA_1020; Lysozyme_1020; MgCl_390; CaCl_540; Caffeine_210; MgCl_90; MgCl_1170; CaCl_840; Lysozyme_750; BSA_1320; Lysozyme_1170; LL37_1320; Caffeine_690; Lysozyme_720; BSA_330; CaCl_240; BSA_450; CaCl_900; CaCl_60; Lysine_870; CaCl_90; LL37_540; Lysozyme_90; LL37_450; BSA_930; CaCl_930; Lysine_480; BSA_210; Lysine_750; MgCl_300; Caffeine_930; Caffeine_1350; Caffeine_660; Lysozyme_1200; Caffeine_1200; Lysine_1170; CaCl_120; LL37_780; MgCl_870; MgCl_690; BSA_600; Lysine_720; Lysozyme_240; Lysozyme_870; BSA_300; LL37_1020; BSA_840; Caffeine_990; Pep28_480; CaCl_150; LL37_630; LL37_690; Pep28_60; LL37_300; CaCl_30; Caffeine_1170; LL37_30; CaCl_210; Caffeine_60; MgCl_750; Caffeine_750; Lysozyme_450; Pep28_660; Caffeine_1020; BSA_570; MgCl_1140; Lysine_210; LL37_60; Lysozyme_180; Lysine_240; MgCl_270; Caffeine_1050; CaCl_750; CaCl_300; CaCl_990; CaCl_810; Lysine_60; LL37_870; Caffeine_720; LL37_960; MgCl_510; Lysine_600; LL37_1140; Caffeine_1320; Lysozyme_510; MgCl_930; CaCl_570; Lysozyme_1260; Lysozyme_120; BSA_150; BSA_1200; Caffeine_360; MgCl_600; MgCl_420; CaCl_660; Pep28_750; Lysozyme_1320; MgCl_720; CaCl_270; BSA_1110; Lysozyme_780; LL37_180; Pep28_180; Pep28_960; Lysozyme_600; Caffeine_630; Lysozyme_420; Lysozyme_1050; Caffeine_120; BSA_720; CaCl_780; MgCl_1110; LL37_900; Caffeine_810; MgCl_1200; Pep28_810; BSA_420; Lysozyme_840; LL37_1170; BSA_90; BSA_1260; Lysine_780; Caffeine_270; Lysine_1350; CaCl_1050; BSA_240; Pep28_600; Lysine_1080; Lysozyme_360,colsample_bytree=1.0; learning_rate=0.2; max_depth=5; n_estimators=400; subsample=0.8,0.3888888888888889,38.88888888888889,0.28,28.000000000000004
108,PK.QM_Chip4_Chan4,XGBoost,126,Pep28_210; Caffeine_210; Lysine_690; Lysine_870; Lysozyme_60; Caffeine_1230; Lysozyme_720; Lysozyme_1170; Lysozyme_30; CaCl_540; Lysine_930; Pep28_30; LL37_450; Caffeine_660; MgCl_90; Caffeine_720; CaCl_90; CaCl_120; Caffeine_990; BSA_1230; CaCl_900; Lysozyme_750; BSA_840; LL37_540; Caffeine_1260; LL37_30; Pep28_690; CaCl_1050; MgCl_390; BSA_330; Caffeine_810; CaCl_840; BSA_450; Lysine_510; Caffeine_570; Caffeine_1020; BSA_1140; BSA_30; CaCl_150; CaCl_750; Lysozyme_1110; BSA_1020; Caffeine_1140; Lysozyme_1200; LL37_1320; Lysozyme_330; LL37_630; CaCl_210; BSA_420; CaCl_60; Lysozyme_840; Lysozyme_1020; CaCl_600; MgCl_120; MgCl_300; LL37_1020; Lysine_780; CaCl_1170; Caffeine_1200; MgCl_930; Pep28_390; BSA_1320; CaCl_1260; Caffeine_690; Lysine_600; CaCl_30; Caffeine_1110; Pep28_120; MgCl_870; Lysozyme_480; MgCl_570; Lysozyme_1320; LL37_1170; CaCl_780; LL37_180; CaCl_300; LL37_600; Lysozyme_90; BSA_1110; BSA_390; LL37_900; MgCl_330; BSA_1290; LL37_1230; Lysine_720; Caffeine_60; BSA_510; BSA_300; Caffeine_510; Lysozyme_960; Lysine_750; BSA_900; Caffeine_1320; Caffeine_30; BSA_1260; Lysozyme_600; CaCl_990; Caffeine_300; Lysozyme_810; LL37_300; Lysine_210; Lysozyme_120; BSA_210; Caffeine_1170; Caffeine_930; BSA_60; CaCl_1020; Lysozyme_930; BSA_810; LL37_930; CaCl_270; Pep28_1320; CaCl_720; CaCl_810; Lysine_1050; BSA_1200; Lysine_1260; MgCl_1140; Lysine_240; MgCl_1110; MgCl_960; Lysozyme_1080; LL37_1050; Lysozyme_270; Lysine_1350; Caffeine_270,colsample_bytree=1.0; learning_rate=0.2; max_depth=3; n_estimators=400; subsample=0.8,0.1111111111111111,11.11111111111111,0.1,10.0
109,PR.QH_Chip1_Chan1,XGBoost,74,Pep28_210; Lysine_690; Caffeine_1230; CaCl_1260; MgCl_90; Caffeine_240; Lysozyme_60; Lysine_870; CaCl_1320; Lysozyme_660; BSA_330; Lysozyme_720; MgCl_390; Lysozyme_1170; Lysozyme_30; BSA_30; MgCl_300; CaCl_120; Lysozyme_1110; Caffeine_1140; CaCl_90; CaCl_840; LL37_1350; BSA_270; CaCl_540; Caffeine_210; Lysozyme_750; Caffeine_990; Lysine_930; LL37_540; Lysozyme_1320; BSA_990; Lysozyme_480; BSA_210; LL37_60; Lysozyme_1020; CaCl_150; CaCl_900; CaCl_780; CaCl_60; CaCl_750; Caffeine_690; CaCl_210; BSA_930; BSA_1320; Caffeine_60; Lysine_1350; CaCl_930; MgCl_870; Caffeine_930; LL37_1170; Lysozyme_1080; BSA_450; BSA_300; Lysozyme_90; Caffeine_660; LL37_1020; Lysozyme_420; LL37_510; Pep28_30; LL37_930; BSA_960; Lysine_750; Caffeine_570; Lysozyme_120; LL37_1320; Caffeine_1350; LL37_1260; Caffeine_1110; Lysine_240; Lysozyme_1200; CaCl_480; Lysine_1260; CaCl_990,colsample_bytree=1.0; learning_rate=0.1; max_depth=3; n_estimators=400; subsample=0.8,1.0,100.0,1.0,100.0
110,PR.QH_Chip1_Chan2,XGBoost,125,MgCl_390; Caffeine_1230; Lysozyme_60; BSA_1080; Lysine_690; Pep28_210; Lysozyme_660; Lysine_930; Lysozyme_1170; MgCl_90; Lysozyme_30; BSA_990; CaCl_900; Caffeine_210; BSA_30; Lysine_1260; Lysine_870; LL37_1320; Lysozyme_750; Lysozyme_720; Lysine_840; MgCl_300; CaCl_120; CaCl_1320; Lysine_600; Caffeine_60; CaCl_150; Lysozyme_480; CaCl_840; Caffeine_690; Lysozyme_1110; CaCl_210; Lysozyme_1320; CaCl_540; CaCl_1290; MgCl_870; MgCl_150; BSA_450; LL37_540; MgCl_240; MgCl_330; BSA_390; CaCl_90; BSA_720; CaCl_300; Lysozyme_90; CaCl_690; BSA_300; LL37_840; Pep28_240; Caffeine_870; Caffeine_1020; CaCl_60; LL37_450; BSA_360; CaCl_780; Caffeine_660; CaCl_180; CaCl_1260; Caffeine_990; Lysozyme_450; Lysozyme_120; Caffeine_1140; LL37_660; Lysozyme_840; Lysine_1020; Lysozyme_960; BSA_90; CaCl_1020; BSA_1290; BSA_420; MgCl_750; LL37_150; CaCl_270; LL37_1290; LL37_1020; Pep28_1320; Caffeine_1320; LL37_90; BSA_210; Lysine_780; Lysine_240; CaCl_30; Lysozyme_1200; BSA_1230; Caffeine_930; Caffeine_570; BSA_870; Caffeine_1200; BSA_270; MgCl_120; Lysine_660; Caffeine_90; Lysozyme_1020; Caffeine_1350; Lysine_1080; BSA_1140; CaCl_660; Pep28_30; MgCl_1140; Caffeine_1110; LL37_180; LL37_60; Pep28_930; Lysine_960; BSA_1200; CaCl_360; MgCl_510; Pep28_360; Caffeine_900; LL37_1350; BSA_480; CaCl_990; LL37_900; Lysozyme_240; Pep28_840; Lysine_210; Lysozyme_1080; LL37_210; Pep28_270; BSA_930; MgCl_210; MgCl_270; LL37_300; LL37_930,colsample_bytree=0.8; learning_rate=0.2; max_depth=3; n_estimators=400; subsample=0.8,1.0,100.0,1.0,100.0
111,PR.QH_Chip1_Chan3,XGBoost,128,Lysine_840; Lysine_690; Pep28_210; Caffeine_1230; Lysine_870; Lysozyme_30; Caffeine_480; Lysozyme_720; Lysozyme_60; Caffeine_1140; LL37_840; CaCl_840; Lysozyme_1170; CaCl_900; CaCl_120; Caffeine_1020; LL37_1020; Lysozyme_750; Caffeine_930; Caffeine_690; Lysozyme_660; Lysine_1020; LL37_1350; CaCl_930; CaCl_1260; BSA_30; CaCl_30; BSA_270; Caffeine_60; CaCl_540; CaCl_60; MgCl_90; MgCl_870; Caffeine_1110; CaCl_690; Lysozyme_480; Lysine_300; Lysine_1260; LL37_1290; Lysozyme_1200; MgCl_360; Lysozyme_1110; Lysine_600; CaCl_210; Lysozyme_600; LL37_720; CaCl_750; Caffeine_420; LL37_60; CaCl_150; Caffeine_270; LL37_510; Lysine_240; BSA_450; LL37_570; BSA_210; Caffeine_990; MgCl_480; Caffeine_660; Lysozyme_330; Pep28_780; MgCl_300; BSA_300; LL37_540; LL37_300; LL37_180; Lysozyme_810; Caffeine_1350; LL37_90; Lysine_750; BSA_360; Lysine_420; CaCl_270; Lysozyme_120; Pep28_360; BSA_1140; Caffeine_120; LL37_450; CaCl_180; Pep28_30; CaCl_1290; Lysozyme_960; LL37_1110; Lysozyme_90; Lysine_960; LL37_270; CaCl_990; Caffeine_810; LL37_150; CaCl_570; MgCl_270; BSA_420; MgCl_210; Lysozyme_240; Lysine_1080; Lysine_780; LL37_960; CaCl_300; LL37_660; Lysine_390; LL37_900; Caffeine_1170; BSA_600; Pep28_1020; LL37_210; BSA_120; Caffeine_1320; LL37_30; BSA_1290; Lysozyme_420; BSA_390; BSA_1230; LL37_1140; Caffeine_1290; Caffeine_900; LL37_390; LL37_990; MgCl_1140; BSA_960; BSA_990; Lysozyme_1320; MgCl_960; Lysozyme_840; CaCl_1050; Lysine_90; CaCl_780; Caffeine_1080; Lysine_720,colsample_bytree=1.0; learning_rate=0.2; max_depth=3; n_estimators=400; subsample=0.8,0.6111111111111112,61.111111111111114,0.3793103448275862,37.93103448275862
112,PR.QH_Chip1_Chan4,XGBoost,73,Pep28_210; Caffeine_1230; Lysine_690; BSA_330; Lysozyme_60; Lysozyme_720; Caffeine_930; Lysozyme_990; CaCl_900; Caffeine_450; Lysozyme_30; Pep28_990; MgCl_90; CaCl_840; Caffeine_990; Lysozyme_1170; LL37_1350; CaCl_750; CaCl_450; Caffeine_1140; Lysozyme_1320; Lysine_1260; CaCl_120; Caffeine_60; MgCl_480; CaCl_30; Lysozyme_1110; LL37_540; Lysine_360; Lysozyme_840; Lysine_750; Lysozyme_750; MgCl_1260; Lysozyme_90; CaCl_540; MgCl_300; Caffeine_690; MgCl_390; CaCl_210; LL37_90; Caffeine_330; BSA_210; CaCl_690; BSA_30; Lysozyme_480; BSA_90; CaCl_90; Caffeine_510; CaCl_570; CaCl_60; Pep28_150; Lysozyme_960; CaCl_1260; LL37_1170; CaCl_150; Lysozyme_510; BSA_300; CaCl_300; CaCl_930; Caffeine_660; Lysozyme_1200; LL37_300; Lysozyme_120; Caffeine_1320; LL37_240; BSA_150; MgCl_870; Lysine_780; CaCl_360; LL37_900; Lysozyme_1020; CaCl_990; Caffeine_960,colsample_bytree=0.8; learning_rate=0.2; max_depth=3; n_estimators=400; subsample=1.0,0.9444444444444444,94.44444444444444,0.4857142857142857,48.57142857142857
113,PR.QH_Chip3_Chan1,XGBoost,110,Pep28_210; Caffeine_210; MgCl_390; Lysine_690; Lysozyme_60; Lysozyme_660; Lysine_870; Caffeine_1230; MgCl_90; Lysine_750; MgCl_300; Lysine_930; BSA_990; Lysozyme_1020; BSA_30; Lysozyme_1170; CaCl_240; CaCl_900; LL37_1320; Lysozyme_750; Lysozyme_720; Lysozyme_30; CaCl_1260; CaCl_840; Caffeine_900; Lysine_360; CaCl_390; CaCl_120; CaCl_750; CaCl_540; BSA_90; CaCl_90; Lysozyme_1320; MgCl_870; Lysozyme_90; Caffeine_990; LL37_1020; Lysine_1260; Caffeine_1020; LL37_540; LL37_240; CaCl_150; BSA_330; CaCl_60; BSA_1020; CaCl_600; Caffeine_660; LL37_450; Lysozyme_960; Caffeine_570; Lysozyme_480; Lysine_720; CaCl_210; BSA_960; Caffeine_690; Lysozyme_630; LL37_60; BSA_210; LL37_30; BSA_420; BSA_930; CaCl_30; LL37_1350; BSA_450; Lysine_1020; Lysine_1080; Caffeine_90; LL37_1080; BSA_1200; LL37_900; LL37_390; CaCl_1200; Lysine_210; Lysine_240; Caffeine_1320; Caffeine_750; Caffeine_1140; Lysozyme_1200; CaCl_990; BSA_1140; BSA_300; Lysozyme_840; BSA_720; Caffeine_720; Caffeine_1200; CaCl_930; BSA_1110; BSA_1080; Lysine_600; Lysozyme_360; Lysozyme_270; CaCl_1320; Caffeine_60; Lysine_420; CaCl_570; Pep28_30; Pep28_1320; LL37_1200; CaCl_360; CaCl_300; BSA_480; BSA_660; Lysozyme_600; Lysine_570; Lysine_780; Pep28_360; CaCl_780; Caffeine_360; Pep28_1350; BSA_240,colsample_bytree=0.8; learning_rate=0.2; max_depth=3; n_estimators=400; subsample=0.8,1.0,100.0,1.0,100.0
114,PR.QH_Chip3_Chan2,XGBoost,125,MgCl_390; Lysine_690; Caffeine_1230; CaCl_120; Lysozyme_60; BSA_330; Lysozyme_1170; Lysine_960; Lysine_930; Lysine_840; CaCl_840; LL37_1350; Lysozyme_1020; Lysozyme_30; CaCl_540; CaCl_960; Lysozyme_750; Caffeine_210; Lysozyme_660; Lysine_30; BSA_30; LL37_1320; MgCl_90; Lysine_1260; Pep28_210; CaCl_210; Lysozyme_720; Caffeine_930; MgCl_690; Caffeine_1140; LL37_480; Caffeine_690; CaCl_60; Caffeine_1260; Lysine_870; Caffeine_990; Caffeine_900; LL37_540; CaCl_150; CaCl_900; Caffeine_60; CaCl_180; Caffeine_720; LL37_1020; Lysine_60; Caffeine_1170; LL37_780; MgCl_1110; CaCl_90; BSA_210; Lysozyme_960; CaCl_1320; MgCl_360; Lysine_1080; Lysozyme_840; Caffeine_420; LL37_870; BSA_1140; Lysine_360; CaCl_930; Pep28_30; Caffeine_660; LL37_150; MgCl_1140; Lysozyme_180; Caffeine_480; Caffeine_1110; LL37_900; BSA_480; BSA_300; CaCl_270; BSA_1230; CaCl_30; LL37_450; LL37_30; Lysozyme_1200; MgCl_870; MgCl_30; Lysozyme_120; Lysine_210; BSA_720; LL37_1200; Lysine_720; Lysozyme_90; LL37_810; Lysine_750; Lysozyme_1080; LL37_600; CaCl_420; Caffeine_180; CaCl_750; CaCl_300; LL37_300; CaCl_780; MgCl_60; Pep28_90; Lysine_240; Caffeine_1200; LL37_60; Caffeine_1320; CaCl_360; Caffeine_1350; BSA_450; BSA_120; Lysozyme_480; Lysine_780; BSA_1020; BSA_930; BSA_1290; Caffeine_570; Lysine_1350; BSA_750; CaCl_990; BSA_420; LL37_930; CaCl_510; Pep28_480; Pep28_390; Caffeine_1020; CaCl_1260; MgCl_660; MgCl_420; LL37_390; Pep28_360; Lysozyme_690,colsample_bytree=1.0; learning_rate=0.1; max_depth=3; n_estimators=400; subsample=0.8,1.0,100.0,1.0,100.0
115,PR.QH_Chip3_Chan3,XGBoost,111,Lysine_690; Caffeine_210; Caffeine_1230; Lysozyme_60; Caffeine_1140; MgCl_90; Lysine_870; Lysozyme_1170; Lysozyme_990; Lysozyme_30; Lysozyme_720; Lysozyme_1110; BSA_30; Lysine_930; CaCl_750; MgCl_390; Lysine_1170; LL37_1320; Pep28_210; CaCl_780; BSA_270; CaCl_900; Lysine_900; Lysozyme_750; Caffeine_930; Lysozyme_240; CaCl_90; Pep28_510; LL37_1350; Lysozyme_90; CaCl_120; Lysozyme_1020; Caffeine_330; LL37_540; Lysozyme_1320; MgCl_300; CaCl_150; Pep28_1320; Pep28_30; Lysozyme_480; Lysine_30; Caffeine_1020; Lysine_1260; MgCl_150; Lysine_330; Caffeine_240; CaCl_840; CaCl_540; MgCl_1290; CaCl_1260; CaCl_210; BSA_330; Lysozyme_660; Caffeine_660; LL37_60; CaCl_60; Lysozyme_510; LL37_780; Caffeine_1200; Lysozyme_960; BSA_120; BSA_300; Caffeine_1110; Caffeine_690; LL37_30; Lysozyme_1200; Caffeine_630; Caffeine_60; BSA_210; BSA_450; Caffeine_570; Lysozyme_180; BSA_600; BSA_420; Pep28_60; CaCl_30; MgCl_540; BSA_180; Lysine_1080; CaCl_570; CaCl_330; Lysine_1350; BSA_240; Lysozyme_120; BSA_630; Lysine_60; BSA_1230; BSA_1290; LL37_210; Lysine_720; MgCl_30; Caffeine_1320; Lysine_210; BSA_1020; Pep28_360; BSA_1110; Caffeine_720; CaCl_360; Lysozyme_840; BSA_390; BSA_90; Lysozyme_540; CaCl_930; CaCl_990; Lysine_240; MgCl_870; LL37_1020; LL37_300; Caffeine_990; MgCl_780; Lysine_750,colsample_bytree=0.8; learning_rate=0.2; max_depth=3; n_estimators=400; subsample=0.8,1.0,100.0,1.0,100.0
116,PR.QH_Chip3_Chan4,XGBoost,113,Lysine_870; Pep28_210; Lysozyme_1110; Caffeine_360; Caffeine_1230; Caffeine_1050; Lysozyme_60; Caffeine_930; LL37_1350; CaCl_840; MgCl_390; Lysine_690; CaCl_1260; Caffeine_210; Lysozyme_30; CaCl_900; BSA_990; Lysozyme_720; Lysozyme_1170; MgCl_90; LL37_780; Pep28_330; Lysozyme_750; LL37_1200; Lysozyme_300; MgCl_300; Lysozyme_1320; Lysozyme_1020; Caffeine_690; Lysozyme_660; Lysine_1260; BSA_270; BSA_30; CaCl_60; CaCl_30; CaCl_120; Lysine_930; CaCl_150; Caffeine_1020; Lysine_600; LL37_540; BSA_210; Caffeine_240; BSA_330; CaCl_210; MgCl_690; MgCl_870; MgCl_1290; CaCl_540; Caffeine_60; Lysozyme_480; BSA_90; Lysine_960; BSA_420; Caffeine_660; CaCl_780; Lysozyme_180; BSA_930; BSA_450; LL37_60; Lysozyme_1200; Lysozyme_90; Lysozyme_960; Caffeine_990; Caffeine_1140; Caffeine_570; Lysine_750; CaCl_930; LL37_1320; Lysozyme_600; Lysozyme_120; CaCl_750; Lysine_240; Caffeine_1110; Pep28_30; Lysozyme_840; LL37_840; LL37_300; BSA_360; MgCl_360; Caffeine_1200; Caffeine_1170; MgCl_180; LL37_30; Lysine_1320; LL37_150; Caffeine_720; CaCl_1020; BSA_1140; MgCl_270; Lysozyme_450; CaCl_1320; Lysine_1080; Lysine_1170; BSA_480; Caffeine_1350; CaCl_990; CaCl_1140; Pep28_150; CaCl_90; BSA_120; MgCl_210; BSA_300; MgCl_1200; BSA_240; Lysozyme_240; LL37_1080; Pep28_300; LL37_1020; CaCl_810; BSA_1200; Caffeine_1320; Lysine_510,colsample_bytree=0.8; learning_rate=0.2; max_depth=3; n_estimators=400; subsample=0.8,0.9444444444444444,94.44444444444444,0.4857142857142857,48.57142857142857
117,PR.QH_Chip4_Chan1,XGBoost,116,Lysozyme_1110; Caffeine_210; Caffeine_1230; Lysozyme_60; MgCl_90; Lysine_690; Lysozyme_720; LL37_660; LL37_1350; Lysozyme_1170; Lysozyme_750; Lysozyme_30; Caffeine_900; Pep28_210; CaCl_120; CaCl_210; Lysozyme_600; Lysine_360; Lysine_870; CaCl_900; BSA_90; MgCl_300; Pep28_30; Lysozyme_660; CaCl_1320; CaCl_150; MgCl_390; CaCl_540; MgCl_870; Pep28_750; CaCl_840; Lysozyme_990; CaCl_30; Lysozyme_1320; BSA_30; Lysozyme_540; Caffeine_990; BSA_210; LL37_1320; Lysine_1230; BSA_270; LL37_540; CaCl_750; CaCl_1260; Pep28_90; BSA_990; Lysozyme_90; LL37_60; Caffeine_690; Caffeine_660; Lysozyme_1080; Lysozyme_480; Lysozyme_810; MgCl_570; Lysine_990; Lysozyme_1020; Lysozyme_960; Lysozyme_1200; Caffeine_1140; LL37_150; Lysine_930; MgCl_1170; Pep28_60; CaCl_60; LL37_180; Lysine_600; Lysozyme_240; Caffeine_510; CaCl_930; Caffeine_930; BSA_1200; LL37_30; Lysine_1080; BSA_1080; Caffeine_1110; Lysine_240; Lysine_960; Caffeine_360; Lysine_1350; Caffeine_1200; Caffeine_810; BSA_300; BSA_150; Lysozyme_900; CaCl_90; Lysozyme_450; Lysine_210; Caffeine_1320; Caffeine_780; BSA_420; Lysozyme_120; Lysine_1020; Pep28_180; MgCl_1230; Lysozyme_420; BSA_780; LL37_1020; BSA_1290; BSA_1140; CaCl_360; CaCl_810; Pep28_390; Lysozyme_180; Lysine_120; Pep28_360; Pep28_840; MgCl_270; LL37_270; Pep28_570; MgCl_420; Lysozyme_1050; LL37_930; CaCl_990; Lysozyme_330; CaCl_270; Caffeine_330,colsample_bytree=0.8; learning_rate=0.1; max_depth=3; n_estimators=400; subsample=0.8,1.0,100.0,1.0,100.0
118,PR.QH_Chip4_Chan2,XGBoost,108,Pep28_210; Caffeine_1230; Lysine_870; Lysozyme_30; Caffeine_300; Lysozyme_1170; Lysozyme_60; CaCl_120; CaCl_1260; Lysine_690; LL37_1350; BSA_30; Lysine_840; Caffeine_210; Lysozyme_720; CaCl_840; CaCl_900; CaCl_1230; BSA_960; Pep28_90; CaCl_210; BSA_90; Lysine_1140; CaCl_390; MgCl_300; MgCl_690; CaCl_90; Lysozyme_750; MgCl_90; Caffeine_690; Caffeine_1260; MgCl_1260; MgCl_390; Caffeine_990; CaCl_150; CaCl_540; BSA_1230; Caffeine_1140; Lysine_930; Caffeine_660; Caffeine_1200; LL37_930; LL37_540; Lysozyme_90; BSA_300; CaCl_690; CaCl_930; CaCl_780; Caffeine_900; LL37_990; LL37_510; Lysozyme_330; LL37_1320; Lysozyme_1200; BSA_270; Lysine_390; Lysozyme_240; CaCl_60; Lysozyme_1020; Caffeine_570; LL37_60; BSA_1200; Lysozyme_1320; Lysozyme_960; LL37_900; CaCl_300; Pep28_1080; MgCl_210; BSA_210; Lysine_240; Lysozyme_540; LL37_450; Lysozyme_270; LL37_300; CaCl_1320; Lysozyme_480; Lysozyme_120; Pep28_30; CaCl_570; Pep28_720; Lysine_750; Pep28_540; Lysozyme_420; Caffeine_510; Lysine_660; Lysine_1020; MgCl_270; Pep28_360; BSA_930; Caffeine_930; CaCl_30; CaCl_750; Pep28_1320; Lysine_210; CaCl_180; MgCl_60; Lysozyme_390; Caffeine_1350; LL37_30; LL37_810; Caffeine_60; CaCl_990; MgCl_870; LL37_750; CaCl_810; Pep28_480; LL37_180; CaCl_1140,colsample_bytree=1.0; learning_rate=0.2; max_depth=3; n_estimators=400; subsample=1.0,1.0,100.0,1.0,100.0
119,PR.QH_Chip4_Chan3,XGBoost,85,CaCl_1320; Caffeine_210; Pep28_210; Caffeine_1230; Lysozyme_60; Lysine_690; Lysine_870; BSA_30; MgCl_90; BSA_480; Lysine_930; Lysozyme_30; Lysozyme_1170; LL37_1320; CaCl_900; Pep28_240; Lysozyme_1020; Lysozyme_720; Pep28_540; MgCl_390; Caffeine_1260; Lysozyme_750; LL37_540; CaCl_120; Caffeine_900; CaCl_1260; CaCl_750; Caffeine_240; LL37_240; CaCl_210; Lysozyme_1320; CaCl_60; MgCl_300; CaCl_840; Lysozyme_480; Lysozyme_960; LL37_660; Caffeine_1140; CaCl_540; Lysozyme_1110; Lysozyme_90; Caffeine_690; Lysine_30; Caffeine_990; CaCl_90; LL37_150; Caffeine_60; BSA_210; LL37_900; CaCl_930; CaCl_1170; LL37_1350; CaCl_30; LL37_720; CaCl_150; BSA_1320; LL37_180; MgCl_870; Lysozyme_1080; Caffeine_330; Lysozyme_1200; Lysine_750; Caffeine_660; BSA_120; LL37_780; Lysine_1260; CaCl_300; Lysozyme_1260; BSA_90; Caffeine_1020; LL37_60; Pep28_1290; CaCl_810; Caffeine_780; BSA_1230; Lysine_1080; Lysozyme_450; Caffeine_570; LL37_750; Lysozyme_360; BSA_1140; Lysine_240; CaCl_990; BSA_900; CaCl_1140,colsample_bytree=1.0; learning_rate=0.2; max_depth=3; n_estimators=400; subsample=1.0,0.8888888888888888,88.88888888888889,0.4705882352941176,47.05882352941176
120,PR.QH_Chip4_Chan4,XGBoost,123,MgCl_390; Lysine_870; MgCl_360; Pep28_210; Caffeine_900; LL37_1350; Lysine_930; BSA_1320; Lysozyme_60; Lysozyme_30; Caffeine_420; Caffeine_930; Lysine_60; Caffeine_1230; LL37_120; CaCl_840; CaCl_780; Lysine_1140; Lysozyme_1170; Lysine_690; MgCl_90; Caffeine_1140; Caffeine_210; BSA_270; LL37_30; Lysine_960; CaCl_210; BSA_30; CaCl_1260; Lysine_240; Lysozyme_720; Lysozyme_750; LL37_540; CaCl_120; Caffeine_1170; BSA_390; Caffeine_150; Lysozyme_1320; CaCl_240; Lysozyme_1110; Caffeine_60; Lysozyme_480; CaCl_30; Lysozyme_90; BSA_750; Lysine_150; MgCl_300; Lysozyme_660; Lysine_1260; MgCl_870; Caffeine_570; Caffeine_690; CaCl_900; Pep28_1350; LL37_60; CaCl_540; Lysine_300; BSA_930; Caffeine_1020; Caffeine_660; Caffeine_720; Caffeine_1110; BSA_960; CaCl_750; Pep28_570; Caffeine_990; Caffeine_1200; Lysozyme_960; BSA_720; BSA_210; Lysozyme_420; Lysine_480; BSA_1140; Pep28_150; CaCl_60; Lysine_600; Lysozyme_1020; BSA_1230; BSA_300; Lysine_750; MgCl_120; BSA_330; BSA_90; Lysozyme_180; Pep28_750; CaCl_150; Caffeine_360; CaCl_90; BSA_420; Caffeine_510; Lysine_900; Caffeine_630; Lysine_1350; Lysozyme_1200; BSA_990; Pep28_1320; BSA_780; MgCl_690; LL37_180; CaCl_360; LL37_150; BSA_1080; Lysozyme_840; BSA_150; LL37_240; LL37_630; BSA_1290; Lysine_1080; LL37_840; Caffeine_1320; LL37_600; Caffeine_1080; Lysozyme_600; LL37_660; CaCl_990; LL37_900; Lysozyme_330; Lysozyme_240; LL37_480; BSA_240; CaCl_1320; MgCl_270; Lysine_420,colsample_bytree=0.8; learning_rate=0.2; max_depth=3; n_estimators=200; subsample=0.8,0.8888888888888888,88.88888888888889,0.4705882352941176,47.05882352941176
121,PR.QL_Chip1_Chan1,XGBoost,139,Lysine_840; Caffeine_480; Pep28_210; Lysine_690; Caffeine_1230; Caffeine_1140; Lysozyme_60; Lysine_870; Lysozyme_30; MgCl_90; Lysozyme_1170; Lysozyme_720; Pep28_30; MgCl_390; CaCl_900; Caffeine_210; Lysozyme_480; LL37_1110; Lysine_960; LL37_1320; Caffeine_690; LL37_1050; CaCl_1320; LL37_450; CaCl_540; Lysozyme_750; Lysozyme_660; BSA_30; CaCl_150; CaCl_840; Caffeine_660; Lysine_1170; LL37_840; CaCl_120; Lysozyme_1110; Lysine_600; LL37_900; Lysozyme_960; Lysine_480; Caffeine_1260; Lysozyme_1020; LL37_1350; CaCl_1260; Lysine_990; Lysozyme_1200; CaCl_30; BSA_210; LL37_540; BSA_930; Pep28_990; Caffeine_60; Lysine_1260; LL37_30; Caffeine_570; MgCl_870; Caffeine_990; CaCl_210; Lysozyme_120; Pep28_1320; CaCl_60; Caffeine_360; Caffeine_1020; CaCl_750; BSA_120; LL37_750; Lysozyme_90; Lysozyme_510; MgCl_300; CaCl_1230; LL37_210; MgCl_930; BSA_300; BSA_600; BSA_90; Caffeine_780; BSA_1230; Lysine_240; BSA_420; Lysine_1200; BSA_450; BSA_1140; Lysozyme_600; CaCl_990; Caffeine_1110; LL37_60; CaCl_390; LL37_1020; Lysine_780; Caffeine_930; MgCl_1290; LL37_630; Caffeine_1200; LL37_150; Pep28_1020; BSA_720; CaCl_720; BSA_1020; Lysozyme_630; CaCl_930; Lysozyme_240; CaCl_90; BSA_570; LL37_300; Pep28_1350; Caffeine_270; CaCl_570; MgCl_420; LL37_180; Lysine_180; Lysine_720; Lysozyme_1320; MgCl_270; Lysozyme_1080; Lysine_30; LL37_240; Pep28_120; Caffeine_1320; Lysine_750; Lysine_90; MgCl_630; LL37_960; Lysine_1320; CaCl_1290; MgCl_840; CaCl_660; LL37_390; BSA_1350; BSA_990; Lysozyme_810; CaCl_300; CaCl_780; Caffeine_1170; BSA_240; Lysine_1140; Lysozyme_690; LL37_600; Caffeine_630; BSA_150; Caffeine_870,colsample_bytree=1.0; learning_rate=0.2; max_depth=3; n_estimators=400; subsample=0.8,1.0,100.0,1.0,100.0
122,PR.QL_Chip1_Chan2,XGBoost,83,Lysozyme_60; Caffeine_1230; Lysine_1260; Pep28_210; MgCl_90; LL37_270; BSA_30; Lysozyme_1110; Caffeine_900; Lysine_930; LL37_1350; Lysozyme_720; Caffeine_720; Lysozyme_660; Lysozyme_30; Caffeine_60; CaCl_780; Lysozyme_750; MgCl_390; Lysine_690; Caffeine_1020; Lysine_870; CaCl_90; CaCl_120; Lysozyme_1170; MgCl_300; CaCl_840; BSA_960; Caffeine_210; LL37_540; Lysozyme_330; LL37_840; Lysozyme_1320; Caffeine_420; CaCl_390; Caffeine_690; MgCl_360; Lysozyme_1020; Lysozyme_180; LL37_240; CaCl_1260; Lysine_60; CaCl_540; Lysozyme_90; LL37_780; CaCl_750; BSA_990; CaCl_600; Lysine_210; Caffeine_990; BSA_210; Caffeine_1200; BSA_420; CaCl_150; CaCl_1200; Lysozyme_480; CaCl_210; Lysozyme_840; Caffeine_930; CaCl_1320; MgCl_870; CaCl_900; BSA_300; Lysozyme_960; CaCl_30; CaCl_270; Lysozyme_690; CaCl_930; CaCl_810; CaCl_60; Caffeine_660; Lysine_1050; Lysozyme_510; CaCl_570; Lysozyme_240; BSA_1080; Lysozyme_120; Lysine_1140; LL37_900; Lysozyme_1080; CaCl_990; LL37_60; Pep28_30,colsample_bytree=0.8; learning_rate=0.2; max_depth=3; n_estimators=400; subsample=0.8,1.0,100.0,1.0,100.0
123,PR.QL_Chip1_Chan3,XGBoost,106,MgCl_390; Lysozyme_660; Caffeine_210; Caffeine_1230; Lysine_870; LL37_1350; Lysozyme_60; Caffeine_930; Pep28_210; CaCl_780; CaCl_1290; MgCl_90; CaCl_840; Lysozyme_720; Lysine_690; BSA_270; MgCl_300; Lysozyme_30; Lysozyme_1170; Lysozyme_450; BSA_30; LL37_30; Lysozyme_750; CaCl_900; CaCl_90; LL37_1020; CaCl_540; Lysozyme_1320; BSA_210; BSA_990; Caffeine_1170; Caffeine_1350; Lysine_1260; Lysine_930; LL37_600; CaCl_60; Caffeine_1140; CaCl_150; CaCl_810; Lysozyme_1020; Caffeine_990; CaCl_120; CaCl_750; Lysozyme_960; CaCl_300; LL37_540; Caffeine_1020; CaCl_210; Lysine_780; BSA_1140; CaCl_1260; LL37_210; Caffeine_660; BSA_930; Lysozyme_480; LL37_150; BSA_1230; BSA_90; Caffeine_1080; Caffeine_1200; Caffeine_570; LL37_180; CaCl_30; Lysozyme_90; MgCl_870; Lysozyme_810; BSA_1200; BSA_450; BSA_300; LL37_300; LL37_450; BSA_870; LL37_60; Caffeine_420; Pep28_750; BSA_420; CaCl_330; CaCl_570; BSA_600; Lysozyme_240; BSA_1290; LL37_1320; Lysine_240; Lysine_1230; Caffeine_870; Lysozyme_600; Lysozyme_1080; Caffeine_960; Lysozyme_1200; Lysine_720; MgCl_360; Pep28_570; MgCl_120; CaCl_240; LL37_900; MgCl_180; MgCl_270; CaCl_990; Lysine_60; Caffeine_60; Lysine_480; MgCl_750; Lysozyme_360; CaCl_690; Lysine_1110; BSA_150,colsample_bytree=0.8; learning_rate=0.1; max_depth=5; n_estimators=400; subsample=0.8,1.0,100.0,1.0,100.0
124,PR.QL_Chip1_Chan4,XGBoost,148,Lysine_870; MgCl_390; LL37_1350; Caffeine_210; Caffeine_1230; Pep28_210; Lysine_930; Lysozyme_60; MgCl_90; Caffeine_420; BSA_900; CaCl_120; BSA_1320; CaCl_630; Lysine_690; CaCl_1260; CaCl_540; Pep28_30; LL37_450; Lysozyme_720; Lysine_1170; Lysozyme_240; Lysozyme_750; CaCl_840; Pep28_1290; Lysozyme_1320; Lysine_60; Lysozyme_1170; Lysozyme_30; Lysozyme_90; Caffeine_60; MgCl_300; CaCl_210; LL37_540; CaCl_900; BSA_270; MgCl_870; Lysine_1260; BSA_30; Pep28_690; LL37_120; LL37_30; CaCl_780; Caffeine_1020; Lysozyme_1020; LL37_60; CaCl_60; Lysozyme_660; Lysozyme_480; LL37_1020; CaCl_750; CaCl_1230; Caffeine_660; BSA_150; Caffeine_930; MgCl_930; Lysozyme_330; Lysozyme_960; Caffeine_690; BSA_300; LL37_180; BSA_210; CaCl_30; BSA_720; Lysozyme_1200; MgCl_360; Caffeine_1140; Pep28_390; CaCl_90; LL37_150; CaCl_930; Caffeine_990; BSA_240; BSA_1230; BSA_960; BSA_450; BSA_120; Lysine_240; Lysine_180; CaCl_990; Caffeine_570; CaCl_570; Caffeine_1170; LL37_1170; Lysine_750; LL37_210; LL37_930; Lysine_780; BSA_1350; Lysine_480; BSA_180; LL37_900; BSA_1140; Lysozyme_630; Pep28_360; Lysine_210; BSA_1290; BSA_930; Caffeine_810; BSA_420; BSA_840; Caffeine_1320; MgCl_630; BSA_1020; BSA_1080; Caffeine_630; CaCl_150; Caffeine_1200; Lysozyme_1080; Lysozyme_870; Pep28_750; Caffeine_360; BSA_90; Lysine_1080; LL37_300; LL37_240; Caffeine_780; Lysozyme_1110; Pep28_1320; MgCl_270; Caffeine_1350; Lysine_360; MgCl_420; Caffeine_540; Caffeine_390; Caffeine_180; LL37_870; Caffeine_510; MgCl_30; CaCl_810; CaCl_1110; CaCl_240; Lysozyme_120; LL37_1080; Pep28_150; MgCl_960; BSA_1200; CaCl_390; Pep28_780; Lysine_660; Pep28_1230; MgCl_540; CaCl_300; Lysine_1350; LL37_600; Caffeine_1110; MgCl_480; Pep28_180,colsample_bytree=0.8; learning_rate=0.2; max_depth=3; n_estimators=400; subsample=0.8,1.0,100.0,1.0,100.0
125,PR.QL_Chip3_Chan1,XGBoost,137,Caffeine_1050; Lysine_840; Caffeine_210; Pep28_210; MgCl_390; Caffeine_450; Lysozyme_60; BSA_1230; LL37_1350; CaCl_120; LL37_30; LL37_870; Lysine_690; Caffeine_1230; MgCl_90; BSA_630; Pep28_1230; Lysozyme_720; Lysozyme_660; CaCl_750; Pep28_540; Lysozyme_1170; Lysozyme_30; Caffeine_930; CaCl_1080; CaCl_690; CaCl_900; Lysozyme_750; Lysine_930; Caffeine_1170; LL37_1320; Lysozyme_1020; CaCl_1320; CaCl_1200; Lysozyme_480; Lysine_1170; Lysozyme_330; Lysozyme_1320; LL37_780; CaCl_780; LL37_540; CaCl_30; CaCl_540; MgCl_300; Caffeine_60; Lysozyme_300; CaCl_840; Lysozyme_1110; BSA_270; CaCl_60; MgCl_690; CaCl_210; CaCl_930; BSA_420; Caffeine_690; LL37_900; CaCl_570; BSA_30; Caffeine_1020; Caffeine_990; Lysozyme_90; Lysozyme_960; Lysozyme_1200; Pep28_1320; Lysozyme_180; CaCl_390; Lysine_750; LL37_1050; Lysine_450; LL37_60; Pep28_360; MgCl_870; Lysozyme_510; Lysozyme_120; CaCl_300; Pep28_870; Lysozyme_390; BSA_600; CaCl_150; Pep28_120; Caffeine_1140; Pep28_30; Caffeine_660; Caffeine_330; LL37_1020; Lysine_60; CaCl_90; LL37_510; BSA_1080; BSA_1020; LL37_1260; LL37_240; Lysine_990; BSA_960; Lysine_210; Lysine_390; LL37_1170; Lysozyme_840; Caffeine_750; BSA_300; BSA_750; Lysine_1260; LL37_1080; Lysine_240; LL37_300; Lysine_1080; LL37_180; CaCl_1290; LL37_600; BSA_210; LL37_120; LL37_960; CaCl_810; MgCl_420; Lysine_1230; CaCl_1260; Lysozyme_420; BSA_690; Lysozyme_600; MgCl_210; LL37_390; Lysozyme_930; Pep28_330; BSA_1350; Lysine_600; Caffeine_570; CaCl_990; Lysine_150; Caffeine_630; BSA_240; BSA_1140; Lysine_960; Lysine_1050; Caffeine_900; Lysine_720; BSA_1110; Lysine_480,colsample_bytree=0.8; learning_rate=0.2; max_depth=3; n_estimators=400; subsample=0.8,0.8888888888888888,88.88888888888889,0.4705882352941176,47.05882352941176
126,PR.QL_Chip3_Chan2,XGBoost,107,Lysine_690; Pep28_210; Caffeine_210; Lysozyme_660; Caffeine_1230; Lysozyme_60; LL37_1350; Lysine_870; Lysozyme_720; MgCl_90; Lysozyme_330; Lysozyme_30; Caffeine_900; CaCl_120; MgCl_390; BSA_960; CaCl_840; Caffeine_240; Lysozyme_1170; Pep28_540; Lysine_1260; Lysozyme_1110; Lysozyme_480; Lysozyme_750; Caffeine_750; CaCl_210; CaCl_750; LL37_540; CaCl_900; MgCl_300; CaCl_780; Caffeine_1140; Pep28_60; Caffeine_1020; Lysine_930; Lysozyme_1020; CaCl_30; Lysozyme_1320; CaCl_1260; Caffeine_870; LL37_270; Lysozyme_90; Lysozyme_960; CaCl_60; Pep28_1020; Lysozyme_510; Caffeine_990; BSA_1230; Lysine_1350; CaCl_150; Caffeine_690; Lysine_180; Caffeine_930; Pep28_390; BSA_420; CaCl_90; MgCl_870; CaCl_1200; CaCl_390; BSA_30; MgCl_1290; Caffeine_660; LL37_780; CaCl_930; Lysozyme_420; LL37_60; BSA_300; MgCl_1200; Caffeine_1080; LL37_30; LL37_150; Caffeine_150; Lysozyme_180; CaCl_990; LL37_1320; BSA_210; Caffeine_90; Caffeine_60; Caffeine_1200; LL37_900; Lysine_960; BSA_90; Lysozyme_840; Lysozyme_240; LL37_360; CaCl_540; LL37_480; MgCl_1170; Caffeine_270; Caffeine_1170; Lysine_780; LL37_840; LL37_1050; Lysozyme_600; Lysozyme_1080; Caffeine_1110; Lysozyme_1200; BSA_930; CaCl_1230; MgCl_990; LL37_870; LL37_1020; LL37_120; CaCl_570; LL37_300; MgCl_1140; LL37_450,colsample_bytree=1.0; learning_rate=0.2; max_depth=3; n_estimators=400; subsample=0.8,1.0,100.0,1.0,100.0
127,PR.QL_Chip3_Chan3,XGBoost,142,Caffeine_1230; Caffeine_210; Lysine_870; Lysozyme_60; Lysozyme_30; Pep28_210; MgCl_390; LL37_1350; Lysine_930; Lysozyme_720; MgCl_300; Caffeine_420; CaCl_840; MgCl_90; Lysine_1260; Lysine_690; Pep28_540; BSA_270; Lysozyme_750; Lysozyme_300; CaCl_780; Lysozyme_1170; CaCl_1260; LL37_1320; BSA_90; Lysozyme_600; CaCl_120; Lysozyme_1320; Caffeine_720; CaCl_810; Lysozyme_1020; Caffeine_1020; CaCl_30; Caffeine_690; LL37_300; LL37_240; BSA_330; Lysozyme_90; CaCl_150; Lysozyme_660; Lysine_240; Caffeine_930; LL37_540; Lysozyme_960; LL37_780; BSA_420; LL37_660; Lysozyme_1110; CaCl_540; CaCl_930; Lysozyme_1200; Caffeine_60; LL37_900; Caffeine_900; Caffeine_1140; CaCl_210; MgCl_870; CaCl_750; Caffeine_990; Lysozyme_480; Caffeine_660; BSA_210; LL37_1020; Lysozyme_120; CaCl_900; LL37_60; CaCl_570; LL37_480; LL37_1080; Pep28_330; BSA_30; BSA_300; Lysozyme_1140; Caffeine_1200; BSA_1230; Lysine_270; Lysozyme_180; BSA_1350; CaCl_90; Lysozyme_240; Lysozyme_390; LL37_510; CaCl_60; Lysine_960; Caffeine_1110; BSA_900; LL37_1140; MgCl_270; BSA_1260; Pep28_810; Caffeine_240; Pep28_360; Caffeine_1350; BSA_1140; LL37_1200; Caffeine_750; Lysine_1080; Lysine_60; Lysozyme_810; Caffeine_360; Pep28_30; Lysozyme_840; CaCl_360; MgCl_1140; MgCl_840; Pep28_300; LL37_30; Caffeine_150; Lysine_780; CaCl_270; LL37_720; BSA_930; LL37_210; CaCl_990; BSA_1020; CaCl_690; Lysine_210; Lysine_1200; Lysozyme_870; CaCl_1320; Caffeine_1320; Caffeine_570; LL37_600; MgCl_420; BSA_990; LL37_150; CaCl_1200; LL37_1110; Pep28_960; BSA_240; Pep28_480; Lysine_660; Lysozyme_1350; BSA_1110; LL37_360; BSA_1290; LL37_750; CaCl_960; Caffeine_270; MgCl_210; Pep28_1320; LL37_840,colsample_bytree=0.8; learning_rate=0.2; max_depth=3; n_estimators=400; subsample=0.8,1.0,100.0,1.0,100.0
128,PR.QL_Chip3_Chan4,XGBoost,85,Lysine_870; MgCl_390; Lysine_690; Caffeine_1230; MgCl_90; Lysine_600; Lysine_90; Lysozyme_60; Lysine_930; LL37_960; Lysozyme_720; Caffeine_420; CaCl_840; CaCl_690; Lysozyme_1110; Lysozyme_510; LL37_120; Pep28_210; MgCl_300; Lysine_960; BSA_960; Caffeine_1110; LL37_450; Caffeine_990; CaCl_780; Lysozyme_1170; LL37_1350; Lysozyme_30; Lysozyme_300; CaCl_540; CaCl_120; Lysozyme_750; CaCl_30; CaCl_750; Lysine_1260; Caffeine_210; LL37_540; MgCl_870; Lysine_60; Lysozyme_1020; CaCl_300; Pep28_120; Lysozyme_1320; BSA_1110; CaCl_150; BSA_480; Caffeine_1020; CaCl_60; Caffeine_690; Lysozyme_480; BSA_990; Lysozyme_660; Lysozyme_90; BSA_420; Lysine_210; LL37_240; LL37_780; CaCl_660; CaCl_210; BSA_150; Lysozyme_1200; Caffeine_60; LL37_630; Caffeine_1140; Caffeine_330; LL37_30; Lysozyme_840; Caffeine_720; BSA_330; Lysozyme_960; BSA_30; LL37_60; Caffeine_360; Lysine_450; LL37_1320; Lysozyme_270; LL37_900; CaCl_1320; Lysozyme_930; Caffeine_570; BSA_300; Caffeine_660; CaCl_1260; Lysozyme_120; BSA_210,colsample_bytree=0.8; learning_rate=0.1; max_depth=3; n_estimators=400; subsample=0.8,0.8888888888888888,88.88888888888889,0.4705882352941176,47.05882352941176
129,PR.QL_Chip4_Chan1,XGBoost,108,Pep28_210; CaCl_900; LL37_1350; Lysozyme_60; MgCl_390; Caffeine_1230; Lysine_870; Lysozyme_30; CaCl_1320; Lysozyme_660; MgCl_90; Lysozyme_1260; Lysine_690; Lysozyme_1170; MgCl_300; Caffeine_1140; Caffeine_210; CaCl_120; Lysozyme_720; Lysozyme_750; Lysozyme_1110; MgCl_870; CaCl_840; Pep28_60; BSA_90; BSA_150; BSA_990; BSA_1230; LL37_540; Lysozyme_480; Caffeine_990; CaCl_1260; Caffeine_930; BSA_210; Lysozyme_1020; CaCl_210; Pep28_30; Caffeine_720; Caffeine_60; Lysozyme_1320; BSA_30; CaCl_30; Lysozyme_90; BSA_270; CaCl_540; Caffeine_660; MgCl_690; LL37_240; Lysine_240; LL37_450; Caffeine_690; Caffeine_150; CaCl_660; Lysine_600; CaCl_750; Pep28_1260; BSA_960; MgCl_120; Caffeine_1110; LL37_930; Caffeine_510; Caffeine_1290; Pep28_330; Lysozyme_450; BSA_930; LL37_30; LL37_270; Caffeine_1050; BSA_420; Lysine_1260; Caffeine_570; BSA_300; CaCl_780; Pep28_360; CaCl_90; Lysozyme_510; CaCl_60; CaCl_300; BSA_450; Lysozyme_390; Caffeine_900; Caffeine_1200; LL37_60; Lysozyme_840; MgCl_330; Lysozyme_960; Lysine_60; Pep28_750; Lysozyme_120; Lysozyme_930; MgCl_480; MgCl_420; Lysozyme_1200; CaCl_990; Lysozyme_240; Lysine_780; Pep28_1320; CaCl_570; LL37_360; MgCl_1140; CaCl_270; Caffeine_1170; Lysozyme_810; BSA_570; Pep28_1200; BSA_600; Lysine_750; Caffeine_90,colsample_bytree=0.8; learning_rate=0.2; max_depth=3; n_estimators=400; subsample=0.8,1.0,100.0,1.0,100.0
130,PR.QL_Chip4_Chan2,XGBoost,97,Lysine_870; Pep28_210; Caffeine_1230; Lysozyme_60; BSA_270; MgCl_90; Lysozyme_1170; Lysine_1260; Lysozyme_990; Lysine_690; Lysozyme_720; Lysine_930; CaCl_900; LL37_1350; BSA_30; Caffeine_210; Lysine_600; Lysozyme_1320; Caffeine_930; MgCl_1110; MgCl_300; LL37_1320; Lysozyme_450; MgCl_390; LL37_480; Lysozyme_660; Pep28_30; CaCl_540; Lysozyme_750; CaCl_840; CaCl_150; CaCl_60; Lysozyme_90; Caffeine_990; Caffeine_1140; MgCl_360; LL37_780; CaCl_120; BSA_120; BSA_330; Caffeine_1050; Caffeine_1350; LL37_1020; CaCl_1260; Lysozyme_480; MgCl_480; LL37_1080; Lysozyme_30; CaCl_210; Caffeine_1020; CaCl_90; LL37_540; MgCl_990; Caffeine_1170; Caffeine_660; Caffeine_60; MgCl_870; Lysozyme_960; BSA_450; LL37_60; CaCl_930; Lysozyme_630; Lysozyme_930; Lysozyme_1020; CaCl_750; BSA_1350; Lysine_1110; BSA_720; BSA_210; MgCl_510; Lysozyme_1200; Lysozyme_420; Caffeine_690; Pep28_480; CaCl_30; Lysine_1290; LL37_450; Caffeine_570; Lysine_1020; MgCl_120; Lysine_30; Lysozyme_270; Caffeine_1110; LL37_900; Lysine_960; Caffeine_510; BSA_600; MgCl_270; BSA_180; BSA_960; BSA_300; LL37_180; BSA_1230; Lysine_1080; BSA_420; Caffeine_810; CaCl_570,colsample_bytree=1.0; learning_rate=0.2; max_depth=3; n_estimators=400; subsample=1.0,0.4444444444444444,44.44444444444444,0.3076923076923077,30.76923076923077
131,PR.QL_Chip4_Chan3,XGBoost,125,Lysozyme_60; Lysine_690; Lysine_870; MgCl_90; Caffeine_1230; Lysozyme_1170; Lysozyme_1110; Lysozyme_30; BSA_270; BSA_30; Lysine_930; LL37_660; CaCl_1260; MgCl_390; Caffeine_210; Lysozyme_720; Pep28_210; Lysozyme_750; CaCl_120; Caffeine_1020; CaCl_900; Lysine_90; CaCl_840; Caffeine_930; CaCl_90; MgCl_300; BSA_1230; Lysozyme_1320; Lysozyme_1020; Lysozyme_90; Caffeine_570; Lysine_1260; CaCl_930; CaCl_150; Lysozyme_480; LL37_1350; Caffeine_690; Caffeine_660; LL37_540; MgCl_1170; BSA_210; CaCl_60; Lysozyme_810; MgCl_330; CaCl_540; MgCl_870; LL37_600; Lysozyme_420; LL37_30; Caffeine_1140; MgCl_180; CaCl_750; LL37_1020; Lysine_1080; LL37_150; Lysine_210; LL37_630; Lysine_30; BSA_420; BSA_390; Caffeine_60; CaCl_210; Pep28_30; LL37_60; CaCl_780; Caffeine_990; Caffeine_1200; LL37_1080; Pep28_60; BSA_300; Lysozyme_960; Pep28_750; Pep28_1320; CaCl_30; Lysozyme_660; MgCl_210; LL37_1320; BSA_1290; BSA_1200; Lysozyme_240; Caffeine_90; BSA_450; LL37_180; Lysozyme_630; CaCl_1290; MgCl_420; BSA_90; LL37_810; Lysine_780; Pep28_360; BSA_750; Lysozyme_1050; Caffeine_720; MgCl_60; CaCl_300; Caffeine_510; Lysozyme_120; MgCl_360; Lysine_720; BSA_1020; CaCl_720; Caffeine_1110; Caffeine_330; CaCl_360; MgCl_750; Lysozyme_180; BSA_330; BSA_1080; Caffeine_1320; MgCl_1140; LL37_300; LL37_900; MgCl_690; MgCl_1020; LL37_1200; CaCl_810; Pep28_660; CaCl_990; CaCl_570; MgCl_1230; Lysine_240; MgCl_720; Lysozyme_1200; Lysozyme_1080; CaCl_1320,colsample_bytree=0.8; learning_rate=0.2; max_depth=3; n_estimators=400; subsample=0.8,1.0,100.0,1.0,100.0
132,PR.QL_Chip4_Chan4,XGBoost,49,Pep28_210; Caffeine_210; Lysine_690; BSA_30; Lysine_1260; Lysozyme_60; Lysozyme_660; Caffeine_1230; Lysozyme_1170; CaCl_840; CaCl_540; Lysine_930; Lysozyme_30; MgCl_90; Lysine_870; CaCl_810; Caffeine_930; MgCl_390; Lysozyme_750; Lysozyme_720; CaCl_900; MgCl_870; MgCl_300; CaCl_60; LL37_1020; CaCl_150; Lysozyme_990; Lysozyme_1320; CaCl_120; CaCl_210; Caffeine_1020; Lysozyme_480; CaCl_240; CaCl_780; Lysozyme_90; Lysine_720; BSA_210; Caffeine_660; Caffeine_900; LL37_540; Lysozyme_120; LL37_900; Lysozyme_1020; LL37_1320; CaCl_1260; Lysozyme_630; Lysine_240; CaCl_90; BSA_60,colsample_bytree=0.8; learning_rate=0.1; max_depth=7; n_estimators=400; subsample=0.8,1.0,100.0,1.0,100.0
133,PR.QM_Chip1_Chan1,XGBoost,121,Lysine_870; Caffeine_1230; LL37_1350; Caffeine_210; MgCl_90; Lysozyme_60; Lysine_450; CaCl_540; Pep28_90; Lysozyme_1170; Lysine_690; Lysozyme_750; Lysozyme_720; Caffeine_1170; MgCl_390; BSA_1170; CaCl_840; Pep28_210; CaCl_900; LL37_450; Lysozyme_30; CaCl_30; LL37_690; Lysozyme_330; Lysine_1170; Lysozyme_1320; MgCl_300; CaCl_210; LL37_540; LL37_1020; Caffeine_990; Lysozyme_660; BSA_30; Caffeine_270; LL37_780; CaCl_930; Caffeine_1140; Lysozyme_1020; MgCl_600; Lysozyme_960; Caffeine_60; Lysine_600; CaCl_120; BSA_210; CaCl_750; Lysozyme_540; BSA_960; LL37_270; Pep28_30; BSA_690; Caffeine_1020; CaCl_660; Caffeine_360; Caffeine_690; LL37_60; Lysozyme_510; CaCl_1080; MgCl_960; Lysine_210; MgCl_360; CaCl_450; Caffeine_120; Lysozyme_840; BSA_330; Caffeine_90; Lysozyme_480; Lysozyme_1200; BSA_300; Pep28_1200; Lysozyme_90; LL37_150; Caffeine_750; CaCl_1320; Lysozyme_120; Lysine_30; CaCl_570; Lysozyme_420; Lysozyme_180; CaCl_60; Caffeine_330; CaCl_90; Caffeine_660; Lysozyme_240; BSA_60; Pep28_750; BSA_1290; Lysine_960; MgCl_420; MgCl_870; BSA_450; CaCl_300; BSA_420; Lysine_930; Lysine_660; LL37_900; Caffeine_1350; Caffeine_1110; BSA_1020; CaCl_150; LL37_180; Lysine_720; LL37_390; Caffeine_1320; Lysine_240; Pep28_360; Pep28_120; Lysine_1080; LL37_90; LL37_1140; Pep28_660; Caffeine_1260; Lysine_750; MgCl_630; MgCl_1170; CaCl_390; Caffeine_570; MgCl_30; Caffeine_1200; CaCl_1140; CaCl_990; LL37_120,colsample_bytree=1.0; learning_rate=0.2; max_depth=3; n_estimators=400; subsample=0.8,1.0,100.0,1.0,100.0
134,PR.QM_Chip1_Chan2,XGBoost,125,Pep28_240; LL37_1350; Caffeine_1170; Lysozyme_60; Lysozyme_720; Caffeine_1230; Pep28_210; MgCl_90; Lysine_690; Caffeine_1140; Lysozyme_1170; MgCl_390; Lysozyme_30; CaCl_840; CaCl_690; Lysozyme_660; Lysozyme_750; Pep28_1320; Caffeine_1050; BSA_330; Lysine_360; CaCl_1170; CaCl_30; Lysozyme_1110; Caffeine_1020; CaCl_810; Lysine_960; Caffeine_210; CaCl_660; CaCl_210; CaCl_120; Lysozyme_480; BSA_960; Lysozyme_1320; Lysine_1260; LL37_1020; LL37_150; CaCl_540; LL37_540; LL37_810; MgCl_300; LL37_30; LL37_780; CaCl_720; CaCl_1260; Pep28_30; Pep28_330; Lysozyme_90; CaCl_90; CaCl_300; BSA_30; MgCl_180; CaCl_630; BSA_270; LL37_450; CaCl_750; LL37_660; BSA_210; BSA_1080; CaCl_570; BSA_1290; Caffeine_660; LL37_960; Caffeine_1200; BSA_300; CaCl_150; CaCl_60; LL37_900; LL37_180; Caffeine_90; Caffeine_990; Lysozyme_960; Lysine_240; Pep28_750; LL37_600; LL37_60; CaCl_930; CaCl_1140; Lysozyme_330; BSA_450; BSA_1020; LL37_1080; CaCl_780; Lysine_750; Lysozyme_1200; CaCl_990; LL37_300; Lysine_870; MgCl_270; LL37_510; Pep28_150; LL37_210; Lysozyme_780; Lysine_720; Caffeine_570; CaCl_900; Caffeine_360; CaCl_270; Caffeine_540; Pep28_1080; Lysine_840; LL37_1140; Caffeine_1350; MgCl_870; BSA_420; Lysozyme_1080; Caffeine_60; Caffeine_300; BSA_1140; Pep28_360; Caffeine_330; Pep28_180; MgCl_210; Caffeine_1110; BSA_990; Lysine_480; LL37_1170; LL37_360; LL37_750; Lysine_1080; MgCl_1020; Lysozyme_120; Lysine_780; BSA_1200; Lysine_120,colsample_bytree=1.0; learning_rate=0.2; max_depth=7; n_estimators=400; subsample=0.8,1.0,100.0,1.0,100.0
135,PR.QM_Chip1_Chan3,XGBoost,103,Lysine_60; Lysine_360; Caffeine_450; Caffeine_1230; Lysozyme_30; Lysine_930; Lysozyme_60; Lysozyme_1170; Lysine_690; MgCl_300; Lysozyme_990; Pep28_210; MgCl_90; BSA_1230; CaCl_840; Lysozyme_1290; Lysozyme_180; Caffeine_60; BSA_150; Lysine_1260; CaCl_1260; BSA_960; Pep28_390; Pep28_1290; Lysozyme_660; Lysozyme_720; LL37_1350; Lysozyme_750; Caffeine_930; LL37_1200; LL37_780; CaCl_540; CaCl_900; Lysozyme_1320; BSA_270; LL37_540; Caffeine_990; CaCl_60; CaCl_150; Lysozyme_480; Lysine_1230; BSA_600; Caffeine_1020; CaCl_780; CaCl_30; LL37_1020; CaCl_210; BSA_450; Pep28_990; Lysozyme_90; Lysozyme_510; CaCl_120; BSA_210; LL37_1080; Lysozyme_600; MgCl_390; BSA_120; Pep28_450; LL37_90; Lysozyme_960; MgCl_420; Pep28_30; Pep28_120; BSA_30; CaCl_750; Pep28_1170; LL37_210; MgCl_870; Lysozyme_1200; CaCl_1290; MgCl_450; LL37_30; CaCl_810; CaCl_360; Caffeine_90; Lysine_750; LL37_900; MgCl_1260; Caffeine_750; BSA_1140; BSA_420; Lysine_1350; Caffeine_570; Caffeine_660; LL37_60; CaCl_990; BSA_810; Pep28_150; LL37_180; Lysine_1080; MgCl_210; LL37_1260; Caffeine_1110; Lysozyme_1020; Lysozyme_1080; Caffeine_1170; Caffeine_690; BSA_1290; CaCl_90; BSA_300; Caffeine_1350; Caffeine_1080; CaCl_930,colsample_bytree=1.0; learning_rate=0.2; max_depth=3; n_estimators=400; subsample=0.8,0.7777777777777778,77.77777777777779,0.4375,43.75
136,PR.QM_Chip1_Chan4,XGBoost,84,CaCl_1320; Lysine_840; Caffeine_480; Lysozyme_660; MgCl_390; Caffeine_210; Caffeine_1140; Caffeine_1230; Lysine_690; Lysozyme_60; Lysozyme_720; Lysozyme_30; Pep28_210; CaCl_810; BSA_390; Caffeine_690; CaCl_900; Caffeine_930; Caffeine_1050; Lysozyme_1170; MgCl_90; Lysine_1260; Lysozyme_750; LL37_1350; Lysozyme_1020; BSA_270; Pep28_750; BSA_30; MgCl_1110; Lysozyme_480; Lysozyme_90; CaCl_840; Lysozyme_240; Lysozyme_1260; CaCl_1260; Caffeine_1170; LL37_840; CaCl_210; Lysine_870; LL37_900; Lysozyme_1200; CaCl_60; Caffeine_1350; Pep28_1020; LL37_930; Caffeine_720; MgCl_540; Pep28_30; BSA_450; Caffeine_1020; CaCl_30; Caffeine_660; CaCl_540; LL37_780; BSA_330; BSA_300; Caffeine_1290; MgCl_930; CaCl_930; Lysine_240; LL37_540; MgCl_300; Caffeine_570; BSA_210; Lysine_1290; Caffeine_330; Lysine_1020; CaCl_1290; CaCl_780; Caffeine_60; LL37_60; Caffeine_1200; Caffeine_990; MgCl_870; LL37_1020; CaCl_90; LL37_1170; Caffeine_1110; CaCl_990; MgCl_1170; Lysine_750; Lysozyme_960; Lysozyme_690; LL37_30,colsample_bytree=1.0; learning_rate=0.2; max_depth=3; n_estimators=400; subsample=0.8,1.0,100.0,1.0,100.0
137,PR.QM_Chip3_Chan1,XGBoost,183,LL37_1350; BSA_1320; Lysozyme_60; MgCl_390; Lysine_690; Caffeine_1230; Lysozyme_30; Lysine_30; Lysine_1260; MgCl_90; LL37_30; CaCl_330; Pep28_210; CaCl_840; MgCl_360; Lysine_870; Caffeine_1140; MgCl_300; Lysozyme_750; Lysozyme_720; LL37_1020; Lysozyme_1320; Caffeine_1260; Caffeine_450; Lysozyme_1170; Caffeine_210; BSA_780; BSA_1080; CaCl_540; LL37_540; CaCl_210; CaCl_90; Caffeine_900; MgCl_870; CaCl_120; Lysozyme_660; CaCl_690; Lysozyme_90; BSA_30; LL37_1290; Caffeine_930; Lysine_780; BSA_270; Pep28_30; Caffeine_1110; Lysine_750; CaCl_60; CaCl_1260; BSA_90; CaCl_930; Caffeine_240; Lysozyme_480; Caffeine_660; LL37_60; Caffeine_1020; Caffeine_990; Lysozyme_1020; BSA_960; Lysine_930; LL37_870; Caffeine_60; Lysozyme_330; Lysine_1170; Lysine_240; LL37_780; CaCl_150; Pep28_300; Caffeine_480; MgCl_1290; CaCl_750; Caffeine_690; LL37_750; Caffeine_1350; BSA_210; Lysine_360; BSA_1140; LL37_180; LL37_210; CaCl_270; Lysozyme_1200; MgCl_750; LL37_150; BSA_990; MgCl_120; BSA_300; Caffeine_1170; MgCl_1140; Lysozyme_960; BSA_1290; LL37_300; Lysozyme_1110; Caffeine_360; LL37_900; CaCl_30; Pep28_330; CaCl_810; CaCl_990; MgCl_420; Lysine_840; Pep28_60; Pep28_630; Lysozyme_120; Caffeine_570; Lysine_570; CaCl_1320; Lysine_900; LL37_570; BSA_420; BSA_600; Caffeine_1320; MgCl_720; CaCl_900; Lysine_600; Pep28_360; CaCl_300; Caffeine_1200; CaCl_180; LL37_1140; CaCl_960; CaCl_360; Lysozyme_1230; BSA_240; BSA_480; Caffeine_750; LL37_510; BSA_1110; Lysozyme_840; LL37_420; Pep28_480; BSA_1200; LL37_1080; Caffeine_810; LL37_600; BSA_1020; Caffeine_1080; MgCl_630; LL37_270; BSA_1230; Lysozyme_180; CaCl_1110; Pep28_150; BSA_840; LL37_990; Caffeine_30; MgCl_330; LL37_930; LL37_450; Caffeine_510; Pep28_1320; Caffeine_330; LL37_1200; Caffeine_720; LL37_480; Caffeine_90; Lysozyme_600; CaCl_1140; MgCl_510; Lysine_1350; Lysozyme_930; Lysozyme_810; BSA_120; Lysine_210; MgCl_270; Lysine_660; BSA_450; CaCl_1290; MgCl_1230; LL37_90; Lysozyme_240; Pep28_990; BSA_930; Pep28_540; MgCl_540; Lysine_1020; Lysozyme_900; MgCl_150; MgCl_450; Lysine_1140; MgCl_960; Lysozyme_630; Lysozyme_690; MgCl_210; Lysine_1080,colsample_bytree=1.0; learning_rate=0.2; max_depth=3; n_estimators=400; subsample=0.8,0.9444444444444444,94.44444444444444,0.4857142857142857,48.57142857142857
138,PR.QM_Chip3_Chan2,XGBoost,72,Caffeine_210; Caffeine_1230; BSA_330; Lysozyme_60; Lysine_870; MgCl_300; Lysine_600; Lysine_690; Pep28_210; LL37_1350; Lysine_930; MgCl_90; Lysozyme_30; Lysozyme_1170; BSA_30; BSA_270; Lysozyme_1110; Lysozyme_720; LL37_1320; CaCl_1260; MgCl_390; CaCl_840; Lysozyme_750; BSA_990; Lysozyme_1320; Lysine_1020; Lysozyme_660; CaCl_90; Caffeine_1140; Caffeine_510; BSA_930; CaCl_540; CaCl_210; CaCl_150; CaCl_120; Lysine_1260; MgCl_870; CaCl_600; Pep28_30; CaCl_60; Lysozyme_240; CaCl_900; LL37_540; Caffeine_1020; BSA_420; LL37_840; Caffeine_720; Lysozyme_480; Lysozyme_90; MgCl_180; Caffeine_570; BSA_120; MgCl_1290; Caffeine_1350; BSA_210; Caffeine_690; LL37_300; Lysozyme_1020; Caffeine_330; Lysozyme_1200; CaCl_750; Caffeine_990; Caffeine_1110; LL37_750; Lysine_660; Lysine_750; Lysozyme_690; Caffeine_660; CaCl_990; CaCl_1320; BSA_450; BSA_300,colsample_bytree=0.8; learning_rate=0.2; max_depth=3; n_estimators=400; subsample=0.8,1.0,100.0,1.0,100.0
139,PR.QM_Chip3_Chan3,XGBoost,124,BSA_270; Caffeine_1230; MgCl_390; CaCl_120; Lysozyme_60; MgCl_90; Lysozyme_30; Caffeine_900; Lysine_690; Pep28_210; Caffeine_1050; Lysozyme_1170; CaCl_900; Caffeine_930; Lysine_870; BSA_990; CaCl_840; Lysozyme_1110; Lysozyme_720; LL37_1350; Lysozyme_750; Lysine_930; CaCl_750; LL37_1200; MgCl_300; Lysozyme_660; LL37_540; Caffeine_1020; CaCl_30; Caffeine_210; Lysozyme_480; Lysozyme_1320; Caffeine_1140; CaCl_150; BSA_30; Lysozyme_90; CaCl_60; Caffeine_240; BSA_1020; BSA_90; Lysozyme_1020; LL37_1320; Caffeine_60; BSA_420; Lysine_600; LL37_300; Caffeine_990; Caffeine_690; Lysine_960; CaCl_210; LL37_60; CaCl_540; Lysozyme_300; MgCl_1170; BSA_210; CaCl_1260; CaCl_90; LL37_1080; Caffeine_570; Pep28_1320; LL37_1020; BSA_1230; LL37_30; BSA_330; Caffeine_660; Lysozyme_240; CaCl_810; Lysozyme_960; Lysozyme_840; LL37_330; BSA_300; Lysozyme_1200; Lysozyme_1230; Lysozyme_930; Lysozyme_450; Lysozyme_1080; Caffeine_1200; Lysine_240; MgCl_1290; BSA_450; Lysine_1260; MgCl_870; BSA_180; LL37_180; LL37_510; Caffeine_1350; BSA_1290; Lysozyme_120; MgCl_180; BSA_780; MgCl_1140; Pep28_30; LL37_90; Lysine_750; LL37_150; LL37_900; CaCl_570; CaCl_990; Caffeine_1110; Caffeine_1320; Lysine_660; Lysozyme_900; BSA_120; Caffeine_1260; Lysozyme_510; BSA_480; Caffeine_360; Lysine_780; MgCl_1020; BSA_1080; Lysozyme_1050; Pep28_300; Lysozyme_870; Pep28_480; Lysine_1080; Lysozyme_810; LL37_660; BSA_1110; Lysozyme_390; Caffeine_90; CaCl_930; LL37_1140; CaCl_1140; Caffeine_510,colsample_bytree=0.8; learning_rate=0.2; max_depth=3; n_estimators=400; subsample=0.8,1.0,100.0,1.0,100.0
140,PR.QM_Chip3_Chan4,XGBoost,167,Lysine_870; CaCl_780; Caffeine_210; Caffeine_1230; Lysozyme_60; LL37_1350; Caffeine_480; CaCl_1260; Lysine_60; Lysine_1140; Caffeine_720; MgCl_390; MgCl_90; Lysine_690; Lysozyme_1020; Lysozyme_30; Pep28_210; CaCl_120; Lysozyme_720; Lysozyme_1170; LL37_480; CaCl_840; Lysozyme_1110; MgCl_870; BSA_1230; Lysozyme_1320; Lysozyme_750; Lysozyme_660; LL37_1080; CaCl_900; MgCl_300; LL37_540; Lysine_930; CaCl_30; LL37_30; Lysine_840; Caffeine_1020; Caffeine_420; Lysine_600; Caffeine_60; CaCl_1320; LL37_1020; Caffeine_690; Lysozyme_1260; CaCl_150; MgCl_360; Caffeine_900; Caffeine_1170; Caffeine_1140; CaCl_60; Lysozyme_330; BSA_30; CaCl_750; CaCl_810; LL37_780; Lysozyme_480; BSA_210; LL37_1320; CaCl_210; LL37_60; BSA_420; Caffeine_930; Caffeine_570; Lysozyme_90; Caffeine_990; LL37_1290; Pep28_480; Lysozyme_1080; CaCl_570; MgCl_510; Caffeine_360; BSA_300; Lysozyme_180; LL37_510; MgCl_930; LL37_870; CaCl_1110; Lysozyme_510; LL37_270; Lysine_960; Lysozyme_1200; MgCl_30; Lysozyme_960; CaCl_930; Lysozyme_990; Caffeine_660; BSA_1080; CaCl_510; Lysine_1080; Caffeine_1110; BSA_660; CaCl_90; Lysozyme_120; Lysozyme_1050; LL37_150; CaCl_270; Caffeine_1200; Lysozyme_240; Pep28_540; CaCl_300; LL37_1200; LL37_1050; LL37_300; MgCl_270; LL37_420; Lysine_240; CaCl_540; BSA_1140; BSA_960; LL37_840; Lysine_1170; LL37_900; Lysine_210; Caffeine_150; BSA_90; Lysozyme_840; CaCl_630; Caffeine_390; BSA_690; Caffeine_1320; Caffeine_270; LL37_90; Caffeine_30; Lysine_1260; BSA_120; MgCl_120; CaCl_990; BSA_390; BSA_450; CaCl_1140; Lysozyme_870; Lysine_750; MgCl_420; MgCl_480; MgCl_720; Caffeine_1260; MgCl_1140; BSA_930; Lysozyme_600; BSA_1020; Lysozyme_420; Lysine_570; BSA_600; Pep28_300; Pep28_30; Lysozyme_210; LL37_390; Lysine_660; BSA_1170; Caffeine_1350; Caffeine_810; Caffeine_510; Pep28_180; Lysine_450; BSA_180; Lysine_270; Pep28_1110; LL37_180; Caffeine_630; Pep28_360; Pep28_1320; Lysine_780; Pep28_270; BSA_1290; LL37_210; Lysozyme_780; Lysozyme_540,colsample_bytree=0.8; learning_rate=0.2; max_depth=5; n_estimators=400; subsample=0.8,1.0,100.0,1.0,100.0
141,PR.QM_Chip4_Chan1,XGBoost,111,Caffeine_210; Lysozyme_60; Caffeine_1230; MgCl_1110; Lysozyme_450; Pep28_30; CaCl_900; Lysine_870; Lysozyme_30; Pep28_210; Lysine_930; MgCl_90; BSA_600; Lysozyme_1170; MgCl_390; Caffeine_690; BSA_30; LL37_1320; Lysozyme_660; Lysozyme_1020; Lysozyme_90; BSA_990; Lysozyme_720; CaCl_120; Lysine_690; CaCl_840; BSA_330; Lysozyme_750; LL37_540; CaCl_210; CaCl_150; LL37_900; Caffeine_1020; Caffeine_660; Caffeine_990; Lysozyme_960; Lysozyme_480; CaCl_570; CaCl_60; Caffeine_510; Lysozyme_840; CaCl_750; Lysozyme_1200; CaCl_1320; CaCl_90; BSA_390; LL37_60; Caffeine_900; Caffeine_60; MgCl_870; Lysozyme_1260; Lysine_600; BSA_450; CaCl_540; Lysine_840; CaCl_300; Lysine_480; BSA_1140; MgCl_300; BSA_300; Lysine_30; CaCl_930; LL37_1020; Lysozyme_1110; Caffeine_1140; Lysine_60; BSA_240; Caffeine_930; Caffeine_570; Lysozyme_120; Lysine_1320; Lysine_750; Caffeine_720; Lysine_1020; CaCl_30; LL37_510; BSA_90; LL37_1350; CaCl_810; Caffeine_30; LL37_180; BSA_1230; BSA_210; LL37_1230; Caffeine_1320; Caffeine_1200; BSA_480; Lysozyme_1080; Lysine_240; MgCl_270; Caffeine_120; BSA_1290; Lysozyme_240; MgCl_330; Pep28_750; Caffeine_390; LL37_780; CaCl_1200; CaCl_990; CaCl_270; BSA_1200; Pep28_360; Pep28_180; BSA_360; LL37_1080; BSA_1110; MgCl_210; Lysozyme_180; Lysine_150; Lysozyme_1320; Pep28_480,colsample_bytree=1.0; learning_rate=0.2; max_depth=5; n_estimators=400; subsample=0.8,1.0,100.0,1.0,100.0
142,PR.QM_Chip4_Chan2,XGBoost,85,Pep28_210; Lysozyme_1110; Caffeine_210; Lysine_870; Caffeine_1230; Lysine_690; Caffeine_1050; Lysozyme_60; Lysozyme_30; BSA_330; Lysozyme_1020; Lysozyme_1170; Lysozyme_660; MgCl_390; MgCl_300; Lysine_1170; Lysozyme_720; CaCl_900; CaCl_840; CaCl_120; Caffeine_900; MgCl_90; LL37_1200; Lysozyme_750; CaCl_30; BSA_270; Pep28_420; Pep28_30; Caffeine_1020; LL37_540; CaCl_60; LL37_1350; Lysozyme_1320; MgCl_930; Lysozyme_810; MgCl_870; Caffeine_60; CaCl_540; Caffeine_360; Lysozyme_90; Lysine_1260; LL37_60; CaCl_750; Lysozyme_1080; MgCl_690; BSA_990; Lysozyme_480; Caffeine_690; BSA_1230; Pep28_1320; CaCl_150; BSA_450; CaCl_1260; LL37_900; Lysozyme_240; BSA_30; LL37_270; Caffeine_930; Lysine_930; Caffeine_330; CaCl_210; Caffeine_990; Lysine_30; Pep28_840; BSA_420; Lysine_1290; BSA_300; BSA_1140; CaCl_810; Caffeine_1200; Caffeine_1110; CaCl_630; Lysine_750; CaCl_990; LL37_180; Caffeine_660; MgCl_360; Caffeine_1170; Caffeine_570; Lysine_450; BSA_1290; Lysine_240; BSA_1020; LL37_480; MgCl_1170,colsample_bytree=1.0; learning_rate=0.2; max_depth=5; n_estimators=400; subsample=0.8,1.0,100.0,1.0,100.0
143,PR.QM_Chip4_Chan3,XGBoost,117,Lysozyme_60; Caffeine_1230; Caffeine_480; Lysozyme_720; Lysine_690; Lysozyme_30; CaCl_840; Lysozyme_1170; Lysine_360; Lysine_870; Caffeine_210; MgCl_90; MgCl_390; Lysine_960; CaCl_900; Lysozyme_750; Lysozyme_660; Pep28_210; LL37_270; LL37_1320; Lysozyme_1320; MgCl_300; CaCl_210; CaCl_540; LL37_540; CaCl_1260; CaCl_120; Caffeine_240; CaCl_150; CaCl_30; CaCl_390; Caffeine_1140; LL37_1020; Lysozyme_1080; Caffeine_60; Lysozyme_1020; Caffeine_990; Lysozyme_240; Lysine_930; CaCl_1320; Caffeine_930; CaCl_60; BSA_30; Lysozyme_90; Caffeine_660; BSA_300; CaCl_930; Lysozyme_480; LL37_60; Lysozyme_1110; Pep28_510; CaCl_360; CaCl_750; LL37_1350; Lysozyme_630; BSA_210; BSA_600; BSA_150; Lysozyme_960; BSA_1290; Caffeine_1110; LL37_150; BSA_1230; Lysozyme_990; LL37_180; Lysine_750; Caffeine_1350; Caffeine_1200; Lysozyme_120; BSA_780; LL37_1230; Pep28_30; Lysine_1080; Lysine_780; MgCl_30; BSA_1080; MgCl_870; Caffeine_690; Caffeine_360; Lysine_1260; LL37_1260; LL37_780; Pep28_750; LL37_660; Lysine_180; CaCl_270; CaCl_570; BSA_1140; Caffeine_570; BSA_1110; BSA_390; MgCl_1140; BSA_960; Lysozyme_390; MgCl_330; CaCl_990; Lysine_570; LL37_900; Lysozyme_1200; Lysine_390; Lysozyme_1260; MgCl_270; LL37_330; BSA_90; CaCl_90; CaCl_1080; LL37_240; LL37_1110; Lysine_600; Lysine_240; Pep28_1320; CaCl_810; Lysine_900; CaCl_660; BSA_420; Lysozyme_510; Pep28_1020,colsample_bytree=0.8; learning_rate=0.1; max_depth=3; n_estimators=400; subsample=0.8,1.0,100.0,1.0,100.0
144,PR.QM_Chip4_Chan4,XGBoost,69,Lysine_690; Caffeine_210; Lysozyme_30; Caffeine_1230; MgCl_90; Lysozyme_1110; Lysine_930; MgCl_390; Lysozyme_60; Pep28_210; Caffeine_900; Lysozyme_1170; BSA_630; Lysozyme_750; Lysozyme_720; Caffeine_1050; CaCl_1320; CaCl_900; BSA_270; LL37_1200; CaCl_270; CaCl_120; CaCl_840; CaCl_60; Lysine_870; Caffeine_1170; Lysozyme_1320; MgCl_870; CaCl_1260; LL37_1350; BSA_30; LL37_780; Lysine_1260; Lysine_480; MgCl_300; Lysozyme_480; LL37_540; CaCl_210; LL37_60; Lysozyme_990; CaCl_30; CaCl_780; Caffeine_690; Caffeine_930; CaCl_150; Pep28_120; BSA_90; Lysine_30; Lysine_1350; BSA_960; Pep28_1320; BSA_600; Caffeine_1020; BSA_210; Lysozyme_120; Caffeine_660; Caffeine_60; BSA_1200; Caffeine_510; CaCl_750; Lysine_750; Caffeine_1140; Lysine_180; BSA_930; Caffeine_990; BSA_420; LL37_30; Caffeine_570; Caffeine_1110,colsample_bytree=0.8; learning_rate=0.2; max_depth=3; n_estimators=200; subsample=0.8,0.8888888888888888,88.88888888888889,0.4705882352941176,47.05882352941176
